yahoo_ticker,pe_ratio,roe,debt_to_equity,revenue_growth,momentum_3m,momentum_6m,momentum_12m,rsi,dist_sma200,z_pe_ratio,z_roe,z_debt_to_equity,z_revenue_growth,z_momentum_3m,z_momentum_6m,z_momentum_12m,z_rsi,z_dist_sma200,z_pe_ratio_adj,z_debt_to_equity_adj,n_factores_disponibles,score,factores_faltantes,score_ajustado,nombre,sector,pais
ASML.AS,62.732285,0.53942,9.092,0.213,0.3040701467952769,0.3584349716997508,1.653544664525446,46.02969958008276,0.3487094146151857,1.947292727789248,1.831050141487988,-0.2386831978045961,0.4401108860307042,1.9730533234109888,1.0392431927743564,2.884366218869338,-0.4832611507087069,1.9386221922779856,-1.947292727789248,0.2386831978045961,9,0.8793972526842224,0,0.8793972526842224,ASML HOLDING NV,Tecnología de la Información,Holanda
HSBA.L,16.40652,0.11611,,0.033,0.0290689518465432,0.0928757086388676,0.4152925272229297,46.67449790250306,0.0950805578080831,-0.390137348728313,-0.1907317350662885,,-0.1636610648149501,-0.0705923155781133,0.0522496115286587,0.4208309418338953,-0.4369851744472898,0.2387881051087003,0.390137348728313,,8,0.0300044646616157,1,-0.0199955353383843,HSBC HOLDINGS PLC,Financieros,Reino Unido
NOVN.SW,22.21947,0.34929,120.734,-0.007,0.0832041670031771,0.134137766142266,0.3883285368735587,51.84466278308814,0.1103330522518792,-0.0968369755279404,0.9229653143181488,-0.0242916407061287,-0.2978326094473179,0.3317084685738103,0.2056066642461466,0.3671853720551694,-0.0659320575850972,0.3410111340507241,0.0968369755279404,0.0242916407061287,9,0.2139823224939614,0,0.2139823224939614,NOVARTIS AG,Cuidado de la Salud,Suiza
ROP.SW,20.797508,0.37273997,87.637,-0.004,0.0469734972354269,-0.010797077946869,0.3317673213534171,52.94118927022821,0.0518291687198784,-0.1685840205355095,1.0349653245984196,-0.0878494179341251,-0.2877697435998902,0.0624636375383667,-0.3330669228319515,0.2546553423881733,0.0127636088341969,-0.0510850048169096,0.1685840205355095,0.0878494179341251,9,0.1054844089533377,0,0.1054844089533377,ROCHE PS PAR AG,Cuidado de la Salud,Suiza
NESN.SW,24.011396,0.26534,175.002,-0.022,0.1204883460392043,0.1886380170593415,0.1445227080994093,57.50001283790277,0.0997794608661521,-0.0064228889544363,0.5220095406848033,0.0799218364854266,-0.3481469386844557,0.6087823551235415,0.4081655854128359,-0.1178727528921586,0.3399418967767361,0.2702804033075784,0.0064228889544363,-0.0799218364854266,9,0.1788512380219878,0,0.1788512380219878,NESTLE SA,Productos básicos de consumo,Suiza
AZN.L,24.83499,0.23482999,71.815,0.125,-0.0318142734307824,-0.0049052489724005,0.2510945945628249,46.12732429877088,-0.020971707371073,0.0351326770775418,0.3762898901414904,-0.1182331732987007,0.1449334878394954,-0.523040305299733,-0.3111689957456551,0.0941548252833017,-0.4762548062325277,-0.5390003481774811,-0.0351326770775418,0.1182331732987007,9,-0.1278873062188834,0,-0.1278873062188834,ASTRAZENECA PLC,Cuidado de la Salud,Reino Unido
SHELL.AS,13.549645,0.10697,43.324,0.007,0.0122243825651096,0.2583188167919581,0.2942903033462394,88.93719649447168,0.1162883632388596,-0.5342848992296617,-0.2343855262635343,-0.1729458249288438,-0.2508725688259891,-0.1957711554703149,0.667145450319269,0.1800938268797863,2.596130093973849,0.3809239450092264,0.5342848992296617,0.1729458249288438,9,0.4278327544200887,0,0.4278327544200887,SHELL PLC,Energía,Reino Unido
SIE.DE,27.93905,0.12593001,76.352,-0.0,0.109901399633463,0.0693538764021395,0.2116525821448447,47.005428362070255,0.103546260373228,0.1917522861291161,-0.1438301304607234,-0.1095205517534422,-0.2743525891366535,0.5301064538921377,-0.0351730494969752,0.0156839015822223,-0.4132349109018942,0.2955256939352521,-0.1917522861291161,0.1095205517534422,9,-0.0119451516624786,0,-0.0119451516624786,SIEMENS N AG,Industriales,Alemania
SAN.MC,13.529546,0.12886,,0.046,0.1639980684918907,0.130497094524852,0.6034987307292417,43.50649819792668,0.1747845771819225,-0.5352990218697935,-0.1298361291839162,,-0.1200553128094307,0.9321207848370382,0.1920755244305222,0.7952721462761184,-0.664346620697443,0.7729686818839032,0.5352990218697935,,8,0.2891872620758232,1,0.2391872620758232,BANCO SANTANDER SA,Financieros,España
TTE.PA,12.2989855,0.12512,51.304,0.034,-0.0413198504779357,0.2965319535157118,0.4924573746294622,78.079856461129,0.1275706627756103,-0.5973886414081754,-0.1476988402427454,-0.1576214431939611,-0.160306776199141,-0.5936801113635253,0.809170700091717,0.5743524404094371,1.81691899466582,0.4565385165357188,0.5973886414081754,0.1576214431939611,9,0.3900338898332686,0,0.3900338898332686,TOTALENERGIES,Energía,Francia
ALV.DE,13.660743,0.18706,,0.088,0.1304815716218541,0.1918942670314622,0.2771528316345137,61.98083534346418,0.1536001478326196,-0.5286792971065031,0.148134401196795,,0.0208248090545553,0.6830460756329154,0.4202679605451158,0.1459983750334402,0.6615221935750598,0.6309895097246332,0.5286792971065031,,8,0.4049328277336272,1,0.3549328277336273,ALLIANZ,Financieros,Alemania
SU.PA,33.726475,0.15613,81.411,0.042,-0.0126205480380484,0.1776143773268199,0.148703662449755,40.32756530034315,0.0660531988581902,0.4837647604096735,0.000408825515087,-0.0998055082450749,-0.1334724672726674,-0.3804039316573286,0.3671944608037522,-0.109554633969958,-0.8924927218737452,0.044245201652517,-0.4837647604096735,0.0998055082450749,9,-0.1653371687741046,0,-0.1653371687741046,SCHNEIDER ELECTRIC,Industriales,Francia
UBSG.SW,18.845133,0.1016,,0.138,0.2693340158554256,0.1865748036526568,0.5225996670807092,63.537897685384486,0.2590342228976041,-0.2670937816941428,-0.260033322623404,,0.1885392398450149,1.7149150177799342,0.400497321968864,0.6343213260243903,0.7732696616853794,1.3376142881540527,0.2670937816941428,,8,0.6320271643160468,1,0.5820271643160467,UBS GROUP AG,Financieros,Suiza
NOVO B.CO,,,,,,,,,,,,,,,,,,,,,0,,9,,NOVO NORDISK CLASS B,Cuidado de la Salud,Dinamarca
ABBN.SW,36.763634,0.32575,55.751,0.142,0.0873315852216771,0.3668437830445223,0.5714768679149054,38.39662297845162,0.181009152385684,0.6370087876538216,0.810535309418459,-0.1490816530216525,0.2019563943082516,0.3623809907208296,1.0704958884157536,0.7315638058638344,-1.0310728607218298,0.8146861159436629,-0.6370087876538216,0.1490816530216525,9,0.274735389924088,0,0.274735389924088,ABB LTD,Industriales,Suiza
SAP.DE,21.86218,0.16350001,17.331,0.06,-0.0172882448361249,-0.2716627263283182,-0.4443739453719836,39.9509698507591,-0.2225062882684272,-0.1148645330229751,0.0356089215393336,-0.2228614457853356,-0.073095272188102,-0.4150914834961147,-1.302615932541917,-1.2894981728291142,-0.9195202768147914,-1.8896958276482747,0.1148645330229751,0.2228614457853356,9,-0.6129091183522966,0,-0.6129091183522966,SAP,Tecnología de la Información,Alemania
RR..L,,,,,,,,,,,,,,,,,,,,,0,,9,,ROLLS-ROYCE HOLDINGS PLC,Industriales,Reino Unido
IBE.MC,26.65,0.09969,94.885,-0.045,0.0855085300319256,0.1801183845151794,0.4354340705325008,57.4244820049485,0.1361456972943218,0.1267114985644645,-0.269155723190881,-0.0739307313659008,-0.425295576848067,0.3488331267238503,0.3765010050147042,0.4609030733346408,0.3345211893845748,0.51400885392972,-0.1267114985644645,0.0739307313659008,9,0.1430594645722198,0,0.1430594645722198,IBERDROLA SA,Servicios,España
BBVA.MC,12.401098,0.19042999,,0.119,0.2095391146508702,0.0933585369601399,0.8222242686151477,57.31130526472999,0.1865145761646134,-0.5922364150242528,0.164229897892288,,0.1248077561446402,1.2705548065333814,0.0540441204019198,1.2304323711914733,0.3263987052502526,0.8515837589072708,0.5922364150242528,,8,0.5767859789181848,1,0.5267859789181848,BANCO BILBAO VIZCAYA ARGENTARIA SA,Financieros,España
ENR.DE,62.505928,0.23313999,33.549,0.033,-0.1344639027390778,0.1555979001744802,0.6411352380373556,45.42857827945258,0.1069016190056348,1.935871574575042,0.3682182372833563,-0.1917172323797809,-0.1636610648149501,-1.285871417065823,0.2853666933196261,0.8701509699540855,-0.5264025083564423,0.3180134859390648,-1.935871574575042,0.1917172323797809,9,-0.2087044384373715,0,-0.2087044384373715,SIEMENS ENERGY N AG,Industriales,Alemania
UCG.MI,11.364512,0.16984,,0.064,0.2758728820882643,0.1625344468501106,0.4842951287518022,61.10069365915943,0.2026939364171176,-0.6445387848458204,0.0658895123109556,,-0.0596781177248652,1.7635079901238002,0.3111474812535373,0.558113437016108,0.5983560619748889,0.9600186917931424,0.6445387848458204,,8,0.6052367301991735,1,0.5552367301991734,UNICREDIT,Financieros,Italia
MC.PA,21.891582,0.16236,53.342,-0.047,0.0238984789954572,-0.1832188664046193,0.0042076055938986,48.92396033037781,-0.1013994202646141,-0.1133810147451923,0.0301640901932973,-0.1537077727709422,-0.4320041540796854,-0.1090162005928793,-0.973900145944516,-0.3970333491146704,-0.2755454400470079,-1.0780311574102155,0.1133810147451923,0.1537077727709422,9,-0.3298086188310603,0,-0.3298086188310603,LVMH,Consumo discrecional,Francia
SAF.PA,18.79511,0.55648,34.448,0.125,0.1732512481623362,0.069729033965378,0.1795931644329429,29.0064228748833,0.0655465138593758,-0.2696177608387427,1.9125308502215776,-0.1899908389988712,0.1449334878394954,1.0008849234212869,-0.0337787162600011,-0.0480991552890047,-1.704990056181642,0.0408493718432253,0.2696177608387427,0.1899908389988712,9,0.1968821450480612,0,0.1968821450480612,SAFRAN SA,Industriales,Francia
ULVR.L,20.325891,0.30955,160.789,,0.0295527096410455,-0.0938875815743993,-0.077064285484913,46.23064495367807,-0.0613982775695097,-0.192380103781992,0.7331620690032095,0.0526279219994758,,-0.0669973148100408,-0.6418861023912913,-0.5587259193695443,-0.4688396750084692,-0.8099413716703585,0.192380103781992,-0.0526279219994758,8,-0.2091845165579973,1,-0.2591845165579973,UNILEVER PLC,Productos básicos de consumo,Reino Unido
AIR.PA,30.742496,0.19748,55.655,-0.066,0.154495689591811,-0.0436406506048709,0.0972657957988258,44.0766449407348,0.0352316051447296,0.3332040030795614,0.1979016336120357,-0.1492660064861323,-0.4957356377800601,0.8615047455038634,-0.4551353267919095,-0.2118916259706836,-0.6234282494512552,-0.1623227586126246,-0.3332040030795614,0.1492660064861323,9,-0.1192272462315625,0,-0.1192272462315625,AIRBUS GROUP,Industriales,Francia
CFR.SW,36.524956,0.14961,55.981,0.042,0.2637150416114064,0.2620954379790616,0.3919647836219988,69.17902294365528,0.2184860705825537,0.6249659614683705,-0.030731515689075,-0.1486399728463363,-0.1334724672726674,1.6731581366452084,0.6811818685089561,0.3744197808406872,1.178122728857688,1.065858414849479,-0.6249659614683705,0.1486399728463363,9,0.481356773124249,0,0.481356773124249,COMPAGNIE FINANCIERE RICHEMONT SA,Consumo discrecional,Suiza
BATS.L,13.194842,0.15824,72.842,0.001,0.0062761874372043,0.0003724050982032,0.1104858939038775,47.42039022750259,-0.0003087377563819,-0.5521869717251436,0.0104864512728757,-0.1162609752984846,-0.2709983005208443,-0.239974610787176,-0.2915537481670877,-0.1855898922069829,-0.3834538696577719,-0.4005160268925876,0.5521869717251436,0.1162609752984846,9,-0.1214613388817718,0,-0.1214613388817718,BRITISH AMERICAN TOBACCO,Productos básicos de consumo,Reino Unido
AI.PA,31.920433,0.13357,50.657,-0.034,0.0562428039393343,0.2622504844004831,0.1557884954402726,50.56948294389748,0.1376437221963757,0.3926384316754597,-0.1073405759520752,-0.1588639087306114,-0.388398402074166,0.1313476226622283,0.681758123394492,-0.0954591719245084,-0.1574493427820019,0.5240486964933618,-0.3926384316754597,0.1588639087306114,9,0.0394147140969424,0,0.0394147140969424,LAIR LIQUIDE SOCIETE ANONYME POUR,Materials,Francia
BNP.PA,9.920754,0.09575,,0.093,0.1948538724259443,0.2213610452723553,0.4148899614973391,61.1656402090547,0.2429218465090517,-0.7173855769584351,-0.2879736594400219,,0.0375962521336012,1.1614228035394911,0.5297859666147593,0.4200300267080969,0.6030171550588992,1.2296282846868165,0.7173855769584351,,8,0.5513615507825097,1,0.5013615507825097,BNP PARIBAS SA,Financieros,Francia
ZURN.SW,16.123625,0.25221002,58.818,0.095,0.0951366227605006,0.1457866001745271,0.1717616075816725,64.30972902101496,0.1238451894949033,-0.4044112043569559,0.4592991024633576,-0.1431919439012408,0.0443048293652196,0.4203833966061434,0.2489014237145906,-0.0636802441448196,0.8286625610207652,0.4315701964750384,0.4044112043569559,0.1431919439012408,9,0.3241160459731657,0,0.3241160459731657,ZURICH INSURANCE GROUP AG,Financieros,Suiza
BP..L,,,,,,,,,,,,,,,,,,,,,0,,9,,BP PLC,Energía,Reino Unido
ISP.MI,11.79074,0.14007,,0.06,0.1599507692521495,0.126809363443427,0.3839253774465163,70.27320410965686,0.1470640309703881,-0.6230328659116393,-0.0762957572669442,,-0.073095272188102,0.9020436593811914,0.178369480571332,0.3584251702738418,1.25665007594122,0.5871841069009589,0.6230328659116393,,8,0.4695392911906421,1,0.4195392911906421,INTESA SANPAOLO,Financieros,Italia
DTE.DE,14.740332,0.14428,161.874,0.004,-0.0316019185446452,0.0251195965210737,-0.0969664572652322,77.11669921235652,-0.0518409146661947,-0.4742071518785177,-0.0561882670108824,0.0547115002178151,-0.2609354346734167,-0.5214622098407176,-0.1995768432506437,-0.5983218149011642,1.7477949904145282,-0.7458874171991688,0.4742071518785177,-0.0547115002178151,9,-0.0238979272000847,0,-0.0238979272000847,DEUTSCHE TELEKOM N AG,Comunicación,Alemania
GSK.L,13.330987,0.40905997,109.7,0.015,-0.0589108811859341,0.0556085565663371,0.3655510571899669,46.24532204030048,-0.0082138237476602,-0.5453175888284449,1.2084342191590285,-0.0454807670297747,-0.2240382598995156,-0.7244062094753031,-0.0862597346072432,0.3218689756347063,-0.4677863278012746,-0.4534963336255827,0.5453175888284449,0.0454807670297747,9,0.018346076138115,0,0.018346076138115,GLAXOSMITHKLINE,Cuidado de la Salud,Reino Unido
OR.PA,33.0786,0.18003,34.042,0.01,0.025884943626586,-0.0043154140595795,0.0290334954406841,47.74126113390008,0.0294293504655529,0.4510753377779303,0.1145582357573379,-0.1907705005257336,-0.2408097029785616,-0.0942539746281189,-0.3089767797173428,-0.3476415866626504,-0.3604255615323817,-0.2012097780561704,-0.4510753377779303,0.1907705005257336,9,-0.1887848872300094,0,-0.1887848872300094,LOREAL SA,Productos básicos de consumo,Francia
IFX.DE,82.36585,0.0631,47.645,,0.2641050491148544,0.5958423409236753,0.8959113220563788,32.01512394361171,0.3752261519114672,2.937931205972231,-0.4439141717584106,-0.1646479986786648,,1.6760564409007337,1.9216057466677212,1.3770347069715885,-1.4890611767274238,2.11633877588824,-2.937931205972231,0.1646479986786648,8,0.2980971393311103,1,0.2480971393311103,INFINEON TECHNOLOGIES AG,Tecnología de la Información,Alemania
RIO.L,14.691975,0.16399999,35.432,0.146,0.0013548299688388,0.1242353715700528,0.5668378859485601,52.60057147901637,0.1212214734982011,-0.4766470707057657,0.0379968889925939,-0.1881012159879533,0.2153735487714883,-0.2765472181535062,0.1688028270570973,0.7223344289224638,-0.0116818964846908,0.4139859123269704,0.4766470707057657,0.1881012159879533,9,0.2150014197917928,0,0.2150014197917928,RIO TINTO PLC,Materials,Reino Unido
SAN.PA,19.381313,0.06576,27.372,0.06,-0.0081472915061626,0.0167236774819046,-0.0471873829255442,65.6904206457742,-0.0040826898171548,-0.2400400836402157,-0.4312096767272647,-0.2035792256099025,-0.073095272188102,-0.3471613444563088,-0.2307816225711023,-0.499285033942206,0.9277522308137456,-0.4258092543155364,0.2400400836402157,0.2035792256099025,9,-0.0706634071262951,0,-0.0706634071262951,SANOFI SA,Cuidado de la Salud,Francia
BARC.L,12.148838,0.09552,,0.039,0.0227540527177663,-0.0968145267447845,0.2104788960879966,42.2073866917352,-0.022902354827499,-0.6049645396672527,-0.2890721684088804,,-0.143535333120095,-0.1175208973524103,-0.6527645634268076,0.0133488222247106,-0.7575814371215827,-0.5519396501088681,0.6049645396672527,,8,-0.2367625859558351,1,-0.2867625859558351,BARCLAYS PLC,Financieros,Reino Unido
INGA.AS,13.269405,0.16565001,,0.029,0.2074135566331998,0.2180229399219841,0.5159581906137933,65.62501241764068,0.218278388187106,-0.5484247931880946,0.0458775923351845,,-0.1770782192781869,1.2547589210862642,0.5173793628444253,0.6211079334729421,0.923058003941308,1.0644665163899296,0.5484247931880946,,8,0.5997493629974952,1,0.5497493629974951,ING GROEP NV,Financieros,Holanda
ENEL.MI,25.91842,0.10637999,139.941,-0.067,0.0231265923432857,0.1195153847570693,0.3259255518862838,56.41641561491835,0.0900878608451813,0.0897986252340681,-0.2372034883362134,0.0125924946299478,-0.4990899263958693,-0.1147524039966439,0.1512602392584899,0.2430329879992339,0.2621741395971843,0.2053267845346714,-0.0897986252340681,-0.0125924946299478,9,-0.0101825319114625,0,-0.0101825319114625,ENEL,Servicios,Italia
LLOY.L,14.156251,0.10784,,0.115,0.0048072132232852,-0.0333165919686494,0.2434034215020843,42.869869317510535,-0.0009989255859611,-0.5036777606536229,-0.2302302966856783,,0.1113906016814035,-0.2508911551557301,-0.4167643074988686,0.0788530336803449,-0.7100362913015582,-0.4051417024329714,0.5036777606536229,,8,-0.1648927946324294,1,-0.2148927946324294,LLOYDS BANKING GROUP PLC,Financieros,Reino Unido
CS.PA,13.096491,0.13415,113.518,0.032,0.1456554205048215,0.2354169007373965,0.1190942591295074,68.1671938955117,0.1619216623778432,-0.5571494064621756,-0.1045704229001712,-0.0381488761195263,-0.1670153534307593,0.7958091132703949,0.5820268071827357,-0.1684633226077226,1.105505640096121,0.6867607427732612,0.5571494064621756,0.0381488761195263,9,0.3694834985517291,0,0.3694834985517291,AXA SA,Financieros,Francia
NG..L,,,,,,,,,,,,,,,,,,,,,0,,9,,NATIONAL GRID PLC,Servicios,Reino Unido
ABI.BR,22.548897,,75.033,0.12,0.1743127946565199,0.225782975700699,0.2234278005018726,52.410892581665976,0.1702973771831897,-0.0802152839527026,,-0.112053491541451,0.1281620447604494,1.008773706827581,0.546220780069147,0.039111008989061,-0.0252947981407172,0.7428952288477879,0.0802152839527026,0.112053491541451,8,0.3290170933559329,1,0.2790170933559329,ANHEUSER-BUSCH INBEV SA,Productos básicos de consumo,Bélgica
DG.PA,13.677829,0.15433,118.763,0.052,-0.0961465533010271,0.0376167082357765,-0.0091492437600341,34.316332391351764,-0.0323828307644654,-0.5278171995181011,-0.0081882011977184,-0.0280766477737294,-0.0999295811145755,-1.0011196213825644,-0.1531293237615788,-0.4236071530938373,-1.323907726730114,-0.6154783040424786,0.5278171995181011,0.0280766477737294,9,-0.3410517848923374,0,-0.3410517848923374,VINCI SA,Industriales,Francia
BA..L,,,,,,,,,,,,,,,,,,,,,0,,9,,BAE SYSTEMS PLC,Industriales,Reino Unido
INVE B.ST,,,,,,,,,,,,,,,,,,,,,0,,9,,INVESTOR CLASS B,Financieros,Suecia
MUV2.DE,9.618993,0.19848,21.718,-0.06,-0.0601050261292291,0.0260090448497902,-0.0932778143810459,56.60640113954988,-0.010997616866907,-0.7326113425193496,0.2026777595635943,-0.2144368765283268,-0.475609906085205,-0.733280385844394,-0.1962710659217932,-0.5909831626220133,0.2758090473228449,-0.4721534631623923,0.7326113425193496,0.2144368765283268,9,-0.1158625508557424,0,-0.1158625508557424,MUENCHENER RUECKVERSICHERUNGS-GESE,Financieros,Alemania
NWG.L,9.7,0.14072,,0.075,-0.0238178257622283,-0.1249236403737105,0.0899973334628765,41.73137915516175,-0.067570971025334,-0.7285240231149435,-0.073191275398431,,-0.0227809429509641,-0.4636154529521215,-0.7572365912765585,-0.226352423440755,-0.7917436126372477,-0.8513110914961943,0.7285240231149435,,8,-0.3072134208796661,1,-0.357213420879666,NATWEST GROUP PLC,Financieros,Reino Unido
DBK.DE,9.832278,0.08653,,0.012,0.1798354457817417,-0.0382928230204299,0.216244681914185,58.33890761176449,0.0709045377820494,-0.7218497550124827,-0.3320095407133924,,-0.2341011257469432,1.0498147717212143,-0.4352592680974632,0.0248200051564755,0.400147814334547,0.0767591331309796,0.7218497550124827,,8,0.1590026930997375,1,0.1090026930997375,DEUTSCHE BANK AG,Financieros,Alemania
ITX.MC,26.915422,0.33955002,31.815,0.058,0.0266645322860947,-0.0060222574628423,0.2883408719202021,41.6666605059797,0.0352043180189247,0.1401037299883697,0.876445943072487,-0.1950471168319471,-0.0798038494197204,-0.088460534477768,-0.3153205369028177,0.1682572761848082,-0.7963883497109698,-0.1625056383809916,-0.1401037299883697,0.1950471168319471,9,-0.0380924780879327,0,-0.0380924780879327,INDUSTRIA DE DISENO TEXTIL SA,Consumo discrecional,España
RMS.PA,39.029488,0.25207,12.268,0.039,0.001194743130227,-0.20558967836483,-0.2901935417697185,61.70520231213873,-0.113864667955672,0.7513355621517196,0.4586303493076205,-0.2325841706880563,-0.143535333120095,-0.277736888509846,-1.057044855556548,-0.9827521944783848,0.6417405236001734,-1.1615739103800944,-0.7513355621517196,0.2325841706880563,9,-0.337891522288982,0,-0.337891522288982,HERMES INTERNATIONAL,Consumo discrecional,Francia
GLEN.L,,0.0034599998,125.35,0.143,0.0098654669240463,0.1486279830472496,0.7446056882580372,53.34640239376114,0.1740655813722535,,-0.7287623244645915,-0.0154273116223921,0.2053106829240608,-0.2133012162524175,0.2594618787516858,1.0760081589468582,0.0418450010050678,0.7681499337288513,,0.0154273116223921,8,0.1780174282827384,1,0.1280174282827383,GLENCORE PLC,Materials,Reino Unido
NDA FI.HE,,,,,,,,,,,,,,,,,,,,,0,,9,,NORDEA BANK,Financieros,Finlandia
GLE.PA,10.965909,0.08884,,0.002,0.1178872897073857,0.1019219354912825,0.5477802962207321,49.97052993515687,0.1546784691637386,-0.6646508464769695,-0.320976689765292,,-0.2676440119050351,0.5894528484634811,0.0858713641081537,0.6844188516539688,-0.2004350861538923,0.6382164766346005,0.6646508464769695,,8,0.2341943249391193,1,0.1841943249391193,SOCIETE GENERALE SA,Financieros,Francia
DHL.DE,18.485437,0.15564999,121.823,-0.019,0.2381719358052731,0.2696889511238327,0.5223893084068516,64.92246593480198,0.2378148759847469,-0.2852427372225201,-0.0018837627029205,-0.0222003810934361,-0.3380840728370281,1.4833369367894298,0.7094043776641936,0.6339028118960743,0.8726375496194778,1.1954010966268065,0.2852427372225201,0.0222003810934361,9,0.5402397839302211,0,0.5402397839302211,DEUTSCHE POST AG,Industriales,Alemania
REL.L,21.910715,0.70512,304.059,0.012,0.0007417942744532,-0.0763437212532648,-0.3146699932719854,54.4509747537609,-0.0173116358944019,-0.1124156329613403,2.6224542116612497,0.3277562642496812,-0.2341011257469432,-0.2811029355336049,-0.576681532504904,-1.0314487401300965,0.1211181047540066,-0.5144703544857412,0.1124156329613403,-0.3277562642496812,9,-0.0121747781415971,0,-0.0121747781415971,RELX PLC,Industriales,Reino Unido
NOKIA.HE,67.042854,0.037249997,15.63,0.024,0.0674994563222,0.7094468064854853,1.3320560095273253,32.78800738370984,0.2264562964736101,2.1647884049249466,-0.5673770419345786,-0.2261279587340869,-0.1938496623572329,0.2150003811753259,2.343834958399823,2.2447560628312595,-1.433592769811331,1.119275292655149,-2.1647884049249466,0.2261279587340869,9,0.1988207527519505,0,0.1988207527519505,NOKIA,Tecnología de la Información,Finlandia
EL.PA,33.32329,0.060700003,36.457,0.094,-0.1156616510009738,-0.3671041111803623,-0.3207204770469418,39.80446588062599,-0.277578827167973,0.4634215076776196,-0.4553768597137734,-0.1861328586849139,0.0409505407494104,-1.1461442432442153,-1.657339142526768,-1.043486337137768,-0.9300345942507228,-2.258794912298578,-0.4634215076776196,0.1861328586849139,9,-0.85861268860168,0,-0.85861268860168,ESSILORLUXOTTICA SA,Cuidado de la Salud,Francia
ENGI.PA,17.900663,0.1154,135.163,-0.066,-0.0121652079036023,0.1854017505156773,0.4406865021572526,54.54545454545451,0.1144563549452213,-0.3147483122640867,-0.1941227844918951,0.0034170690749015,-0.4957356377800601,-0.3770201140699503,0.3961374818965804,0.4713529245466733,0.127898743669421,0.3686457279928101,0.3147483122640867,-0.0034170690749015,9,0.0676097316614182,0,0.0676097316614182,ENGIE SA,Servicios,Francia
PRX.AS,8.38671,0.22213,32.874,,-0.0764139421265887,-0.2430966583327696,-0.2528568464123184,49.72874951609223,-0.1842666895393866,-0.7947878731601558,0.3156331383179556,-0.1930134676769044,,-0.8544785684954067,-1.1964455605200206,-0.908469854581717,-0.2177872171134042,-1.633412003253896,0.7947878731601558,0.1930134676769044,8,-0.4383948406011786,1,-0.4883948406011786,PROSUS NV CLASS N,Consumo discrecional,Holanda
LSEG.L,36.286922,0.06365,52.973,0.046,-0.0368294635708567,0.0977500024505895,-0.0460291337894399,56.654825061326605,0.0927600979622282,0.6129556291871054,-0.4412873024850534,-0.1544163814000364,-0.1200553128094307,-0.5603102213827323,0.0703657060298404,-0.4969806667455503,0.2792843421192288,0.2232362598118083,-0.6129556291871054,0.1544163814000364,9,-0.1671429381387731,0,-0.1671429381387731,LONDON STOCK EXCHANGE GROUP PLC,Financieros,Reino Unido
VOLV B.ST,,,,,,,,,,,,,,,,,,,,,0,,9,,VOLVO CLASS B,Industriales,Suecia
CPG.L,26.109241,0.26883,113.105,0.107,-0.0606816417992298,0.2617240844635822,0.0902856517117089,41.64261719277705,0.081081838191348,0.0994267607787517,0.5386782202557429,-0.0389419800865071,0.0845562927549299,-0.7375654512223438,0.6798016736254238,-0.2257788066824111,-0.7981138935784463,0.1449679417376638,-0.0994267607787517,0.0389419800865071,9,-0.041548755977965,0,-0.041548755977965,COMPASS GROUP PLC,Consumo discrecional,Reino Unido
DB1.DE,22.484417,0.19205,65.438,0.085,-0.0324465828839733,0.1990429668853572,-0.0134749223421337,61.974398149530025,0.0931599143508166,-0.0834687108811916,0.1719672696950725,-0.1304792362464885,0.0107619432071277,-0.527739253814288,0.4468372497829339,-0.4322132046911588,0.6610602081397241,0.2259158505117272,0.0834687108811916,0.1304792362464885,9,0.0856153344398687,0,0.0856153344398687,DEUTSCHE BOERSE AG,Financieros,Alemania
ARGX.BR,38.51064,,0.644,0.626,0.1103005148716864,0.0886981402002862,0.5099206349206349,37.632790778230365,0.0664207800665506,0.7251563739539428,,-0.2549063026788177,1.8254320843599,0.5330724414261245,0.0367230085905072,0.6090960572248915,-1.0858916769874594,0.046708750460171,-0.7251563739539428,0.2549063026788177,8,0.1868613242248762,1,0.1368613242248762,ARGENX,Cuidado de la Salud,Bélgica
BAYN.DE,,-0.06928,134.269,-0.024,0.1904641745372772,0.0792751637553121,0.6739662374753519,44.842100979989056,0.2558399073757162,,-1.0761777252257398,0.0017002774369335,-0.3548555159160741,1.12880117457411,0.0017010057418002,0.93546910901422,-0.568492893278603,1.3162058156417604,,-0.0017002774369335,8,0.1726188366393175,1,0.1226188366393175,BAYER AG,Cuidado de la Salud,Alemania
BN.PA,25.340425,0.108430006,89.092,-0.005,0.0862537986599778,0.0837075809342968,0.1077250981597202,46.42860116333196,0.0271379675813201,0.0606350939448002,-0.227412353717503,-0.0850553107381033,-0.2911240322156994,0.3543715207729317,0.0181747948864028,-0.1910825681358429,-0.4546327260443994,-0.2165667480098596,-0.0606350939448002,0.0850553107381033,9,-0.1093168772967407,0,-0.1093168772967407,DANONE SA,Productos básicos de consumo,Francia
AAL.L,,-0.02674,65.506,0.175,-0.0284167794316644,0.0627970510978301,0.5643636782989518,47.67956082474082,0.0732937929835058,,-0.8730013272464364,-0.130348652542482,0.3126479186299549,-0.4977921466650637,-0.0595425420694072,0.7174119275643807,-0.3648536779568451,0.092772048559885,,0.130348652542482,8,-0.0677511433301312,1,-0.1177511433301312,ANGLO AMERICAN PLC,Materials,Reino Unido
RHM.DE,43.88889,0.21796,35.86,0.077,-0.282809792751939,-0.4364218753195447,-0.4321403110986069,42.08422815933465,-0.3298443664884413,0.9965233618284136,0.2957166930999561,-0.1872793067921476,-0.0160723657193457,-2.388290012895044,-1.9149697274406552,-1.2651590348693222,-0.7664202959144626,-2.6090813364840875,-0.9965233618284136,0.1872793067921476,9,-1.0526133483621365,0,-1.0526133483621365,RHEINMETALL AG,Industriales,Alemania
ASM.AS,44.83855,0.24936001,1.679,0.028,0.0637780963732637,0.270209474412296,1.1235663607216426,38.913365027002754,0.2719722752818614,1.044439760974022,0.4456870957401561,-0.252918741889895,-0.1804325078939961,0.187345443049802,0.7113389859270747,1.8299604091379544,-0.9939872450485916,1.4243258033231203,-1.044439760974022,0.252918741889895,9,0.2925241072390436,0,0.2925241072390436,ASM INTERNATIONAL NV,Tecnología de la Información,Holanda
STAN.L,13.506411,0.10107,,0.086,0.0772497553374409,0.0265523663156896,0.3950465109738317,45.15965555451523,0.0618966482573339,-0.5364663300582333,-0.2625646693777301,,0.0141162318229369,0.2874588156379528,-0.1942517245769846,0.3805509586652489,-0.5457025921231683,0.0163877784660335,0.5364663300582333,,8,0.0290576410715652,1,-0.0209423589284347,STANDARD CHARTERED PLC,Financieros,Reino Unido
G.MI,15.732342,0.13688,113.746,,0.172729255697158,0.3085920577958236,0.4007289531411364,50.0,0.2041466484230223,-0.4241539253380347,-0.0915315990524161,-0.0377110366413868,,0.9970057852770124,0.8539940113798462,0.3918563271900834,-0.1983200744150525,0.9697548449168972,0.4241539253380347,0.0377110366413868,8,0.423078032159474,1,0.373078032159474,ASSICURAZIONI GENERALI,Financieros,Italia
DSV.CO,54.80801,0.061539996,77.163,0.689,-0.0750662349131586,-0.0952050754892623,0.0377917804379446,47.47728695127095,0.0045332302196408,1.547462552948181,-0.4513649473473459,-0.1079631490483057,2.036752267155879,-0.8444632084898843,-0.6467827797743805,-0.33021674772469,-0.3793704976220413,-0.3680649000049034,-1.547462552948181,0.1079631490483057,9,-0.2692233575230268,0,-0.2692233575230268,DSV,Industriales,Dinamarca
LONN.SW,43.384617,0.10476,58.737,,0.1172699149666656,0.050266657922916,0.0016227072105785,51.86337228587946,0.082705544083105,0.9710795752665348,-0.2449407646164788,-0.1433474921368956,,0.5848648858667008,-0.1061137574417353,-0.4021760726061343,-0.0645893113698397,0.1558501049784391,-0.9710795752665348,0.1433474921368956,8,-0.1131046247898359,1,-0.1631046247898359,LONZA GROUP AG,Cuidado de la Salud,Suiza
HOLN.SW,106.28572,0.02089,57.488,-0.036,0.0582275339424092,-0.0116061039246402,0.2054272043221177,54.99352094794544,0.0412216301155332,4.144841087857401,-0.6455144481736997,-0.1457460075237212,-0.3951069793057843,0.1460969579009748,-0.3360737975985009,0.0032983482549558,0.1600556359630904,-0.1221772926883308,-3.0,0.1457460075237212,9,-0.4492972853470637,0,-0.4492972853470637,HOLCIM LTD AG,Materials,Suiza
ATCO A.ST,,,,,,,,,,,,,,,,,,,,,0,,9,,ATLAS COPCO CLASS A,Industriales,Suecia
CABK.MC,15.9382715,0.1602,,0.027,0.2345914847501418,0.25856002494155,0.7306122271703497,60.99476727348979,0.2466836124762228,-0.4137634696824783,0.0198476581379307,,-0.1837867965098053,1.45672914991855,0.6680419390828216,1.0481677991373932,0.5907539223007251,1.254839840262348,0.4137634696824783,,8,0.6585446227515552,1,0.6085446227515552,CAIXABANK SA,Financieros,España
EOAN.DE,14.706107,0.15358,150.024,-0.134,0.0186071446787354,0.1615536999110105,0.2423289232125245,70.1613043812649,0.1083751400520209,-0.4759340212430888,-0.0117702956613873,0.0319553694460909,-0.7238272636550852,-0.1483382562763747,0.3075023780002712,0.0767152910012073,1.24861924057042,0.3278891023588219,0.4759340212430888,-0.0319553694460909,9,0.1689743164594301,0,0.1689743164594301,E.ON N,Servicios,Alemania
ENI.MI,21.87,0.059109997,67.357,-0.126,-0.0476502590174028,0.3574734578443657,0.6324534477510604,71.77912215214319,0.1425068846249488,-0.1144699641864244,-0.4629709286335074,-0.126794087305481,-0.6969929547286117,-0.64072394987162,1.035669572360572,0.8528783192605809,1.364727012810655,0.5566418697292317,0.1144699641864244,0.126794087305481,9,0.2500547769354673,0,0.2500547769354673,ENI,Energía,Italia
SREN.SW,10.448769,0.19461,30.526,-0.02,-0.0131233589793878,0.11560924420701,-0.0219423258674901,55.03212509181398,0.0390519465798417,-0.6907438551897299,0.1841941521310625,-0.197522446162306,-0.3414383614528373,-0.3841405241026664,0.1367424415890928,-0.4490593272708879,0.1628261835640017,-0.1367186271357093,0.6907438551897299,0.197522446162306,9,0.0067413598526769,0,0.0067413598526769,SWISS RE AG,Financieros,Suiza
BAS.DE,28.21345,0.044109996,66.724,-0.03,-0.0725920171356643,0.0813114941953712,0.1178358082549566,60.892617023609525,0.0437978156687979,0.20559751486946,-0.5346128226830126,-0.1280096679618946,-0.3749812476109292,-0.8260762906736607,0.0092693543298617,-0.1709670438051078,0.5834227888684707,-0.1049115601000124,-0.20559751486946,0.1280096679618946,9,-0.1662716298424395,0,-0.1662716298424395,BASF N,Materials,Alemania
DGE.L,19.115854,0.19716999,177.377,-0.04,0.0080327085283355,-0.1158200297469324,-0.2503030748001461,49.41751057250559,-0.0861064413832005,-0.2534341819499204,0.196420986805793,0.0844826643827131,-0.4085241337690211,-0.2269211887162213,-0.723401562698662,-0.9033890586221932,-0.2401242571835169,-0.9755367996141796,0.2534341819499204,-0.0844826643827131,9,-0.3458360551367548,0,-0.3458360551367548,DIAGEO PLC,Productos básicos de consumo,Reino Unido
RACE.MI,36.19154,0.41968,72.246,0.032,0.0634297646210226,0.140219819157479,-0.2314172306812287,44.00766597419317,0.0405605598003657,0.6081429994213934,1.2591568200483596,-0.11740550305713,-0.1670153534307593,0.1847568482383448,0.2282115894806132,-0.8658151737711643,-0.6283787415775929,-0.1266078210985585,-0.6081429994213934,0.11740550305713,9,-0.0673810364972245,0,-0.0673810364972245,FERRARI NV,Consumo discrecional,Italia
PRY.MI,27.74468,0.22695999,76.23,0.101,0.0628571179448342,0.3575908453485164,1.0840551210069904,36.33473518078919,0.1939176636112856,0.1819450809167958,0.3387017789027242,-0.1097548342812186,0.0644305610600748,0.1805012780663964,1.0361058618417964,1.7513517559047806,-1.1790507128046033,0.9011996446963202,-0.1819450809167958,0.1097548342812186,9,0.3356722134479903,0,0.3356722134479903,PRYSMIAN,Industriales,Italia
STMMI.MI,,0.00908,15.316,0.23,0.3371262630065095,1.3319894681293296,1.05363857746829,39.10122148810354,0.6092711507937563,,-0.701920495661607,-0.2267309481908229,0.4971337924994605,2.2187067568427827,3.0,1.6908372405199656,-0.9805051362524289,3.0,,0.2267309481908229,8,1.1188728882673746,1,1.0688728882673746,STMICROELECTRONICS NV,Tecnología de la Información,Francia
RKT.L,10.09816,0.44175997,109.562,,-0.0125707102451289,-0.2477054066528671,-0.189111767830579,38.63217201892033,-0.1559201745754431,-0.7084343136570158,1.3646135377749953,-0.0457457751349644,,-0.3800335667642747,-1.2135747126237086,-0.781647339931661,-1.0141679442136504,-1.4434321524011515,0.7084343136570158,0.0457457751349644,8,-0.3392577611709338,1,-0.3892577611709338,RECKITT BENCKISER GROUP PLC,Productos básicos de consumo,Reino Unido
SGO.PA,12.795847,0.11723,72.038,-0.021,-0.0189883777207496,-0.0972101593510944,-0.2507242260065494,36.07428236648814,-0.0588208986047743,-0.5723188122544932,-0.1853824740005429,-0.1178049355635029,-0.3447926500686465,-0.4277258618885908,-0.6542349954443489,-0.9042269500521252,-1.197742926839177,-0.7926676407748933,0.5723188122544932,0.1178049355635029,9,-0.4240721945833698,0,-0.4240721945833698,COMPAGNIE DE SAINT GOBAIN SA,Industriales,Francia
HLN.L,19.400002,0.10273,52.372,0.006,-0.0312500161093628,-0.0938764426755434,-0.0583671972995679,46.03290811672453,-0.0504496386595348,-0.239097104485958,-0.2546363002981428,-0.1555705109016235,-0.2542268574417983,-0.5188470798324696,-0.6418447028876691,-0.5215275694254189,-0.4830308800018739,-0.7365630114097286,0.239097104485958,0.1555705109016235,9,-0.3351120873232799,0,-0.3351120873232799,HALEON PLC,Cuidado de la Salud,Reino Unido
LR.PA,28.24074,0.16858,85.084,0.114,-0.0735291936459385,0.1113959022692956,0.1189745579540222,33.041557373108176,-0.0074715881088878,0.2069744692875502,0.0598715936119918,-0.0927520678801345,0.1080363130655943,-0.8330408301860874,0.1210828807054492,-0.1687014712525961,-1.4153959586806228,-0.448521830899906,-0.2069744692875502,0.0927520678801345,9,-0.2989879672270659,0,-0.2989879672270659,LEGRAND SA,Industriales,Francia
SAND.ST,25.849478,0.17908001,42.909,0.237,-0.102381852211642,0.0968095489195906,0.4856867679250236,31.760286714492054,0.0215340481340653,0.0863200619694297,0.1100209638646168,-0.1737427695930012,0.5206138128101248,-1.0474566615865069,0.0668703596884741,0.5608821398455688,-1.5073503706586382,-0.2541245141809202,-0.0863200619694297,0.1737427695930012,9,-0.1625690625104121,0,-0.1625690625104121,SANDVIK,Industriales,Suecia
RWE.DE,17.85276,0.06825,57.294,-0.328,-0.0223252683193742,0.1549140144251968,0.6099751324638942,60.62992066856325,0.142188031741232,-0.3171653238980106,-0.4193171231078837,-0.1461185551498575,-1.3745592551220682,-0.4525236520252265,0.2828249222773807,0.8081571182950863,0.5645695600876457,0.5545049007448772,0.3171653238980106,0.1461185551498575,9,0.047437816688631,0,0.047437816688631,RWE AG,Servicios,Alemania
TSCO.L,17.711111,0.15459,131.623,0.072,-0.020476755034265,0.1634801656155149,0.1220573876858663,52.57812140023938,0.0511166335581889,-0.3243124186714836,-0.0069464084503131,-0.0033809649277907,-0.0328438087983917,-0.4387865985755824,0.3146623966828049,-0.1625681002139348,-0.0132930968808876,-0.0558604533656036,0.3243124186714836,0.0033809649277907,9,-0.007549187333626,0,-0.007549187333626,TESCO PLC,Productos básicos de consumo,Reino Unido
SSE.L,23.333334,0.097040005,62.01,-0.021,-0.0060721062618596,0.127906976744186,0.4135195621490841,53.65504576569388,0.1129507883678164,-0.0406354381167362,-0.2818124330818816,-0.1370621912072878,-0.3447926500686465,-0.3317397995593673,0.1824489363961911,0.4173035810704523,0.063995761725399,0.3585553407198745,0.0406354381167362,0.1370621912072878,9,0.0268507073917828,0,0.0268507073917828,SSE PLC,Servicios,Reino Unido
EBS.VI,13.570596,0.12521,,0.289,0.156999969482422,0.0732458975230185,0.5427465065482417,50.19762535949363,0.1614515867812094,-0.5332277877597676,-0.1472689889071052,,0.6950368208322026,0.8801150670997724,-0.0207077289500523,0.6744039943710477,-0.1841368699515957,0.6836102711243971,0.5332277877597676,,8,0.3892850441723042,1,0.3392850441723042,ERSTE GROUP BANK AG,Financieros,Austria
GALD.SW,83.73206,0.07692,33.796,0.248,0.1548243177261472,0.1461894445966804,0.4250924108561758,43.967250682433466,0.1253327394624364,3.0068652072745103,-0.3779081111078706,-0.1912429062784631,0.5575109875840258,0.8639469147232026,0.2503986596020648,0.4403280687227187,-0.631279271893879,0.4415398354704285,-3.0,0.1912429062784631,9,-0.1404688900689829,0,-0.1404688900689829,GALDERMA GROUP N AG,Cuidado de la Salud,Suiza
MBG.DE,8.8222,0.05282,104.519,-0.049,-0.1103203169049457,-0.181100547472681,-0.1071657252779889,57.638884875107166,-0.1255283913215585,-0.772814627299615,-0.4930127465404332,-0.0554300930659184,-0.4387127313113038,-1.1064506188809953,-0.9660270739802552,-0.6186135275438752,0.3499084845819322,-1.2397448046948756,0.772814627299615,0.0554300930659184,9,-0.4093786997782525,0,-0.4093786997782525,MERCEDES-BENZ GROUP N AG,Consumo discrecional,Alemania
ADS.DE,23.268482,0.22917,93.747,0.071,0.3282327769124076,0.2032073477919007,-0.0826258587440189,48.37050146751447,0.141469670337641,-0.0439076348159666,0.3492570650169282,-0.0761160880594217,-0.0361980974142009,2.1526156474022957,0.4623148391437622,-0.569790816014481,-0.3152661531893727,0.5496904044130992,0.0439076348159666,0.0761160880594217,9,0.3014051791370465,0,0.3014051791370465,ADIDAS N AG,Consumo discrecional,Alemania
PRU.L,9.206897,0.20577998,28.254,0.188,-0.023080337328007,-0.0425047042116408,0.1779813186006225,53.43499496967853,0.0125914641366964,-0.7534042119908538,0.2375433834874532,-0.2018854781549944,0.3562536706354744,-0.4581348766852359,-0.450913399882509,-0.0513059650730882,0.0482031253945709,-0.3140581877284191,0.7534042119908538,0.2018854781549944,9,0.0358752711437882,0,0.0358752711437882,PRUDENTIAL PLC,Financieros,Reino Unido
ORA.PA,147.13635,0.03212,138.079,,-0.0764917546692665,0.1079627653263048,0.2700676458743578,58.37005543500408,0.0313069412789921,6.206015710806219,-0.5918785537376965,0.0090168055584752,,-0.8550568251227344,0.108323076783669,0.1319022111434933,0.4023832356728343,-0.1886260645678144,-3.0,-0.0090168055584752,8,-0.5002462156733405,1,-0.5502462156733405,ORANGE SA,Comunicación,Francia
DANSKE.CO,12.572414,0.13951999,,0.08,0.0078572552959317,0.1137531800119922,0.3872759835437664,44.44618453148495,0.0743745936366242,-0.5835924310341626,-0.0789226743015609,,-0.0060094998719181,-0.2282250529896676,0.1298440814048255,0.3650912894521277,-0.59690708037467,0.1000156320177516,0.5835924310341626,,8,0.0335598907963813,1,-0.0164401092036186,DANSKE BANK,Financieros,Dinamarca
AD.AS,14.138889,0.14973,131.305,-0.043,-0.1399903488898456,0.099166059094341,0.057259848419308,53.69368774920081,-0.026233101024817,-0.5045537842009619,-0.0301583805748879,-0.00399163577888,-0.4185869996164487,-1.3269406843365714,0.075628707598506,-0.2914845131474151,0.0667690250067749,-0.5742624882637418,0.5045537842009619,0.00399163577888,9,-0.2211655459282157,0,-0.2211655459282157,KONINKLIJKE AHOLD DELHAIZE NV,Productos básicos de consumo,Holanda
SDZ.SW,39.37278,0.104169995,60.725,0.107,0.0347286490506904,0.102696453784667,0.5034761164533601,31.93030002712922,0.0975389046860413,0.768656831338054,-0.2477587028085282,-0.1395298391432933,0.0845562927549299,-0.0285328055770371,0.0887499855326777,0.5962745178070604,-1.495148831439071,0.255264076628052,-0.768656831338054,0.1395298391432933,9,-0.1528580510329641,0,-0.1528580510329641,SANDOZ GROUP AG,Cuidado de la Salud,Suiza
SWED A.ST,,,,,,,,,,,,,,,,,,,,,0,,9,,SWEDBANK,Financieros,Suecia
ALC.SW,41.34815,0.037100002,23.774,0.094,-0.0932881503354353,-0.1034368437688686,-0.1953062209090273,60.16096950122249,-0.0586807990021636,0.8683268367929123,-0.5680934369466827,-0.210488639830718,0.0409505407494104,-0.9798776673023496,-0.6773774664768006,-0.7939713676647705,0.5309138070668132,-0.7917286857872212,-0.8683268367929123,0.210488639830718,9,-0.4330024970359772,0,-0.4330024970359772,ALCON AG,Cuidado de la Salud,Suiza
SEB A.ST,,,,,,,,,,,,,,,,,,,,,0,,9,,SKANDINAVISKA ENSKILDA BANKEN,Financieros,Suecia
III.L,4.643785,0.19077998,4.083,-0.334,-0.0243578134826617,-0.2205837937012991,-0.3813251780842197,49.103686625865706,-0.1604360745975599,-0.9836422929230996,0.1659014942140739,-0.2483022238835469,-1.394684986816923,-0.4676283211513928,-1.1127728893783613,-1.1640609878585564,-0.2626468181146001,-1.4736979545203517,0.9836422929230996,0.2483022238835469,9,-0.4975162163132739,0,-0.4975162163132739,3I GROUP PLC,Financieros,Reino Unido
ASSA B.ST,,,,,,,,,,,,,,,,,,,,,0,,9,,ASSA ABLOY B,Industriales,Suecia
UCB.BR,30.411469,0.14912,20.659,0.266,-0.010031680237083,-0.0582108573596906,0.3686735994847792,35.50187629100478,-0.0234317610585319,0.3165015813075869,-0.0330718174053387,-0.2164705256833695,0.6178881826685914,-0.3611650029234056,-0.5092878364000295,0.328081355864522,-1.2388234461890597,-0.5554877588248807,-0.3165015813075869,0.2164705256833695,9,-0.2057663754259797,0,-0.2057663754259797,UCB SA,Cuidado de la Salud,Bélgica
SLHN.SW,21.697721,0.16584,198.556,0.011,0.0406504076009053,0.1438914202956838,0.1986017222003988,81.11881993158114,0.110101311925773,-0.1231625376636755,0.0467850085047211,0.1251537271349788,-0.2374554143627524,0.0154741887872936,0.2418576838195317,-0.0102811283985305,2.035019750403035,0.3394579980604185,0.1231625376636755,-0.1251537271349788,9,0.2698740997047126,0,0.2698740997047126,SWISS LIFE HOLDING AG,Financieros,Suiza
EXPN.L,21.774193,0.28258,100.322,0.123,-0.0040117011661093,-0.0983823748369311,-0.3266455030532315,51.5240499328753,-0.0687175090922286,-0.119304037910645,0.6043499520896738,-0.0634897960911443,0.138224910607877,-0.3164280919529117,-0.6585917222518501,-1.055274332606643,-0.0889418454981053,-0.8589952505973286,0.119304037910645,0.0634897960911443,9,-0.2280958384674997,0,-0.2280958384674997,EXPERIAN PLC,Industriales,Reino Unido
SIKA.SW,24.0,0.15245,83.131,-0.079,0.0243260802088598,0.0960641022764685,-0.2125574096851845,31.578972500784644,0.0283115660576371,-0.0069978897806935,-0.0171673179866485,-0.0965025086731453,-0.5393413897855796,-0.1058385222007562,0.0640997877135326,-0.8282930626092616,-1.5203629545280986,-0.208701228605611,0.0069978897806935,0.0965025086731453,9,-0.3391226988387315,0,-0.3391226988387315,SIKA AG,Materials,Suiza
GIVN.SW,29.187267,0.2342,96.673,-0.018,0.180672268907563,0.1095624150307872,-0.0813458231757363,42.61603375527426,0.1025140592272397,0.2547327886166738,0.373280978553268,-0.0704971480899647,-0.3347297842212189,1.0560335444505795,0.1142684314000646,-0.5672441514997774,-0.728253597463674,0.2886078269588597,-0.2547327886166738,0.0704971480899647,9,0.001969734183488,0,0.001969734183488,GIVAUDAN SA,Materials,Suiza
FER.MC,49.34513,0.14317,140.013,0.057,-0.0606185452953248,-0.0180829418576821,0.2564618453939824,26.567158060629797,-0.0185806928183158,1.2718254422300683,-0.0614897668171125,0.0127307597283077,-0.0831581380355295,-0.7370965554596728,-0.3601460042803495,0.1048331123339979,-1.880051554815824,-0.5229756414825898,-1.2718254422300683,-0.0127307597283077,9,-0.5360711945017173,0,-0.5360711945017173,FERROVIAL NV,Industriales,España
ADYEN.AS,24.42989,0.22329001,4.775,0.169,-0.1185256723475843,-0.4267645088798262,-0.4738968615433565,42.35231969034311,-0.2634088108125187,0.0146928003912687,0.3211734921830231,-0.2469733426604217,0.2925221869350998,-1.1674279497970668,-1.879076576594117,-1.3482347930037248,-0.7471798653899744,-2.1638267090745003,-0.0146928003912687,0.2469733426604217,9,-0.7177521858302343,0,-0.7177521858302343,ADYEN NV,Financieros,Holanda
EQNR.OL,16.466335,0.12361,72.996,-0.053,0.0674898877901184,0.5074337060869758,0.4483822741864367,81.6685965762245,0.2522256226664119,-0.3871193007796845,-0.154910790429599,-0.1159652416158816,-0.4521298857745406,0.2149292735248168,1.593020879754185,0.486663865918613,2.074476197592756,1.2919826873000084,0.3871193007796845,0.1159652416158816,9,0.6174574189202006,0,0.6174574189202006,EQUINOR,Energía,Noruega
REP.MC,11.635513,0.09488,49.173,0.084,0.2165977799568761,0.630147825803355,0.9403378582399152,84.66555662206905,0.3350417666522054,-0.630865057317169,-0.2921288890178779,-0.1617137060356948,0.0074076545913185,1.323010617034102,2.049107581804245,1.465422472134714,2.289562445673153,1.8470208887379345,0.630865057317169,0.1617137060356948,9,1.0535535038122723,0,1.0535535038122723,REPSOL SA,Energía,España
KBC.BR,14.063218,0.13389,,0.064,0.1093011903239078,0.0870012957387513,0.4163877497814705,57.458576810095046,0.1260638933997604,-0.5083718683992511,-0.1058122156475764,,-0.0596781177248652,0.5256460545903028,0.0304164140752059,0.423009915992622,0.3369681101328746,0.4464400680436355,0.5083718683992511,,8,0.2631702622326813,1,0.2131702622326813,KBC GROEP,Financieros,Bélgica
MT.AS,17.271643,0.054330003,23.917,0.045,0.119828708053798,0.2544253243990957,1.0471844026705628,65.8965793637138,0.2462775151504028,-0.3464863799836609,-0.4858007820252018,-0.2102140299825866,-0.1234096014252398,0.6038803171798942,0.6526746615541145,1.677996489578084,0.9425478585406404,1.252118154387061,0.3464863799836609,0.2102140299825866,9,0.5640786119728445,0,0.5640786119728445,ARCELORMITTAL SA,Materials,Francia
ERIC B.ST,,,,,,,,,,,,,,,,,,,,,0,,9,,ERICSSON B,Tecnología de la Información,Suecia
BMPS.MI,8.214493,0.13343,,0.959,0.3711043121408162,0.3947071739641019,0.7847302912292382,64.74360502684658,0.3900052402220182,-0.8034773183422834,-0.1080092335852934,,2.9424101934243607,2.471211448495589,1.1740546484167549,1.1558371145519195,0.8598010349406382,2.2153890117479005,0.8034773183422834,,8,1.439271442041769,1,1.389271442041769,BANCA MONTE DEI PASCHI DI SIENA SP,Financieros,Italia
VOD.L,,0.0010899999,100.153,,0.0206362050158996,0.1407975783851776,0.3957823599154686,57.78417399621165,0.1360568137535507,,-0.7400817424921728,-0.0638143350025723,,-0.1332594843093495,0.2303589242889388,0.3820149495372864,0.3603356145627243,0.5134131517123423,,0.0638143350025723,7,0.0966565354717631,2,-0.0033434645282368,VODAFONE GROUP PLC,Comunicación,Reino Unido
VIE.PA,21.517647,0.1216,222.535,,0.07242948570092,0.2746734660953049,0.2435433453372419,57.391300886470496,0.1594036600666455,-0.1322484185681533,-0.1645108035922318,0.1712017659345716,,0.251637433031728,0.7279301267785759,0.0791314158398619,0.3321398422289994,0.669884957367659,0.1322484185681533,-0.1712017659345716,8,0.2321574530360217,1,0.1821574530360217,VEOLIA ENVIRON. SA,Servicios,Francia
ACS.MC,31.44,0.24611999,257.434,0.047,-0.0343375499261414,0.2574417104226869,0.9906008853590632,33.68420545413808,0.1648509435198164,0.3683975250449582,0.4302123521345872,0.2382200113187409,-0.1167010241936215,-0.5417917983856646,0.6638855438616211,1.565422089909134,-1.3692743012442998,0.7063929407759326,-0.3683975250449582,-0.2382200113187409,9,0.0812809184993322,0,0.0812809184993322,ACS ACTIVIDADES DE CONSTRUCCION Y,Industriales,España
IMB.L,13.112676,0.37151,243.803,0.049,0.0171541323451305,-0.0685028745898403,-0.0274245259346399,51.18978217088556,-0.0639819201308415,-0.5563327700658109,1.0290908329617812,0.2120437397111988,-0.1099924469620031,-0.1591361814254734,-0.5475397686698483,-0.4599663088575388,-0.1129316210309134,-0.8272570815233321,0.5563327700658109,-0.2120437397111988,9,-0.0937159494614128,0,-0.0937159494614128,IMPERIAL BRANDS PLC,Productos básicos de consumo,Reino Unido
ABN.AS,15.035433,0.08442,,0.036,0.3397353183048617,0.2792312081485202,0.6256242844811783,61.63637914735325,0.2899244480084038,-0.4593174257615199,-0.342087166471181,,-0.1535981989675226,2.2380957070739003,0.744869705912992,0.8392915188657604,0.6368012130760801,1.544642219694213,0.4593174257615199,,8,0.7459165531182202,1,0.6959165531182202,ABN AMRO BANK NV,Financieros,Holanda
SAMPO.HE,15.704918,0.21256,29.555,-0.078,0.0714587948912703,0.0136894154212541,0.0535596145609023,65.58560447179669,0.039059373207491,-0.4255376409101017,0.2699256129615396,-0.1993871046415755,-0.5359871011697704,0.2444238351405731,-0.2420589440366043,-0.2988462259754032,0.920229768967708,-0.1366688534822303,0.4255376409101017,0.1993871046415755,9,0.0939936486619433,0,0.0939936486619433,SAMPO CLASS A,Financieros,Finlandia
ML.PA,3.4238284,,,,0.1444344925518808,0.1721694636891955,0.183110232715786,61.69355800075832,0.1851314159252619,-1.0451968781282464,,,,0.786735901472125,0.3469575662257596,-0.0411018552032551,0.64090483303107,0.8423137454219557,1.0451968781282464,,6,0.6035011781793169,3,0.4535011781793169,MICHELIN,Consumo discrecional,Francia
VWS.CO,28.079935,0.23198,100.612,0.144,-0.0104465919659465,0.047605053124055,0.5777079753590884,51.13729384875311,0.1301477557280064,0.1988608322336471,0.3626779789408079,-0.0629328950005283,0.20866497153987,-0.3642483805989662,-0.1160060384414995,0.7439607584240646,-0.1166986102809559,0.4738103305612745,-0.1988608322336471,0.0629328950005283,9,0.1173592303234973,0,0.1173592303234973,VESTAS WIND SYSTEMS,Industriales,Dinamarca
AV..L,,,,,,,,,,,,,,,,,,,,,0,,9,,AVIVA PLC,Financieros,Reino Unido
DTG.DE,27.5414,0.05414,133.29,-0.133,0.029769057050885,0.0746375865655324,0.0190737515030363,58.08001708984373,0.113085893866734,0.1716883094213982,-0.4867082602843758,-0.0001797438310427,-0.720472975039276,-0.0653895492848487,-0.015535293478516,-0.3674567598422309,0.3815677231182089,0.3594608249589917,-0.1716883094213982,0.0001797438310427,9,-0.1206714283824891,0,-0.1206714283824891,DAIMLER TRUCK HOLDING E AG,Industriales,Alemania
DNB.OL,10.729053,0.1507,,0.008,0.018945918812516,0.1291911992562751,0.2152457532326597,57.73802819971591,0.0858654374952414,-0.6766017411508868,-0.0255255384018761,,-0.24751828021018,-0.1458206880118729,0.1872219552760956,0.0228326102051201,0.3570238165803945,0.1770278786804917,0.6766017411508868,,8,0.1252304369086324,1,0.0752304369086324,DNB BANK,Financieros,Noruega
EQT.ST,31.82002,0.13895,34.006,0.265,-0.0136506611075003,-0.1119266639711223,-0.0446135276800246,70.20461221398057,0.017024599105768,0.3875719558973834,-0.0816450183326899,-0.1908396330749135,0.6145338940527821,-0.3880591205100297,-0.7089312445260846,-0.4941642810645786,1.2517273631709274,-0.284347081396456,-0.3875719558973834,0.1908396330749135,9,-0.0319575346031776,0,-0.0319575346031776,EQT,Financieros,Suecia
RYA.IR,13.994413,0.22408001,1.919,0.011,0.0410729051620879,-0.1443334631399137,0.0071802494418222,33.07209422186719,-0.0548172386462366,-0.5118435191407941,0.3249466316847544,-0.2524578582286955,-0.2374554143627524,0.0186139398656675,-0.8293763097806238,-0.3911191957974183,-1.413204385844381,-0.7658348988044751,0.5118435191407941,0.2524578582286955,9,-0.281014250629971,0,-0.281014250629971,RYANAIR HOLDINGS PLC,Industriales,Irlanda
PKO.WA,12.675203,0.18629,,0.003,0.1063915577857033,0.2466224160600594,0.4479665275057063,61.407249553664,0.2096561092694517,-0.5784060709139323,0.1444567842140949,,-0.2642897232892259,0.5040233927365206,0.6236739015847222,0.4858367269350123,0.6203570083229532,1.0066795445215957,0.5784060709139323,,8,0.4623929632424506,1,0.4123929632424506,POWSZECHNA KASA OSZCZEDNOSCI BANK,Financieros,Polonia
AMS.MC,16.045902,0.25956,69.85,0.031,0.0019580798233309,-0.1331550236176736,-0.2994435315647969,37.97071701534302,-0.109785961522076,-0.4083328250325599,0.4944035326847945,-0.1220066582747714,-0.1703696420465685,-0.2720642233265802,-0.7878298469322739,-1.001155293076733,-1.061639339499922,-1.134238202942608,0.4083328250325599,0.1220066582747714,9,-0.378061503536951,0,-0.378061503536951,AMADEUS IT GROUP SA,Consumo discrecional,España
HEI.DE,15.277281,0.11068,43.452,-0.009,-0.0648233095982779,-0.2673731072721657,-0.1251723686084247,58.15084363239183,-0.1115005538692803,-0.447114652873784,-0.2166660989832518,-0.1727000203095374,-0.3045411866789362,-0.7683438677933853,-1.2866728755172367,-0.6544382192437095,0.3866508123380004,-1.145729492041443,0.447114652873784,0.1727000203095374,9,-0.3744362505262934,0,-0.3744362505262934,HEIDELBERG MATERIALS AG,Materials,Alemania
A5G.IR,11.704301,0.14204,,-0.111,0.1189536982894741,0.2393414314048607,0.6988911925898149,72.35772231651268,0.2015489585452314,-0.6273942643339665,-0.0668867891423737,,-0.6466786254914737,0.5973777640209272,0.5966129546721608,0.9850579644284088,1.4062520703987569,0.952344989201931,0.6273942643339665,,8,0.5564343240527879,1,0.5064343240527879,AIB GROUP PLC,Financieros,Irlanda
HEIA.AS,22.757395,0.0994,93.524,-0.028,0.1401896652914236,0.1318034516330866,0.0013126200173558,62.62833482553044,0.1001691919177221,-0.0696952311031974,-0.270540799716833,-0.0765443257946196,-0.3682726703793108,0.7551908650197834,0.1969308100860883,-0.4027929992533396,0.7079920270400522,0.2728924015424272,0.0696952311031974,0.0765443257946196,9,0.1152932434707427,0,0.1152932434707427,HEINEKEN NV,Productos básicos de consumo,Holanda
HO.PA,27.687576,0.21103,76.737,0.071,-0.0615474716769507,-0.0940237000592031,-0.0472617330889388,44.49649029959041,-0.0611512130480714,0.179063820195263,0.2626181402556549,-0.1087812175469347,-0.0361980974142009,-0.7439997849132961,-0.6423920085654601,-0.4994329555527231,-0.5932967289675466,-0.8082855321079446,-0.179063820195263,0.1087812175469347,9,-0.3479188411015383,0,-0.3479188411015383,THALES SA,Industriales,Francia
PUB.PA,13.4143305,0.16179001,51.925,0.03,0.1618458468200776,0.0393355854607606,0.0833878659442166,55.10203854661848,0.0940656862251603,-0.5411123781086168,0.0274417461621684,-0.1564289067206075,-0.1737239306623777,0.9161267509399909,-0.1467408409481596,-0.2395021333456453,0.1678437421747975,0.2319863817856178,0.5411123781086168,0.1564289067206075,9,0.1645525556595129,0,0.1645525556595129,PUBLICIS GROUPE SA,Comunicación,Francia
IHG.L,32.006172,,,0.027,-0.0068493150684931,0.0654821597398007,0.2553780856287406,41.54002586772772,0.0278753047781181,0.3969645106367147,,,-0.1837867965098053,-0.3375155540558403,-0.0495629052680928,0.1026769437047872,-0.8054766821551752,-0.211625074902811,-0.3969645106367147,,7,-0.2688935114033788,2,-0.3688935114033789,INTERCONTINENTAL HOTELS GROUP PLC,Consumo discrecional,Reino Unido
BPE.MI,13.157693,0.13133,,0.241,0.1871651036271555,0.2143289678255739,0.8896794995242232,50.4823190565666,0.2140778631500761,-0.5540613755242509,-0.1180390980835664,,0.5340309672733615,1.1042844379125003,0.5036501232523509,1.3646363317249814,-0.1637049328490422,1.0363143741935004,0.5540613755242509,,8,0.6019041973685421,1,0.551904197368542,BPER BANCA,Financieros,Italia
VACN.SW,98.23282,0.27702,31.303,0.047,0.2122452003907329,0.397082637599601,1.0551317790395291,47.27104830556874,0.4044791870502873,3.7385209620442974,0.5777946917990078,-0.1960303353091727,-0.1167010241936215,1.290664829408125,1.1828834399026789,1.6938080044182506,-0.3941718616157911,2.312394173164843,-3.0,0.1960303353091727,9,0.4158558431325184,0,0.4158558431325184,VAT GROUP AG,Industriales,Suiza
UMG.AS,22.289158,0.33776,74.584,0.05,-0.065192587255593,-0.1073980933265128,-0.3262360519735247,39.17321785126152,-0.0818113225703348,-0.0933207718090735,0.8678965820966781,-0.1129157280576117,-0.1066381583461939,-0.7710881201377753,-0.6921000856091291,-1.0544597188872793,-0.975338091183358,-0.9467506849012784,0.0933207718090735,0.1129157280576117,9,-0.3858046419001834,0,-0.3858046419001834,UNIVERSAL MUSIC GROUP NV,Comunicación,Holanda
NXT.L,20.067114,0.50808996,101.646,0.153,-0.01849055849965,-0.0323660612904784,0.0671982883125201,43.64331087108437,-0.0358484212924632,-0.205437052607575,1.6814139243806183,-0.0609472545601939,0.2388535690821527,-0.4240263649449692,-0.413231507824256,-0.2717117249259781,-0.6545278296194175,-0.6387048760730498,0.205437052607575,0.0609472545601939,9,-0.0239500558619034,0,-0.0239500558619034,NEXT PLC,Consumo discrecional,Reino Unido
NN.AS,18.992805,0.05593,64.708,-0.015,0.1147393131325476,0.2546803732166525,0.4356950727815816,83.7499026459635,0.1887109979841961,-0.2596427881863291,-0.4781589948310858,-0.1318810907159703,-0.3246669183737913,0.5660589552114642,0.6536225913793872,0.4614223441912184,2.223847662944063,0.8663042947553213,0.2596427881863291,0.1318810907159703,9,0.4844393126865418,0,0.4844393126865418,NN GROUP NV,Financieros,Holanda
LDO.MI,22.616072,0.13074,41.68,0.069,-0.0550364009766609,-0.0969166205218445,0.0629127966223672,56.91285372738788,-0.0406284299577848,-0.0768258770990853,-0.1208570123949861,-0.1761028780080602,-0.0429066746458192,-0.6956133724677882,-0.6531440113190858,-0.2802378236421354,0.2978025795436022,-0.6707407483652071,0.0768258770990853,0.1761028780080602,9,-0.2125298120204748,0,-0.2125298120204748,LEONARDO FINMECCANICA SPA,Industriales,Italia
NSIS B.CO,,,,,,,,,,,,,,,,,,,,,0,,9,,NOVOZYMES B,Materials,Dinamarca
ACA.PA,8.499999,0.09276,,-0.011,0.1249265259200174,0.1053095542405408,0.184550464810175,63.0434800636556,0.1156880839416081,-0.7890717211238408,-0.3022542760351822,,-0.3112497639105546,0.641764273475437,0.0984619923644875,-0.0382364754758475,0.7377862286012618,0.3769008412341455,0.7890717211238408,,8,0.2490305676721985,1,0.1990305676721985,CREDIT AGRICOLE SA,Financieros,Francia
GEBN.SW,28.779133,,89.302,-0.006,-0.0439925837208294,-0.1193319198392769,-0.1432570126340651,36.647752149015766,-0.0860356317515771,0.2341398272948389,,-0.0846520375345537,-0.2944783208315086,-0.6135422782789791,-0.7364540653273869,-0.690418095383353,-1.156586067213246,-0.9750622296971414,-0.2341398272948389,0.0846520375345537,8,-0.5770036058114876,1,-0.6270036058114876,GEBERIT AG,Industriales,Suiza
PKN.WA,26.82734,0.04403,26.222,0.029,0.2369972830058602,0.6002317347249637,0.9682743654077746,95.83671984818449,0.3485554384396827,0.1356594317452685,-0.5349948936546334,-0.2057876264864833,-0.1770782192781869,1.4746076144630516,1.9379196325306975,1.5210028897668633,3.0,1.9375902357607868,-0.1356594317452685,0.2057876264864833,9,1.0254639393699772,0,1.0254639393699772,ORLEN SA,Energía,Polonia
LGEN.L,37.1,0.17860001,2477.336,0.139,0.0111066549987273,-0.0122045771865384,-0.0046479995929245,31.000061322538983,-0.0175928018814176,0.6539805960010319,0.1077284234078686,4.501205683252259,0.1918935284608241,-0.2040774432558676,-0.3382981194362418,-0.4146518091358761,-1.5619103330036006,-0.5163547438840869,-0.6539805960010319,-3.0,9,-0.7099612325386679,0,-0.7099612325386679,LEGAL AND GENERAL GROUP PLC,Financieros,Reino Unido
BMW.DE,5.143879,0.0709,112.684,-0.081,-0.2470578634210085,-0.3056352620008782,-0.2958645136833351,47.619051223256925,-0.2505456168178985,-0.9584093635438228,-0.4066603893362535,-0.0397504468421945,-0.546049967017198,-2.1226028966037003,-1.428880308564718,-0.9940347426310622,-0.3691963395061896,-2.077616898814005,0.9584093635438228,0.0397504468421945,9,-0.7718757480096787,0,-0.7718757480096787,BMW AG,Consumo discrecional,Alemania
SHB A.ST,,,,,,,,,,,,,,,,,,,,,0,,9,,SVENSKA HANDELSBANKEN-A SHS,Financieros,Suecia
MTX.DE,18.181818,0.24299999,55.514,0.057,0.1199635374203438,-0.0998701428428728,-0.1188030681082487,24.99999999999993,-0.0273917807702877,-0.3005622507243951,0.4153108391657243,-0.1495367756370869,-0.0831581380355295,0.6048822889967812,-0.6641212505963785,-0.6417663279547469,-1.992523573879676,-0.5820280215404291,0.3005622507243951,0.1495367756370869,9,-0.2770339063869747,0,-0.2770339063869747,MTU AERO ENGINES HOLDING AG,Industriales,Alemania
KNEBV.HE,25.502645,0.46552,41.717,0.013,-0.1637751340504752,-0.1904994557240779,-0.0913104438442132,35.060977028070624,-0.131819946882069,0.0688201267664424,1.4780944336678064,-0.176031825110292,-0.230746837131134,-1.5036950889015226,-1.0009596235284106,-0.5870690270639307,-1.2704659662077726,-1.2819111446678102,-0.0688201267664424,0.176031825110292,9,-0.4766157283876583,0,-0.4766157283876583,KONE,Industriales,Finlandia
AENA.MC,18.125,0.24395001,83.467,0.118,0.0610252239485702,0.0634715304975244,0.1570281298832929,40.13156945355065,0.0757323934598044,-0.3034290809232612,0.419848254342224,-0.095857271547466,0.121453467528831,0.1668877293061691,-0.0570357312336352,-0.0929928865137991,-0.906558979241571,0.1091156786451331,0.3034290809232612,0.095857271547466,9,0.017778209478231,0,0.017778209478231,AENA SME SA,Industriales,España
PHIA.AS,23.34,0.08364,70.914,-0.047,0.0214487259539994,-0.0446332334030912,0.09536625626852,42.79280362911539,-0.0014443819680898,-0.040299095934582,-0.3458125447133967,-0.1199634073767871,-0.4320041540796854,-0.1272213110132496,-0.458824419913371,-0.2156708099527328,-0.7155671524138469,-0.4081271747968882,0.040299095934582,0.1199634073767871,9,-0.2825516737302002,0,-0.2825516737302002,KONINKLIJKE PHILIPS NV,Cuidado de la Salud,Holanda
MRK.DE,23.027445,0.085260004,40.372,-0.028,0.2185124844482235,0.0633515258050207,0.215799836964623,22.33772204475376,0.1141658116342658,-0.0560694875852314,-0.338075201567368,-0.1786146939615974,-0.3682726703793108,1.3372395642371298,-0.0574817479150163,0.0239349743997797,-2.183590310833683,0.3666984912707018,0.0560694875852314,0.1786146939615974,9,-0.1094291910267709,0,-0.1094291910267709,MERCK,Cuidado de la Salud,Alemania
BESI.AS,126.052635,0.3127,113.605,0.283,0.0004779223497473,0.3823745826734348,1.065888623902835,34.67261729056635,0.2323142829078717,5.1422079233746585,0.7482068657506191,-0.0379818057923415,0.6749110891373474,-0.283063875042531,1.128218595463014,1.715209030907153,-1.2983378222110258,1.1585358292852783,-3.0,0.0379818057923415,9,0.097962391009133,0,0.097962391009133,BE SEMICONDUCTOR INDUSTRIES NV,Tecnología de la Información,Holanda
HBAN.SW,20.891474,0.06315,109.702,0.179,-0.0071619185741563,0.1264893677349821,0.1438555979322471,71.73910159022915,0.0851466921930697,-0.1638428369939091,-0.4436753654608327,-0.045476926332598,0.3260650730931917,-0.339838637747169,0.1771801652124136,-0.1191999861598947,1.361854811521187,0.1722108094400088,0.1638428369939091,0.045476926332598,9,0.149324070358379,0,0.149324070358379,HELVETIA BALOISE HOLDING N AG,Financieros,Suiza
CBK.DE,17.396313,0.08234,,0.043,0.1240873631529413,0.10960181442818,0.315697552575902,53.33332964763216,0.1167987554705849,-0.3401959839666832,-0.3520215084504229,,-0.1301181786568583,0.6355281139210875,0.1144148655778201,0.2226841136823193,0.0409067943309784,0.3843446208906501,0.3401959839666832,,8,0.1569918506577822,1,0.1069918506577822,COMMERZBANK AG,Financieros,Alemania
KER.PA,,0.0025,119.652,,0.06515081677925,-0.0942129087327151,0.1482358479496219,54.11290814799645,-0.0763850553731571,,-0.7333474044228626,-0.026369457878703,,0.1975466862544663,-0.6430952329385053,-0.1104853632531694,0.0968556932694183,-0.9103835535583872,,0.026369457878703,7,-0.2966485309671909,2,-0.396648530967191,KERING SA,Consumo discrecional,Francia
PGHN.SW,13.978539,0.54798,113.666,0.201,-0.244083432972091,-0.3296829811747499,-0.3648686928641907,50.0,-0.2062608838761903,-0.512644463605168,1.8719337796333295,-0.0378646645284533,0.3998594226409939,-2.1004986951418125,-1.518257512713567,-1.1313203765934945,-0.1983200744150525,-1.780818263425462,0.512644463605168,0.0378646645284533,9,-0.4341013990979381,0,-0.4341013990979381,PARTNERS GROUP HOLDING AG,Financieros,Suiza
SGSN.SW,27.16185,0.76602995,492.161,0.019,0.0790260174103731,0.0454275919640436,0.1722754736503968,51.589255052141866,0.0680465031801793,0.1525375930642644,2.913367804564388,0.688977674411949,-0.2106211054362788,0.3006589409673225,-0.1240989219793271,-0.0626578940516216,-0.0842621953712621,0.0576044332292136,-0.1525375930642644,-0.688977674411949,9,0.2164973104940245,0,0.2164973104940245,SGS SA,Industriales,Suiza
SCMN.SW,26.130653,0.10398,157.793,-0.041,-0.0516324981017464,0.0830893990000711,0.1647586063069355,60.38961038961039,0.0090894938807106,0.1005071326365804,-0.2486661428586945,0.0468745576288357,-0.4118784223848303,-0.6703175868725352,0.0158772226078454,-0.0776128998340091,0.547322938349464,-0.3375285786307639,-0.1005071326365804,-0.0468745576288357,9,-0.1477983510987711,0,-0.1477983510987711,SWISSCOM AG,Comunicación,Suiza
BAMI.MI,11.394928,0.13722,,0.029,0.2943115961370923,0.299577042165452,0.6446065366110958,66.21620576689615,0.2506188510655793,-0.6430041038058557,-0.0899077162288862,,-0.1770782192781869,1.9005335676362156,0.8204882603115186,0.8770572099967324,0.9654868509850832,1.281214018577632,0.6430041038058557,,8,0.7775997594757454,1,0.7275997594757454,BANCO BPM,Financieros,Italia
FRE.DE,16.41791,0.07786,58.172,0.02,0.104329586286417,-0.0724725291214892,0.0732216654856048,66.1501898936477,-0.0117922772392876,-0.3895626506402938,-0.3734185527134055,-0.1444324890893027,-0.2072668168204696,0.4887000445488094,-0.5622936262357284,-0.2597280572174694,0.9607490145529805,-0.4774793192408376,0.3895626506402938,0.1444324890893027,9,0.0114730918448306,0,0.0114730918448306,FRESENIUS SE AND CO KGAA,Cuidado de la Salud,Alemania
ANTO.L,35.95098,0.15127,53.078,0.318,-0.0366250678241997,-0.0091170062352839,0.7642936555267517,46.59451211549739,0.0228533938754915,0.5960052143420306,-0.0228031466094878,-0.1542147447982617,0.7923111906906692,-0.5587912735237555,-0.326822666931201,1.1151778889545585,-0.4427256056054103,-0.2452821888545729,-0.5960052143420306,0.1542147447982617,9,-0.0145251412692187,0,-0.0145251412692187,ANTOFAGASTA PLC,Materials,Reino Unido
BAER.SW,19.083559,0.108660005,,0.018,0.1107266548093863,0.1142518297095058,0.3487667518385196,52.42841499941805,0.1614200681889526,-0.2550636705146776,-0.2263138495247704,,-0.213975394052088,0.5362392604846449,0.1316973929597053,0.2884761575743216,-0.024037246810723,0.6833990318428257,0.2550636705146776,,8,0.1788186278735742,1,0.1288186278735742,JULIUS BAER GRUPPE AG,Financieros,Suiza
KPN.AS,20.223812,0.23339,189.568,0.022,-0.0921362428132146,0.1225975549583535,0.1006529621496492,54.47152895640935,-0.0029301917529658,-0.1975306398774204,0.3694123165325055,0.1078936340230583,-0.2005582395888513,-0.9713173743743716,0.1627156190103038,-0.2051527692039037,0.1225932416468286,-0.4180851509955616,0.1975306398774204,-0.1078936340230583,9,-0.1167505945687431,0,-0.1167505945687431,KONINKLIJKE KPN NV,Comunicación,Holanda
BIRG.IR,15.904349,0.09264,,-0.032,0.1177921572271631,0.1407230065749258,0.5100378044963838,62.26015776108744,0.134706583411776,-0.4154750759942287,-0.3028274111493692,,-0.3816898248425476,0.588745880341509,0.2300817661992078,0.6093291691853372,0.6815686439422028,0.5043638361519109,0.4154750759942287,,8,0.2931308919778099,1,0.2431308919778099,BANK OF IRELAND GROUP PLC,Financieros,Irlanda
HLMA.L,36.897957,0.18306999,42.131,0.146,0.0223576605944728,0.2443650026025747,0.3981235916456214,57.241202407822016,0.1752459439296645,0.6437862390389861,0.1290776108888165,-0.1752368007947229,0.2153735487714883,-0.12046664831269,0.6152838625136913,0.3866728917973424,0.3213675536027826,0.7760607863643281,-0.6437862390389861,0.1752368007947229,9,0.2060911297090551,0,0.2060911297090551,HALMA PLC,Tecnología de la Información,Reino Unido
GMAB.CO,21.43105,0.14957,94.175,0.253,-0.045902562658406,-0.1708272148800783,0.1933779499823882,44.92973794151159,-0.0944675118837775,-0.1366177890974083,-0.0309225607271373,-0.075294178863616,0.5742824306630718,-0.6277361079714905,-0.9278445861617964,-0.0206739609651686,-0.5622033515567558,-1.031573138779307,0.1366177890974083,0.075294178863616,9,-0.2683065897263955,0,-0.2683065897263955,GENMAB,Cuidado de la Salud,Dinamarca
SAB.MC,14.195652,0.08727,,-0.107,0.1997219708847293,0.1800360788553556,0.3449105846352138,63.65347866535923,0.1618292145126383,-0.5016897291026086,-0.328475207509239,,-0.6332614710282369,1.1975996215613918,0.3761951028329841,0.28080421124505,0.7815646936350688,0.686141152263965,0.5016897291026086,,8,0.357782229012949,1,0.307782229012949,BANCO DE SABADELL,Financieros,España
CAP.PA,9.859802,0.13695,81.032,0.037,-0.078074804471669,-0.3177075769756439,-0.307782445547237,47.79806773934354,-0.1967978634864189,-0.7204609938031197,-0.0911972702358071,-0.1005333203600524,-0.1502439103517134,-0.8668211115491465,-1.473749002857405,-1.0177457823228548,-0.356348657121207,-1.717396597497498,0.7204609938031197,0.1005333203600524,9,-0.5391675575302732,0,-0.5391675575302732,CAPGEMINI,Tecnología de la Información,Francia
VNA.DE,5.231738,0.12595001,129.178,-0.338,-0.0536417149538206,-0.0923084698074795,-0.218430494384467,43.31797640074696,-0.0934736130870111,-0.9539763170718918,-0.1437346079416923,-0.0080762172262604,-1.4081021412801602,-0.6852488938375481,-0.6360170803129234,-0.8399777194782727,-0.6778764794264509,-1.0249119761844492,0.9539763170718918,0.0080762172262604,9,-0.4948684849070383,0,-0.4948684849070383,VONOVIA SE,Inmobiliario,Alemania
HEXA B.ST,,,,,,,,,,,,,,,,,,,,,0,,9,,HEXAGON CLASS B,Tecnología de la Información,Suecia
SAAB B.ST,,,,,,,,,,,,,,,,,,,,,0,,9,,SAAB CLASS B,Industriales,Suecia
VOW3.DE,5.94267,0.03105,137.093,-0.025,-0.1247509362714617,-0.2655554687355689,-0.190357894848052,57.99999237060548,-0.1669022617347905,-0.9181052669303824,-0.5969890085058642,0.0071233418503806,-0.3582098045318833,-1.2136904159363862,-1.2799173304537057,-0.7841265424904381,0.375824497866171,-1.517034684607968,0.9181052669303824,-0.0071233418503806,9,-0.4959068181755637,0,-0.4959068181755637,VOLKSWAGEN NON-VOTING PREF AG,Consumo discrecional,Alemania
HNR1.DE,10.373793,0.21711001,27.857,-0.228,-0.0588999340324378,0.0986163462231137,-0.0407482858278215,54.06977079441933,0.015202826807577,-0.6945268722088117,0.2916570338023908,-0.2026478565445618,-1.0391303935411491,-0.7243248567287954,0.0735856115709911,-0.4864742804820478,0.0937598056395896,-0.2965566962269997,0.6945268722088117,0.2026478565445618,9,-0.1322565608014052,0,-0.1322565608014052,HANNOVER RUECK,Financieros,Alemania
EPI A.ST,,,,,,,,,,,,,,,,,,,,,0,,9,,EPIROC CLASS A,Industriales,Suecia
BT.A.L,,,,,,,,,,,,,,,,,,,,,0,,9,,BT GROUP PLC,Comunicación,Reino Unido
ALFA.ST,28.578653,0.18301001,40.204,-0.033,0.0131112949756817,0.1555705243731311,0.3541587276324032,41.76333515305873,0.1280707982315099,0.2240243336437304,0.1287911388542421,-0.178937312524437,-0.3850441134583568,-0.1891801489098925,0.2852649467644443,0.299203635590302,-0.7894501901070214,0.4598904509600678,-0.2240243336437304,0.178937312524437,9,-0.0261790334917231,0,-0.0261790334917231,ALFA LAVAL,Industriales,Suecia
DSFIR.AS,69.40496,0.01663,28.644,,0.3455456561485153,0.3218247203739153,-0.014100352650322,54.76772296878848,0.2486981169588056,2.2839717062330323,-0.6658607447273394,-0.2011365422055452,,2.281274688886869,0.9031753235917732,-0.4334575147804638,0.1438505349880723,1.2683411564428404,-2.2839717062330323,0.2011365422055452,8,0.1768110350467831,1,0.1268110350467831,DSM FIRMENICH AG,Materials,Holanda
WRT1V.HE,27.263636,0.27256,22.797,-0.003,-0.175872484909984,-0.052972568940537,0.3887886435058172,33.557052134630666,-0.0478614072748969,0.1576733454424154,0.5564931700550566,-0.2123648204015175,-0.284415454984081,-1.5935954194508684,-0.4898188975770106,0.3681007663320054,-1.3783998584774495,-0.7192165470189081,-0.1576733454424154,0.2123648204015175,9,-0.3873511962402393,0,-0.3873511962402393,WARTSILA,Industriales,Finlandia
TRN.MI,19.226416,0.13335,173.449,0.096,0.020994559855249,0.1615119900254291,0.2250487126016869,52.32973489211855,0.087518036140503,-0.2478556244426684,-0.1083913236614181,0.0769395351277484,0.0476591179810288,-0.1305964038642503,0.3073473565226965,0.0423358563513801,-0.0311193345644958,0.18810368269187,0.2478556244426684,-0.0769395351277484,9,0.0540283378635257,0,0.0540283378635257,TERNA RETE ELETTRICA NAZIONALE,Servicios,Italia
WKL.AS,10.638298,1.11652,623.058,0.016,-0.0643703269533446,-0.2611558514387009,-0.5375789181072737,60.02885518352932,-0.1956835653631786,-0.6811809092789112,3.0,0.9403455435787328,-0.2206839712837064,-0.7649775696686506,-1.263565447330161,-1.474931923687577,0.5214322082214349,-1.7099285122133652,0.6811809092789112,-0.9403455435787328,9,-0.2413133166957608,0,-0.2413133166957608,WOLTERS KLUWER NV,Industriales,Holanda
ESSITY B.ST,,,,,,,,,,,,,,,,,,,,,0,,9,,ESSITY CLASS B,Productos básicos de consumo,Suecia
FBK.MI,22.122643,0.24597,,0.042,0.1281966299668557,0.0892234715633557,0.3209354507635826,69.40506976136004,0.1475544863775297,-0.1017225147525807,0.4294959810031129,,-0.1334724672726674,0.6660657456039769,0.0386754868335945,0.2331050502380854,1.1943456885124364,0.5904711651237144,0.1017225147525807,,8,0.3900511455993543,1,0.3400511455993543,FINECOBANK BANCA FINECO,Financieros,Italia
INF.L,,-0.02141,55.685,0.08,0.0067500499054087,-0.1186254960184579,-0.0645007855832184,29.739560862189123,-0.0646065342938676,,-0.847544575924629,-0.1492083960284823,-0.0060094998719181,-0.2364531462102421,-0.7338285279284992,-0.5337305050444129,-1.65237410648506,-0.8314432788630454,,0.1492083960284823,8,-0.5865219055374156,1,-0.6365219055374156,INFORMA PLC,Comunicación,Reino Unido
EDP.LS,16.851852,0.07778,138.97,-0.008,0.0476529443574025,0.1269981362420345,0.2384335649838851,52.36687162695488,0.093034779903492,-0.3676675112450957,-0.3738006427895302,0.0107278361506783,-0.301186898063127,0.0675128852262099,0.1790710849454057,0.0689653730936568,-0.0284541001804144,0.2250771927906812,0.3676675112450957,-0.0107278361506783,9,0.0215693966796999,0,0.0215693966796999,EDP ENERGIAS DE PORTUGAL SA,Servicios,Portugal
DSY.PA,19.472826,0.13416,26.856,-0.041,-0.0565067197684669,-0.2324156327835108,-0.3896441495711491,43.6079514667059,-0.1394427344780257,-0.2354226695814871,-0.1045226616406556,-0.2045701254814814,-0.4118784223848303,-0.7065399089410508,-1.1567478164581886,-1.1806118009840223,-0.6570655083024107,-1.3329994725417682,0.2354226695814871,0.2045701254814814,9,-0.567819199576662,0,-0.567819199576662,DASSAULT SYSTEMES,Tecnología de la Información,Francia
STMN.SW,44.475338,0.17014,19.352,0.022,0.1076544615138201,0.0268981715863718,-0.0454793334081832,28.09652653718921,0.0739519467875744,1.0261134008383157,0.0673223500964233,-0.2189804212883184,-0.2005582395888513,0.5134085435789025,-0.1929664838416766,-0.4958868243900635,-1.7702916239112734,0.0971830303576182,-1.0261134008383157,0.2189804212883184,9,-0.309880247472102,0,-0.309880247472102,STRAUMANN HOLDING AG,Cuidado de la Salud,Suiza
BG.VI,17.071985,0.19031,,0.084,0.1904599451328257,0.3265867750324314,0.6880479795531789,42.94872359176456,0.3146336622100099,-0.3565603984961958,0.1636568105393605,,0.0074076545913185,1.1287697441508182,0.92087426328351,0.9634851061813348,-0.704377066708986,1.7102446873937052,0.3565603984961958,,8,0.5683276997409071,1,0.5183276997409071,BAWAG GROUP AG,Financieros,Austria
TIT.MI,42.22222,0.03105,108.632,0.014,0.1623749638688607,0.3318291694906978,0.8892171758584213,20.53229319518539,0.245928858168436,0.9124292387064418,-0.5969890085058642,-0.0475316993221124,-0.2273925485153248,0.9200588347604336,0.9403584628592584,1.3637165266014526,-2.313162581230881,1.249781436751151,-0.9124292387064418,0.0475316993221124,9,0.0523859537039885,0,0.0523859537039885,TELECOM ITALIA,Comunicación,Italia
TEF.MC,,-0.08895001,230.558,-0.124,-0.0528675124264652,0.1135323067293969,-0.1704015835846644,57.59717671718397,-0.0125201471255439,,-1.1701241704541574,0.1866087226587525,-0.6902843774969932,-0.6794954802241304,0.1290231704349823,-0.7444229350297193,0.3469151676658513,-0.4823575419291315,,-0.1866087226587525,8,-0.4346693612115063,1,-0.4846693612115063,TELEFONICA SA,Comunicación,España
BOL.ST,12.272844,0.14731,28.514,0.317,-0.098099447814881,-0.1730539052100341,0.6306601364204427,29.9875227978157,-0.081929731292058,-0.5987076466819208,-0.0417166053776598,-0.2013861875220283,0.78895690207486,-1.015632374163101,-0.9361204378031848,0.8493104790828055,-1.6345783395796507,-0.9475442664516472,0.5987076466819208,0.2013861875220283,9,-0.237470089779292,0,-0.237470089779292,BOLIDEN,Materials,Suecia
NESTE.HE,35.55914,0.095869996,67.65,0.029,0.325450849041502,0.6785811480070396,1.5470784928870902,84.65406122176256,0.4380628987517814,0.5762343891612127,-0.2874005434303387,-0.1262314251691,-0.1770782192781869,2.131942010829849,2.2291177896292367,2.6725489631257924,2.288737442174848,2.537473995084645,-0.5762343891612127,0.1262314251691,9,1.216148719349304,0,1.216148719349304,NESTE,Energía,Finlandia
KRZ.IR,20.501253,0.105909996,43.555,,0.2148148148148148,0.1272142017672712,-0.0710503318379944,48.77193715102269,0.1041121317080826,-0.1835319733069039,-0.2394482388766902,-0.1725022244049393,,1.309760678473935,0.1798741271141448,-0.5467610000148198,-0.2864558608629561,0.2993181937164164,0.1835319733069039,0.1725022244049393,8,0.1340402621577341,1,0.0840402621577341,KERRY GROUP PLC,Productos básicos de consumo,Irlanda
IAG.L,7.129032,,187.872,0.019,-0.0116927816595827,-0.1109251669539129,-0.0054954566359395,39.71256108381472,-0.0868416602881663,-0.8582457433922924,,0.1046367228172487,-0.2106211054362788,-0.3735093226586092,-0.7052090202804336,-0.4163378472684553,-0.9366304305729776,-0.98046427581671,0.8582457433922924,-0.1046367228172487,8,-0.3586453726823027,1,-0.4086453726823026,INTERNATIONAL AIRLINES GROUP SA,Industriales,España
SHL.DE,18.553762,0.11467,83.879,-0.039,-0.0380873700330458,-0.1967415816310264,-0.2383549367759111,50.93457083183549,-0.1296696878761576,-0.2817953055399984,-0.197609356436533,-0.0950660879290736,-0.4051698451532119,-0.5696582355111375,-1.024159485331285,-0.8796179229779507,-0.1312476641359809,-1.2674999944520808,0.2817953055399984,0.0950660879290736,9,-0.4553445678365675,0,-0.4553445678365675,SIEMENS HEALTHINEERS AG,Cuidado de la Salud,Alemania
EN.PA,15.110759,0.09117,101.941,-0.032,-0.0510761030892351,0.100651172904238,0.2851337530738671,51.79154106329416,0.0476755611918704,-0.455516749011902,-0.3098483162981604,-0.0603807517266362,-0.3816898248425476,-0.666182789417979,0.0811483711978573,0.1618766286756481,-0.0697445046071746,-0.0789227033726411,0.455516749011902,0.0603807517266362,9,-0.0830517375473843,0,-0.0830517375473843,BOUYGUES SA,Industriales,Francia
RTO.L,49.599995,0.05377,111.995,0.058,-0.0026109415724134,0.0332028204298557,0.3391795501385339,58.99037271588965,0.10547514991766,1.2846850057246302,-0.4884754268864525,-0.0410735670195547,-0.0798038494197204,-0.3060184781493701,-0.1695342455201682,0.2694021669996552,0.4469022531185646,0.3084532142469637,-1.2846850057246302,0.0410735670195547,9,-0.1402984227017337,0,-0.1402984227017337,RENTOKIL INITIAL PLC,Industriales,Reino Unido
PST.MI,14.675532,0.19018,723.591,0.085,0.2777846584651238,0.2829906696685504,0.5746782416164318,19.26227778203352,0.2338232716634605,-0.4774767248463541,0.1630359141656578,1.1334039482094294,0.0107619432071277,1.7777151773180944,0.7588423474486004,0.7379330232559116,-2.404309225176924,1.168649152178406,0.4774767248463541,-1.1334039482094294,9,0.1729667898926442,0,0.1729667898926442,POSTE ITALIANE,Financieros,Italia
ELE.MC,17.977777,0.24463,120.027,-0.013,0.0748382948525325,0.3629683351743802,0.650453270729384,73.57268787683029,0.2246973124116105,-0.3108574195196157,0.4230959722280243,-0.0256493271580788,-0.317958341142173,0.2695382727672344,1.0560921650125683,0.8886894416900508,1.4934478888007905,1.107486487922853,0.3108574195196157,0.0256493271580788,9,0.5840998482174492,0,0.5840998482174492,ENDESA SA,Servicios,España
SGRO.L,21.20488,0.04531,42.174,0.078,-0.0163610374977961,-0.0438327886752172,0.0684884699545531,21.313411457276644,-0.0537409815841742,-0.1480295069698704,-0.5288814524366384,-0.1751542258054246,-0.0127180771035365,-0.4082010289518445,-0.4558494387379921,-0.2691448745300193,-2.257103176457287,-0.7586217667355099,0.1480295069698704,0.1751542258054246,9,-0.4852595646863925,0,-0.4852595646863925,SEGRO REIT PLC,Inmobiliario,Reino Unido
RI.PA,11.617173,0.08565,82.292,-0.149,-0.0124657906664829,-0.1510715899860304,-0.3313789565900789,59.86754167175081,-0.0970284975916613,-0.6317904271972634,-0.3362125315507639,-0.0981136811387551,-0.7741415928922228,-0.3792538667364822,-0.8544196386032822,-1.0646916632285266,0.5098550375276772,-1.0487370011955028,0.6317904271972634,0.0981136811387551,9,-0.3575219053714539,0,-0.3575219053714539,PERNOD RICARD SA,Productos básicos de consumo,Francia
LOGN.SW,21.76804,0.32783002,3.986,0.074,0.0962733250378804,0.1688741348905942,0.1170832835372859,74.87308157972831,0.0394001751492472,-0.1196144959734706,0.82046974692022,-0.248488497696615,-0.0261352315667733,0.4288306931803614,0.3347099483689202,-0.1724642115732666,1.5867747260976457,-0.1343847807435705,0.1196144959734706,0.248488497696615,9,0.356211542705958,0,0.356211542705958,LOGITECH INTERNATIONAL SA,Tecnología de la Información,Suiza
SRG.MI,17.133333,0.11226,193.101,0.03,-0.0675904430309647,0.115087122902608,0.2550076868019117,48.18184248342457,0.0517363249247584,-0.3534650009278189,-0.2091198199797892,0.1146782255856323,-0.1737239306623777,-0.7889075608830297,0.1348018940437479,0.1019400254722427,-0.3288058575677541,-0.0517072488695535,0.3534650009278189,-0.1146782255856323,9,-0.1196373025671474,0,-0.1196373025671474,SNAM,Servicios,Italia
CCH.L,22.035873,0.25959,99.274,0.073,0.0342926174043858,0.1087404038745794,0.0847585840574034,42.02468083424216,0.0368795269284083,-0.1061006142343579,0.4945468164633412,-0.0655023214117154,-0.0294895201825825,-0.0317731339421473,0.111213295135797,-0.2367750535167638,-0.7706938966770506,-0.1512782991763064,0.1061006142343579,0.0655023214117154,9,-0.0491829840277376,0,-0.0491829840277376,COCA COLA HBC AG,Productos básicos de consumo,Reino Unido
UPM.HE,23.009804,0.05178,35.405,-0.053,-0.1089597882538898,0.0366973698300199,0.0773050841284617,63.953475477631855,-0.0264490601153023,-0.0569595884606265,-0.4979799175300542,-0.1881530653998382,-0.4521298857745406,-1.0963399775618972,-0.1565461923543585,-0.2516039881571109,0.8030949068513797,-0.5757098575736159,0.0569595884606265,0.1881530653998382,9,-0.2202335842488592,0,-0.2202335842488592,UPM-KYMMENE,Materials,Finlandia
KNIN.SW,29.801136,0.32276002,144.88,-0.115,0.1379974669485304,0.2129706961422959,0.2530167214363095,64.4518119165482,0.2209803842989937,0.2857063918295244,0.7962547883458178,0.0220770963077154,-0.6600957799547105,0.7388997482335891,0.4986018887545925,0.0979789473801815,0.838859586155957,1.0825754380331745,-0.2857063918295244,-0.0220770963077154,9,0.3428101254234847,0,0.3428101254234847,KUEHNE UND NAGEL INTERNATIONAL AG,Industriales,Suiza
CLNX.MC,,-0.02388,175.475,-0.084,-0.1447456017847977,-0.0415136985114994,-0.2262145711287375,38.27934470278367,-0.1098123098681691,,-0.8593416070249789,0.0808301613677072,-0.5561128328646255,-1.3622789011136691,-0.4472301682989312,-0.8554643454092697,-1.0394897044264146,-1.1344147909594184,,-0.0808301613677072,8,-0.7918953139331268,1,-0.8418953139331269,CELLNEX TELECOM,Comunicación,España
SCHP.SW,26.729559,0.23524,,-0.051,-0.0574374291345558,-0.1274900692621574,-0.1222444470394324,35.02538228336759,-0.0766964639220649,0.1307257571408239,0.378248149542889,,-0.4454213085429222,-0.7134563884768157,-0.7667751357446531,-0.6486130420796155,-1.2730205348281218,-0.9124706302149368,-0.1307257571408239,,8,-0.564029330935625,1,-0.6140293309356251,SCHINDLER HOLDING PAR AG,Industriales,Suiza
UU..L,,,,,,,,,,,,,,,,,,,,,0,,9,,UNITED UTILITIES GROUP PLC,Servicios,Reino Unido
KRX.IR,20.733696,0.15353,56.835,0.054,-0.0541719294918557,0.0752575211669777,0.0225067346823275,41.51515796054177,0.0111775178283681,-0.171803742606861,-0.0120091019589652,-0.1469999951519015,-0.0932210038829571,-0.6891891335466378,-0.0132312071312124,-0.3606267492871294,-0.8072614055990709,-0.3235345310853247,0.171803742606861,0.1469999951519015,9,-0.2200299327480595,0,-0.2200299327480595,KINGSPAN GROUP PLC,Industriales,Irlanda
FGR.PA,11.46729,0.17296,177.447,0.096,-0.0801103195932479,0.0458450414297515,0.0878935207167432,41.10576279417632,0.0016062897528472,-0.6393529797456926,0.0807910252798185,0.0846170887838963,0.0476591179810288,-0.8819478516423549,-0.1225474041056928,-0.2305380143719095,-0.8366429352053425,-0.3876814106780356,0.6393529797456926,-0.0846170887838963,9,-0.1973523979756324,0,-0.1973523979756324,EIFFAGE SA,Industriales,Francia
SN..L,,,,,,,,,,,,,,,,,,,,,0,,9,,SMITH AND NEPHEW PLC,Cuidado de la Salud,Reino Unido
ENX.PA,22.427479,0.15467,69.096,0.149,0.0315792383710986,0.2343320978992065,0.0217480385140773,65.46389806512505,0.114737804165298,-0.0863415958448129,-0.0065643183741884,-0.1234546011103731,0.2254364146189159,-0.0519373562442923,0.5779949634960585,-0.362136195318943,0.9114951265374076,0.3705320156341938,0.0863415958448129,0.1234546011103731,9,0.2082907608115931,0,0.2082907608115931,EURONEXT NV,Financieros,Francia
SY1.DE,49.22472,0.06534,70.286,-0.024,0.2023323253726781,0.2178102280040461,-0.0028649603957519,42.15976005801042,0.1718649493813977,1.265749990361902,-0.4332156496269194,-0.1211693862902591,-0.3548555159160741,1.2169982265983867,0.5165887848949332,-0.4111044056384424,-0.7609995120374516,0.7534011810890168,-1.265749990361902,0.1211693862902591,9,-0.0686408327453548,0,-0.0686408327453548,SYMRISE AG,Materials,Alemania
SOON.SW,22.241953,0.20524,64.938,,0.1096176289821408,-0.0558829049436683,-0.1055516832041183,57.18476608628061,0.0208688436348891,-0.095702564894671,0.2349643709961306,-0.1314394105406541,,0.5279976388589679,-0.5006356279792948,-0.6154023482793178,0.3173172237785221,-0.2585827501122441,0.095702564894671,0.1314394105406541,8,-0.0083999396627388,1,-0.0583999396627388,SONOVA HOLDING AG,Cuidado de la Salud,Suiza
CARL B.CO,,,,,,,,,,,,,,,,,,,,,0,,9,,CARLSBERG AS CL B,Productos básicos de consumo,Dinamarca
HEN3.DE,15.203253,0.09707,18.017,-0.063,0.1879994642509401,0.0680793072450076,0.1219032737054588,51.62036342058277,0.0781559988525455,-0.4508498372512993,-0.2816691731839645,-0.2215440866537405,-0.4856727719326326,1.1104849107884802,-0.0399101901353512,-0.1628747140415882,-0.0820296056304899,0.1253588108828891,0.4508498372512993,0.2215440866537405,9,0.0951201322947091,0,0.0951201322947091,HENKEL & KGAA PREF AG,Productos básicos de consumo,Alemania
URW.PA,11.903669,0.070539996,108.251,-0.038,0.0368835412805603,0.1897078582933464,0.3149706614363747,62.13591873438011,0.112194017862647,-0.61733487816959,-0.4083798137833184,-0.0482633521342665,-0.4018155565374027,-0.0125189256777652,0.412141821898598,0.2212379445937757,0.6726522400826681,0.3534834245465912,0.61733487816959,0.0482633521342665,9,0.1669332628252225,0,0.1669332628252225,UNIBAIL RODAMCO WE STAPLED UNITS,Inmobiliario,Francia
SPSN.SW,27.599165,0.05565,83.042,-0.196,-0.0257921892314776,0.0849669151085981,0.176164284478913,55.844162278116045,0.0517875979269537,0.1746029218054578,-0.4794963100975223,-0.0966734196975068,-0.931793157835255,-0.4782877502650946,0.022855312268294,-0.0549210023692561,0.2211045820183443,-0.0513636144819673,-0.1746029218054578,0.0966734196975068,9,-0.2033146047633786,0,-0.2033146047633786,SWISS PRIME SITE AG,Inmobiliario,Suiza
MONC.MI,22.242426,0.16854,29.312,0.015,-0.0299587441105207,0.0704037930131584,0.0618542802810186,51.61289613739942,-0.0078665676724516,-0.0956786990302608,0.0596805485739294,-0.19985374934854,-0.2240382598995156,-0.5092511128415834,-0.0312708660672775,-0.2823437698138992,-0.0825655186552525,-0.4511690049412717,0.0956786990302608,0.19985374934854,9,-0.136158392807341,0,-0.136158392807341,MONCLER,Consumo discrecional,Italia
AGS.BR,7.7887793,0.18818001,77.615,0.195,0.0764044162242758,0.2387772793181699,0.2845547201021239,56.800012695358994,0.1625929207902605,-0.8249572875638511,0.1534837100238002,-0.10709515148638,0.3797336909461388,0.2811767571457749,0.5945161929851752,0.1607246273105921,0.2897041885616249,0.6912595523530951,0.8249572875638511,0.10709515148638,9,0.3869612398196036,0,0.3869612398196036,AGEAS SA,Financieros,Bélgica
KOG.OL,46.21035,0.32644,24.069,0.296,-0.087744082650538,-0.1481986312099018,-0.1191195490060283,32.696624859884935,-0.110959366911068,1.1136558134011494,0.8138308363250346,-0.2099221369971603,0.718516841142867,-0.9386774472501674,-0.8437418266582615,-0.6423959750457557,-1.4401511235727935,-1.1421024282653345,-1.1136558134011494,0.2099221369971603,9,-0.4864949777476,0,-0.4864949777476,KONGSBERG GRUPPEN,Industriales,Noruega
ITRK.L,26.944445,0.28238,146.182,0.02,-0.0012473403272387,0.0595500623181042,-0.0218666892058181,16.095126577970518,-0.0017203750970304,0.1415681253008006,0.6033947268993621,0.0245773901697226,-0.2072668168204696,-0.2958850031346852,-0.0716104964952017,-0.448908846138126,-2.631609776123461,-0.4099768954253049,-0.1415681253008006,-0.0245773901697226,9,-0.4031120691898233,0,-0.4031120691898233,INTERTEK GROUP PLC,Industriales,Reino Unido
ADM.L,14.55967,0.52965,131.165,-0.041,0.0118028968965118,0.2939622982302874,0.0263672488890176,45.708099828324485,0.0703255826178781,-0.4833227011302962,1.7843873909412602,-0.0042604845812464,-0.4118784223848303,-0.198903386763662,0.7996201642019314,-0.3529461544800041,-0.5063417667099727,0.0728789448298924,0.4833227011302962,0.0042604845812464,9,0.1860444394829064,0,0.1860444394829064,ADMIRAL GROUP PLC,Financieros,Reino Unido
DPLM.L,52.97872,0.18952999,47.45,0.168,-0.0028591939640495,0.2624434053219611,0.3173850117693431,49.43545582845025,0.1619494191652832,1.455163214455383,0.1599313845358853,-0.1650224666533894,0.2891678983192906,-0.307863342560342,0.6824751449323289,0.2260413582421034,-0.238836359542929,0.6869467702388851,-1.455163214455383,0.1650224666533894,9,0.0230802340403587,0,0.0230802340403587,DIPLOMA PLC,Industriales,Reino Unido
STLAM.MI,,-0.30152,78.657,0.065,-0.2939376904041891,-0.3951881700766165,-0.3556655193976399,47.77777409848008,-0.3120602061198524,,-2.185385216215712,-0.1050941482573389,-0.056323829109056,-2.470985942679558,-1.7617180504452394,-1.1130104203151914,-0.3578050939793707,-2.48989094787147,,0.1050941482573389,8,-1.2912531690447824,1,-1.3412531690447824,STELLANTIS NV,Consumo discrecional,Italia
CA.PA,11.651409,0.08636,180.581,,0.0649166117570951,0.2663457103068058,0.3503455199142689,64.84516601750798,0.1469097522996454,-0.63006300281259,-0.3328214821251573,0.0906354612597261,,0.1958062135549008,0.6969786871086071,0.2916171582895221,0.8670898783347891,0.5861501230445751,0.63006300281259,-0.0906354612597261,8,0.3555310149700126,1,0.3055310149700126,CARREFOUR SA,Productos básicos de consumo,Francia
NHY.OL,26.826923,0.061880004,30.684,-0.117,-0.1890309539040807,0.03416087122429,0.4155968187695975,37.84994888825002,-0.0287983796393607,0.1356383914377441,-0.4497410263148083,-0.1972190310853497,-0.6668043571863289,-1.6913813500922683,-0.165973496127679,0.4214363378894619,-1.070306643350084,-0.5914551219686842,-0.1356383914377441,0.1972190310853497,9,-0.461405001944754,0,-0.461405001944754,NORSK HYDRO,Materials,Noruega
UNI.MI,12.891625,,46.738,-0.021,0.2392933120997831,0.4151539730239579,0.6561126515579936,58.07087235017161,0.302346627878215,-0.5674862017650886,,-0.1663897548482812,-0.3447926500686465,1.4916703397565267,1.2500484555861613,0.8999489290734768,0.3809114221613527,1.627896329835602,0.5674862017650886,0.1663897548482812,8,0.7549448478697304,1,0.7049448478697303,UNIPOL ASSICURAZIONI SPA,Financieros,Italia
KGH.WA,8.895501,0.20131001,16.957,0.328,-0.0500920795679468,-0.0379176279422698,1.359296093979442,40.02695857531936,0.0839364876045807,-0.769116124705242,0.2161942437677648,-0.2235796561573715,0.8258540768487612,-0.6588701107282791,-0.4338647954302677,2.298950929107367,-0.9140667073937564,0.164099953925146,0.769116124705242,0.2235796561573715,9,0.2767770412177055,0,0.2767770412177055,KGHM POLSKA MIEDZ SA,Materials,Polonia
BNZL.L,19.333334,0.16469999,105.926,0.003,-0.0073559797423151,0.180272078977657,0.0488855290925311,41.96487098262352,0.0552920134034846,-0.2424609299584844,0.0413401771586848,-0.0527281626021365,-0.2642897232892259,-0.3412807851533967,0.3770722351280503,-0.3081454422596532,-0.7749863384801159,-0.0278768355814837,0.2424609299584844,0.0527281626021365,9,-0.1114419577685021,0,-0.1114419577685021,BUNZL,Industriales,Reino Unido
NTGY.MC,12.895927,0.22013001,167.752,-0.069,0.0385174218136084,0.127673069618736,0.1119782088900958,67.36842052427993,0.0852225733706624,-0.5672691384486127,0.3060809341760978,0.0659993092200257,-0.5057985036274878,-0.000376895434532,0.1815795830595166,-0.1826208921929743,1.048179160978393,0.1727193691278551,0.5672691384486127,-0.0659993092200257,9,0.1690036205906061,0,0.1690036205906061,NATURGY ENERGY GROUP SA,Servicios,España
METSO.HE,26.24138,0.1757,55.153,0.033,-0.019293449789978,-0.0346361858536783,0.3592096254495651,53.56125332902957,0.0214091907936064,0.1060940154453708,0.0938776103870891,-0.1502300214774745,-0.1636610648149501,-0.4299929764150282,-0.421668789757791,0.3092525299781498,0.0572644530019423,-0.2549613147170149,-0.1060940154453708,0.1502300214774745,9,-0.0850837273672776,0,-0.0850837273672776,METSO CORPORATION,Industriales,Finlandia
LISP.SW,29.959204,0.14836,35.608,0.075,-0.0502538071065989,-0.1406536150109321,-0.2941765914241843,46.948356807511736,-0.140161600076369,0.2936819297906348,-0.0367016731285233,-0.187763234636407,-0.0227809429509641,-0.6600719737933926,-0.8156995641781511,-0.9906765767898388,-0.4173308302182454,-1.3378173480135909,-0.2936819297906348,0.187763234636407,9,-0.4874441782474371,0,-0.4874441782474371,CHOCOLADEFABRIKEN LINDT & SPRUENGL,Productos básicos de consumo,Suiza
ASRNL.AS,32.240738,0.05647,239.303,0.095,0.1351200868808695,0.1906381416134899,0.2751788176779306,85.05749814380674,0.1602740206976438,0.4087998602165525,-0.4755798868172443,0.2034021710637086,0.0443048293652196,0.7175167675956844,0.4155993690206165,0.1420710222165923,2.3176913596686437,0.675718160605358,-0.4087998602165525,-0.2034021710637086,9,0.3583466211527343,0,0.3583466211527343,ASR NEDERLAND NV,Financieros,Holanda
PEO.WA,9.45178,0.18752001,,-0.026,0.0580464066407648,0.2444301079418058,0.337028307549964,56.4285594914322,0.1710215804160044,-0.7410483040111832,0.1503314668957714,,-0.3615640931476924,0.1447509273130849,0.6155258369460092,0.2651222131463567,0.2630456830267132,0.7477488774297115,0.7410483040111832,,8,0.3207511519526422,1,0.2707511519526422,BANK PEKAO SA,Financieros,Polonia
SOBI.ST,118.0203,0.023139998,47.201,0.111,0.1291889601360973,0.4281326513617016,0.7120765447360606,47.67440932063774,0.2177014496663545,4.736925432871487,-0.6347681743349448,-0.1655006334518839,0.0979734472181667,0.6734401543704042,1.298285794644708,1.0112905701908936,-0.3652233918244149,1.060599843740294,-3.0,0.1655006334518839,9,0.0341220974952211,0,0.0341220974952211,SWEDISH ORPHAN BIOVITRUM,Cuidado de la Salud,Suecia
ALE.WA,25.616476,0.17698,54.01,0.117,0.5091213082668671,0.5050909430579866,0.2643017183788498,80.23203285420941,0.4037354272475493,0.0745636261569018,0.0999910516050842,-0.152424979913937,0.1180991789130219,3.0,1.584313625315608,0.1204307463568815,1.9713766913030204,2.307409455411209,-0.0745636261569018,0.152424979913937,9,1.0310535669624288,0,1.0310535669624288,ALLEGRO SA,Consumo discrecional,Polonia
CNA.L,,-0.01228,81.693,-0.0,0.0187409600293064,0.1517461137486766,0.30297638674909,64.1795551950882,0.1454956759051806,,-0.803938545986899,-0.0992639699431655,-0.2743525891366535,-0.1473438200242879,0.2710509114682286,0.1973750188418775,0.8193202276601055,0.5766729078434643,,0.0992639699431655,8,0.0922560100761251,1,0.0422560100761251,CENTRICA PLC,Servicios,Reino Unido
BVI.PA,20.656488,0.32172,175.987,0.018,0.0942707762676868,0.0257285773593147,0.0123785530357671,57.44676879223557,0.0263379843272471,-0.1756993782503904,0.7912875218336779,0.0818133798449328,-0.213975394052088,0.4139489394416839,-0.1973134683206278,-0.3807770337299082,0.3361206706542659,-0.2219282783244964,0.1756993782503904,-0.0818133798449328,9,0.0690276617675516,0,0.0690276617675516,BUREAU VERITAS SA,Industriales,Francia
AGN.AS,13.366667,0.10421,56.935,-0.137,0.1935193152174517,0.2459141259879,0.3656023586786479,83.33337154149282,0.2042898326207121,-0.5435173054412166,-0.2475676338898361,-0.1468079602930684,-0.7338901295025128,1.151505166564765,0.6210414279634913,0.3219710412991397,2.1939540003329765,0.9707144730248384,0.5435173054412166,0.1468079602930684,9,0.5520059568363497,0,0.5520059568363497,AEGON LTD,Financieros,Holanda
BKT.MC,13.142857,0.17694001,,0.061,0.1129015172423528,0.1411984312437459,0.3450490959234336,69.55602340916893,0.1381015406927721,-0.554809946273492,0.0998000543282814,,-0.0697409835722928,0.5524015470789333,0.23184875821102,0.2810797831051885,1.2051793510386628,0.5271170204045602,0.554809946273492,,8,0.4228119346084806,1,0.3728119346084806,BANKINTER SA,Financieros,España
TELIA.ST,35.864002,0.105579995,169.141,0.046,-0.0294435340136139,0.1589013867667743,0.347921081822216,45.25068027878471,0.0475694592030468,0.5916166199346775,-0.2410243652168305,0.0686666734092177,-0.1200553128094307,-0.5054223772322599,0.2976446309247547,0.2867936747785048,-0.5391699169702842,-0.0796338045446023,-0.5916166199346775,-0.0686666734092177,9,-0.1734611960460048,0,-0.1734611960460048,TELIA COMPANY,Comunicación,Suecia
SMIN.L,35.486485,0.12528,73.095,-0.01,0.00355871886121,-0.0304966504091851,0.0970185117061832,48.8389046120556,0.0205747750780704,0.5725684813837724,-0.146934660090496,-0.1157751271056368,-0.3078954752947453,-0.2601692241431507,-0.4062835425404226,-0.2123836041933111,-0.2816497307455353,-0.2605536132196122,-0.5725684813837724,0.1157751271056368,9,-0.259184800500601,0,-0.259184800500601,SMITHS GROUP PLC,Industriales,Reino Unido
AC.PA,28.79503,0.09798,91.202,-0.012,0.1081252526389928,0.0129617827154411,-0.03938712120554,24.040960639385645,0.0404437423212522,0.2349419322557909,-0.2773228985680462,-0.0810033752167245,-0.3146040525263637,0.5169071837575872,-0.2447633076572294,-0.483766207575226,-2.061352044957214,-0.1273907380563295,-0.2349419322557909,0.0810033752167245,9,-0.3495811802913209,0,-0.3495811802913209,ACCOR SA,Consumo discrecional,Francia
AKZA.AS,15.790055,0.13149999,120.894,-0.087,0.1138271250333922,-0.0188067445301887,0.0140668679929194,34.67739909380414,0.0342930286523905,-0.4212419366853689,-0.1172272044330609,-0.0239843849319957,-0.5661756987120531,0.5592801147372466,-0.3628361329680794,-0.3774180866056562,-1.297994641086906,-0.1686131481809819,0.4212419366853689,0.0239843849319957,9,-0.2095287195146807,0,-0.2095287195146807,AKZO NOBEL NV,Materials,Holanda
BCP.LS,15.228571,0.1359,,0.111,0.2504876715522177,0.2207999636961564,0.5985316391251014,55.08474975804538,0.2322380623667097,-0.4495723828006869,-0.0962122024849436,,0.0979734472181667,1.5748601741880073,0.5277006169723458,0.7853899865588552,0.1666029579764233,1.1580249951647426,0.4495723828006869,,8,0.5829890447992856,1,0.5329890447992855,BANCO COMERCIAL PORTUGUES SA,Financieros,Portugal
ORSTED.CO,,0.00727,65.163,0.334,0.0419859415248389,0.3097072111178027,-0.4285714285714286,51.80136243826819,0.1734071427580441,,-0.710565283633928,-0.1310073321082796,0.8459798085436163,0.0253990841313946,0.8581386575059572,-1.258058648978245,-0.0690396427932562,0.7637370431184073,,0.1310073321082796,8,0.0733247937502782,1,0.0233247937502782,ORSTED A/S,Servicios,Dinamarca
SGE.L,20.885,0.75564003,919.091,0.097,-0.012405816087933,-0.1335277388535674,-0.2942471263462559,53.09479528270912,-0.0597408600271776,-0.1641694915524549,2.86374423801777,1.5088320972281712,0.051013406596838,-0.3788081712698624,-0.7892151028680658,-0.9908169078771444,0.0237876266394793,-0.7988332711545276,0.1641694915524549,-1.5088320972281712,9,-0.1515323097323588,0,-0.1515323097323588,THE SAGE GROUP PLC,Tecnología de la Información,Reino Unido
MNG.L,29.5,0.09645,216.813,0.37,0.0366598356049383,0.0127263932221433,0.1795405432228216,43.376908037227366,0.0294910617747568,0.2705121615017102,-0.2846303712739309,0.1602135313121407,0.9667341987127472,-0.014181373466355,-0.2456381704516949,-0.0482038465740418,-0.6736470654903582,-0.2007961855798682,-0.2705121615017102,-0.1602135313121407,9,-0.1034542785485947,0,-0.1034542785485947,M&G PLC,Financieros,Reino Unido
WISE.L,25.086487,0.27232,25.125,0.268,0.0260540028422548,0.1107692307692307,0.0586510263929618,60.060539561120784,0.1782516289933511,0.0478223035079729,0.5553468998266824,-0.2078942488878826,0.6245967599002097,-0.0929976268915316,0.1187537555942236,-0.2887167278866549,0.5237061370675532,0.7962050475137439,-0.0478223035079729,0.2078942488878826,9,0.2663295767226817,0,0.2663295767226817,WISE PLC CLASS A,Financieros,Reino Unido
PSON.L,24.137257,0.08708999,40.513,0.032,0.0405972935137657,0.1508720292919187,0.0546351408879295,41.91579291890351,0.0602554681225415,-7.239939726275672e-05,-0.329334957941779,-0.1783439248106427,-0.1670153534307593,0.0150794764204184,0.2678022364329734,-0.2967064379886172,-0.7785085798270515,0.0053885019190948,7.239939726275672e-05,0.1783439248106427,9,-0.1227643100230905,0,-0.1227643100230905,PEARSON PLC,Consumo discrecional,Reino Unido
PZU.WA,9.704109,0.18290001,61.905,-0.047,0.0627061573078975,0.0281566729905375,0.2548815134683517,71.11514664613566,0.0930647497952754,-0.728316697878449,0.1282657649995707,-0.1372638278090625,-0.4320041540796854,0.1793794282235535,-0.1882890615835214,0.1016890002982233,1.317074725753155,0.2252780525993146,0.728316697878449,0.1372638278090625,9,0.2441082535442357,0,0.2441082535442357,PZU SA,Financieros,Polonia
BEZ.L,11.704545,0.19274001,13.08,0.011,0.0019623233908947,0.1082873591017956,0.4170333098269763,49.5012456195825,0.1458926123436594,-0.6273819529789642,0.1752628443629074,-0.2310248476343314,-0.2374554143627524,-0.2720326876514458,0.1095294815960224,0.4242942747250952,-0.2341147486037881,0.5793331969645836,0.6273819529789642,0.2310248476343314,9,0.1559137497382131,0,0.1559137497382131,BEAZLEY PLC,Financieros,Reino Unido
AKRBP.OL,14.76148,0.12066,83.373,0.42,0.0168788342135142,0.2781199741583682,0.4633159950255685,82.46488579914075,0.1706177036092446,-0.4731401005031505,-0.1690003619866968,-0.0960377843147692,1.1344486295032066,-0.1611820337215131,0.7407396266120465,0.5163748972960718,2.131624394006448,0.7450420735912606,0.4731401005031505,0.0960377843147692,9,0.6119139011243048,0,0.6119139011243048,AKER BP,Energía,Noruega
OMV.VI,17.710674,0.06813,36.964,-0.041,0.1536297336007959,0.37163673732032,0.4383459866173214,92.47311254583788,0.2316319565888898,-0.3243344681064672,-0.4198902582220709,-0.18515924195063,-0.4118784223848303,0.8550694746137697,1.0883096714895977,0.4666964071659474,2.849896212100823,1.1539628420070198,0.3243344681064672,0.18515924195063,9,0.6768510707585947,0,0.6768510707585947,OMV AG,Energía,Austria
SVT.L,24.227642,0.20542999,596.632,0.153,0.0139549451529916,0.1361051847358558,0.1975899153034486,56.98876766354545,0.085307890271997,0.0044880998727662,0.2358717871656672,0.8895984117834936,0.2388535690821527,-0.1829106415864309,0.2129188909074001,-0.0122941448990429,0.303250781540084,0.1732911675380437,-0.0044880998727662,-0.8895984117834936,9,0.0083216553435126,0,0.0083216553435126,SEVERN TRENT PLC,Servicios,Reino Unido
FORTUM.HE,21.98913,0.09157,48.465,0.213,-0.0480000215418198,0.1131391472998388,0.3323668984581993,55.98631232756114,0.0516535382021783,-0.1084590964756476,-0.3079378659175369,-0.1630733128362333,0.4401108860307042,-0.6433231773325765,0.1275619303753912,0.2558482168476121,0.2313064266648824,-0.0522620898871658,0.1084590964756476,0.1630733128362333,9,0.035870748454799,0,0.035870748454799,FORTUM,Servicios,Finlandia
MKS.L,33.191666,0.07802,106.358,0.272,-0.0272334837641177,-0.0649584504396411,-0.0491217394190117,43.703563014973696,-0.0623571107762691,0.4567802380430749,-0.3726543725611561,-0.0518985720119774,0.6380139143634465,-0.4889985956731585,-0.5343663479985578,-0.5031334871905089,-0.6502036453227582,-0.8163675228160817,-0.4567802380430749,0.0518985720119774,9,-0.3480657470255413,0,-0.3480657470255413,MARKS AND SPENCER GROUP PLC,Productos básicos de consumo,Reino Unido
G1A.DE,23.144531,0.16649,9.675,0.012,-0.0052721025645758,-0.0036347380103338,-0.0133791118143957,41.346149261176784,0.0042763008571602,-0.0501617527007856,0.0498894903732343,-0.237563634577599,-0.2341011257469432,-0.3257946469667255,-0.3064469380399347,-0.43202258711992,-0.8193908455926959,-0.3697868542566284,0.0501617527007856,0.237563634577599,9,-0.2388809022301365,0,-0.2388809022301365,GEA GROUP AG,Industriales,Alemania
IMI.L,24.016129,0.28247,58.038,0.091,-0.0493398193189714,0.0089386588419528,0.2426762792684362,46.93306356884296,0.0265602771162838,-0.0061840789412146,0.6038245782350024,-0.1446898158001391,0.0308876749019828,-0.6532797591027527,-0.2597158926053917,0.0774063650334271,-0.4184283975117519,-0.2204384602300831,0.0061840789412146,0.1446898158001391,9,-0.0765411107264681,0,-0.0765411107264681,IMI PLC,Industriales,Reino Unido
TEL.OL,11.295823,0.25035998,128.144,-0.051,-0.1599920521801074,-0.0658285194951838,-0.1371747409145459,40.66852237454102,-0.1270120459206932,-0.6480045826480999,0.4504630784079361,-0.0100618576665948,-0.4454213085429222,-1.4755814700943128,-0.5376000991513629,-0.6783172554217985,-0.8680228668460239,-1.2496883367240903,0.6480045826480999,0.0100618576665948,9,-0.4606779797842089,0,-0.4606779797842089,TELENOR,Comunicación,Noruega
RXL.PA,19.150755,0.10777,94.537,-0.002,0.1159056639020652,0.1149567985310862,0.4849254808021108,54.341731905688185,0.1291130334315302,-0.2516732040772281,-0.2305646255022874,-0.0745990126746401,-0.2810611663682719,0.5747265817797803,0.1343175226206263,0.5593675390411365,0.1132779487418645,0.4668755667002286,0.2516732040772281,0.0745990126746401,9,0.1848012870849939,0,0.1848012870849939,REXEL SA,Industriales,Francia
BEAN.SW,56.18243,0.35181,21.038,0.205,0.1469979296066252,-0.0396132016166258,-0.0546696705005658,37.69968051118211,0.049469789192702,1.6168108010724642,0.9350011517160766,-0.215742713568392,0.4132765771042306,0.8057858439959321,-0.4401666668612594,-0.5141712423634932,-1.0810911252698483,-0.0668976918878999,-1.6168108010724642,0.215742713568392,9,-0.1499256934522593,0,-0.1499256934522593,BELIMO N AG,Industriales,Suiza
SDLF.L,,-0.22272,587.461,1.279,-0.0096104213169643,0.0566370234020743,0.1750714150151444,43.98386435017157,0.0362881315076824,,-1.8090264912328933,0.8719868948799087,3.0,-0.3580344566901563,-0.0824372727066618,-0.0570952949838879,-0.6300869398620929,-0.1552418627384382,,-0.8719868948799087,8,-0.1204886516367548,1,-0.1704886516367548,STANDARD LIFE PLC,Financieros,Reino Unido
INDU C.ST,,,,,,,,,,,,,,,,,,,,,0,,9,,INDUSTRIVARDEN SERIES,Financieros,Suecia
EVO.ST,11.700034,0.26685,2.13,-0.012,0.0795240901122757,0.1632928302737675,-0.1790476481119791,55.65437678835043,0.082268707830841,-0.6276095616773887,0.5292214908716567,-0.2520526646765576,-0.3146040525263637,0.3043603216298048,0.3139661348476348,-0.761624508383726,0.2074840304229416,0.1529224051833233,0.6276095616773887,0.2520526646765576,9,0.1457097831554686,0,0.1457097831554686,EVOLUTION,Consumo discrecional,Suecia
TEL2 B.ST,,,,,,,,,,,,,,,,,,,,,0,,9,,TELE2 B,Comunicación,Suecia
MICC.AS,32.95,0.17879999,539.652,-0.041,0.4070387471302685,0.1362135611748471,,52.35600749813834,,0.4445866482152182,0.1086835530756613,0.7801769492203843,-0.4118784223848303,2.7382548385049383,0.2133216893201151,,-0.029233798498065,,-0.4445866482152182,-0.7801769492203843,7,0.1991977517974596,2,0.0991977517974596,MAGNUM ICE CREAM NV,Productos básicos de consumo,Holanda
HOT.DE,43.46442,0.641,532.595,0.053,0.0101327375694224,0.2873268623638165,1.5413788068156182,36.93843648927962,0.204271779176915,0.9751061451978964,2.316209015647312,0.7666250492325313,-0.0965752924987663,-0.2113150194689651,0.7749585028707175,2.661209287398935,-1.1357241927916073,0.970593477884367,-0.9751061451978964,-0.7666250492325313,9,0.3930693982901738,0,0.3930693982901738,HOCHTIEF AG,Industriales,Alemania
ACLN.SW,37.9602,0.57523,118.362,0.267,-0.0505291847688438,0.1371326103296957,0.1438561783621486,34.90813890061443,0.0641856470050874,0.6973831680215998,2.002083211813302,-0.0288467075576502,0.6212424712844006,-0.6621184171138537,0.216737482865516,-0.1191988313793011,-1.2814348743331134,0.0317287698102415,-0.6973831680215998,0.0288467075576502,9,0.0156114836092491,0,0.0156114836092491,ACCELLERON N AG,Industriales,Suiza
LI.PA,8.370044,0.13191,74.272,0.015,0.1125117685151151,0.2301670667228816,0.2006135911491999,84.18206166824656,0.1579374739295289,-0.7956287790719144,-0.1152689450316624,-0.113514876817171,-0.2240382598995156,0.5495051658945918,0.5625149573033227,-0.0062784620765156,2.254862912148282,0.6600584998999217,0.7956287790719144,0.113514876817171,9,0.5100555026808344,0,0.5100555026808344,KLEPIERRE REIT SA,Inmobiliario,Francia
COLO B.CO,,,,,,,,,,,,,,,,,,,,,0,,9,,COLOPLAST B,Cuidado de la Salud,Dinamarca
SPIE.PA,46.923077,0.083680004,139.616,0.026,0.0900237722555536,0.0580868193630246,0.0271283499830845,45.60000651042108,0.0415160649393944,1.149617432732123,-0.3456214805708306,0.0119683813387402,-0.1871410851256145,0.382387726663015,-0.0770488735558258,-0.3514319237848658,-0.5140994230800142,-0.1202039748397647,-1.149617432732123,-0.0119683813387402,9,-0.263860538707196,0,-0.263860538707196,SPIE SA,Industriales,Francia
FME.DE,13.235474,0.07852,77.75,-0.055,0.1538017283241257,0.2005815823781387,-0.0204613183565983,76.71688388697518,0.1075016516104923,-0.5501368283790152,-0.3702663095853768,-0.1068359044269553,-0.458838463006159,0.8563476373007635,0.4525557609652469,-0.4461128237771936,1.719100988176977,0.3220349363686006,0.5501368283790152,0.1068359044269553,9,0.3035327176943143,0,0.3035327176943143,FRESENIUS MEDICAL CARE AG,Cuidado de la Salud,Alemania
CON.DE,,-0.044439998,143.78,-0.104,0.1295456269037092,0.1333051183658051,0.2952249895618857,48.04847481662014,0.1069191268912559,,-0.957538747036772,0.0199647128605511,-0.6231986051808094,0.6760906900683967,0.2025119952772206,0.1819534097513488,-0.3383774069475913,0.3181308247196261,,-0.0199647128605511,8,-0.0700490690261414,1,-0.1200490690261414,CONTINENTAL AG,Consumo discrecional,Alemania
ABVX.PA,,-1.5706799,7.964,0.352,0.1965288473686415,0.126923047579252,1.0561402973375826,49.61636459354083,0.1730792019902576,,-3.0,-0.2408493510122336,0.9063570036281816,1.173870223041422,0.1787920058903714,1.695814478164545,-0.2258528739665554,0.7615391666516929,,0.2408493510122336,8,0.2164211693027364,1,0.1664211693027363,ABIVAX SA,Cuidado de la Salud,Francia
ERF.PA,27.31765,0.094969995,96.838,0.043,0.1339116851119044,-0.0148189064165462,0.0224334228091021,54.95147558372258,0.0973649834286103,0.1603986959715004,-0.2916990615628674,-0.0701802905728901,-0.1301181786568583,0.7085366429611257,-0.3480146932041437,-0.3607726051919777,0.1570381183780943,0.2540984471110236,-0.1603986959715004,0.0701802905728901,9,-0.0112388595071348,0,-0.0112388595071348,EUROFINS SCIENTIFIC,Cuidado de la Salud,Francia
SKF B.ST,,,,,,,,,,,,,,,,,,,,,0,,9,,SKF B,Industriales,Suecia
HEIO.AS,20.958702,0.100760005,94.807,-0.028,0.2007471225511168,0.1792877940176764,0.1081985821278275,72.5274679209058,0.1381823997979661,-0.1604507559525249,-0.2640452445420835,-0.0740805185557907,-0.3682726703793108,1.205217940211628,0.3734139822528915,-0.1901405592966059,1.418434396695592,0.5276589424279332,0.1604507559525249,0.0740805185557907,9,0.3263108957642622,0,0.3263108957642622,HEINEKEN HOLDING NV,Productos básicos de consumo,Holanda
SKA B.ST,,,,,,,,,,,,,,,,,,,,,0,,9,,SKANSKA B,Industriales,Suecia
GAW.L,32.275642,0.67894995,15.602,0.109,0.0313463555133017,0.1257273797828764,0.2868343638032669,48.577776125153086,0.0962813202600367,0.4105609894583635,2.497462756702664,-0.2261817284945602,0.0912648699865483,-0.0536680034031915,0.1743481148103817,0.1652600385629979,-0.300390436545951,0.2468356789223384,-0.4105609894583635,0.2261817284945602,9,0.2929704175635538,0,0.2929704175635538,GAMES WORKSHOP GROUP PLC,Consumo discrecional,Reino Unido
ADDT B.ST,,,,,,,,,,,,,,,,,,,,,0,,9,,ADDTECH CLASS B,Industriales,Suecia
MAERSK B.CO,,,,,,,,,,,,,,,,,,,,,0,,9,,A P MOLLER MAERSK B,Industriales,Dinamarca
PNDORA.CO,11.480144,1.2942799,420.796,-0.032,-0.0071942568893401,0.0031143783197566,-0.5033652135977716,35.20580429290426,-0.2004722672220112,-0.6387044135276592,3.0,0.5519319974056958,-0.3816898248425476,-0.3400789569094545,-0.281362765038021,-1.4068628564289167,-1.260071982792477,-1.7420226467507671,0.6387044135276592,-0.5519319974056958,9,-0.2583685129600244,0,-0.2583685129600244,PANDORA,Consumo discrecional,Dinamarca
ORNBV.HE,18.313398,0.53653,10.458,0.252,0.0422056668797425,0.1319078839009364,0.1307859372955544,63.40325577557287,0.1423671520353673,-0.2939232011702608,1.8172471374879835,-0.2360600016329357,0.5709281420472626,0.0270319525391407,0.197318949354343,-0.1452024206136039,0.763606662255035,0.5557053744824002,0.2939232011702608,0.2360600016329357,9,0.4796243333728619,0,0.4796243333728619,ORION CLASS B,Cuidado de la Salud,Finlandia
TEN.MI,14.850299,0.11625,2.73,0.061,-0.0484034837077952,0.3395260632038079,0.604600258761931,68.00005798348691,0.1741827575517558,-0.4686586159131774,-0.1900630774330703,-0.2509004555235589,-0.0697409835722928,-0.6463214686532613,0.968965202472888,0.7974636653419246,1.0935106065664777,0.7689352547157045,0.4686586159131774,0.2509004555235589,9,0.3824786967639006,0,0.3824786967639006,TENARIS SA,Energía,Italia
WEIR.L,25.810528,0.1314,93.081,0.055,-0.1321068551057056,-0.181810024056457,-0.020199101180617,53.78633798833373,-0.0823776695511591,0.0843547862426207,-0.1177047692669574,-0.0773950402192503,-0.0898667152671479,-1.2683552382080232,-0.9686639574621564,-0.4455911357915126,0.0734183603379153,-0.9505463724870276,-0.0843547862426207,0.0773950402192503,9,-0.4193632860186978,0,-0.4193632860186978,WEIR GROUP PLC,Industriales,Reino Unido
HSX.L,13.744361,0.15819,22.848,0.047,-0.007051282051282,0.0273606432403479,0.184545266489378,38.185321369719176,0.0085652324923246,-0.5244602361122973,0.0102476449752978,-0.2122668826235126,-0.1167010241936215,-0.3390164527834737,-0.1912476337864337,-0.0382468176721408,-1.0462375841550402,-0.3410422063377367,0.5244602361122973,0.2122668826235126,9,-0.1472796616908154,0,-0.1472796616908154,HISCOX LTD,Financieros,Reino Unido
MOWI.OL,10.633117,0.19492,75.01,0.141,-0.0360990985704311,-0.0847969462302683,0.0472492497850456,74.92066629173578,-0.0748758231995821,-0.6814423237472192,0.1856747511760457,-0.1120976595589826,0.1986021056924424,-0.5548825822473161,-0.6080992985318245,-0.3114008630868324,1.590189792369839,-0.9002685992649709,0.6814423237472192,0.1120976595589826,9,0.0437061432681761,0,0.0437061432681761,MOWI,Productos básicos de consumo,Noruega
GALP.LS,19.334953,0.16070999,87.31,0.048,0.0442217435737635,0.2859121248153158,0.2273641061514564,66.75601709146474,0.1149139108647723,-0.2423792410906616,0.022283434611966,-0.0884773719225094,-0.1133467355778123,0.0420142377774704,0.7697004039310569,0.04694239287027,1.004228105688747,0.371712292100026,0.2423792410906616,0.0884773719225094,9,0.2749323049349883,0,0.2749323049349883,GALP ENERGIA SGPS SA CLASS B,Energía,Portugal
QIA.DE,20.55814,0.11934,50.036,0.018,0.1004239359463592,-0.2236792144124655,-0.1558662740137739,58.11099596869487,-0.0360283781857244,-0.1806616616183033,-0.1753048482427542,-0.1600564452039651,-0.213975394052088,0.459675569632024,-1.1242775167747543,-0.7155045533756191,0.3837910196319774,-0.6399109567424083,0.1806616616183033,0.1600564452039651,9,-0.1871987303445949,0,-0.1871987303445949,QIAGEN NV,Cuidado de la Salud,Alemania
DHER.DE,,-0.30992,257.86,0.101,0.9804024102434556,0.5106216133213071,0.4376639027367848,62.014414630009696,0.5643587585070546,,-2.2255046742088043,0.2390380798173699,0.0644305610600748,3.0,1.6048692481433169,0.4653393833006305,0.6639321165122395,3.0,,-0.2390380798173699,8,0.791753569373761,1,0.7417535693737609,DELIVERY HERO,Consumo discrecional,Alemania
RBI.VI,17.758064,0.06126,,-0.063,0.2380735900330506,0.4198528890740924,1.300901608071456,49.33333062065903,0.3505489048668504,-0.3219433405918721,-0.4527022435092784,,-0.4856727719326326,1.4826060893887372,1.26751273051613,2.1827735596646143,-0.2461656957510317,1.950950553775012,0.3219433405918721,,8,0.7526556953429279,1,0.7026556953429278,RAIFFEISEN BANK INTERNATIONAL AG,Financieros,Austria
STB.OL,17.26795,0.15183,196.577,1.279,0.1392258231944516,0.1870264102994849,0.3776262277830744,73.87755966345941,0.175712685727619,-0.3466727153690038,-0.0201285160766149,0.1213533572786714,3.0,0.748028162695824,0.4021757904829336,0.3458928459242785,1.5153279698591104,0.7791889147171405,0.3466727153690038,-0.1213533572786714,9,0.7773116139658893,0,0.7773116139658893,STOREBRAND,Financieros,Noruega
STJ.L,10.777778,0.38612,29.909,1.282,-0.0381709741550695,-0.1889932136604243,0.0446203479177649,46.64645187476982,-0.0617913475492016,-0.6741432543783895,1.0988700331140526,-0.1987073012413063,3.0,-0.5702795317182578,-0.9953614333862444,-0.316631132669907,-0.4389979856914927,-0.8125757475790565,0.6741432543783895,0.1987073012413063,9,0.2042083064098655,0,0.2042083064098655,ST JAMESS PLACE PLC,Financieros,Reino Unido
TREL B.ST,,,,,,,,,,,,,,,,,,,,,0,,9,,TRELLEBORG B,Industriales,Suecia
ELI.BR,24.972776,0.09034,198.675,0.146,0.001462969547417,0.2404990749496303,0.3520719678150694,54.852321490080186,0.1284585053912064,0.0420848588822685,-0.313812500837954,0.1253822486169902,0.2153735487714883,-0.2757435889976228,0.6009155225242041,0.2950519719106408,0.149922013506117,0.4624888849639435,-0.0420848588822685,-0.1253822486169902,9,0.1074143049268398,0,0.1074143049268398,ELIA GROUP SA,Servicios,Bélgica
SECU B.ST,,,,,,,,,,,,,,,,,,,,,0,,9,,SECURITAS B,Industriales,Suecia
IGG.L,16.609526,,30.835,0.081,0.0078067396046539,0.1182208634009349,0.345031655810937,40.6515002402456,0.0709825184199186,-0.3798944022791067,,-0.1969290584485117,-0.002655211256109,-0.2286004556209166,0.1464489430733623,0.2810450855415207,-0.8692445137628717,0.0772817635132556,0.3798944022791067,0.1969290584485117,8,-0.0023626159730175,1,-0.0523626159730175,IG GROUP HOLDINGS PLC,Financieros,Reino Unido
BNR.DE,36.797466,0.05017,74.834,-0.101,-0.0004106448564528,0.1840985408479905,0.0511471142418382,70.80290598903412,0.1159815289868397,0.638715827663819,-0.5056694803120636,-0.1124356409105289,-0.6131357393333817,-0.2896671790617668,0.3912938942084742,-0.3036459589722876,1.2946657945672864,0.3788675255336969,-0.638715827663819,0.1124356409105289,9,-0.0192857033470369,0,-0.0192857033470369,BRENNTAG,Industriales,Alemania
LIFCO B.ST,,,,,,,,,,,,,,,,,,,,,0,,9,,LIFCO CLASS B,Industriales,Suecia
SBRY.L,19.63889,0.064109996,107.333,0.026,-0.0467344402995192,0.0492012650550059,0.0736783198524944,49.16093876905784,-0.0014123664888597,-0.2270436824621852,-0.4390903036518402,-0.0500262321383546,-0.1871410851256145,-0.633918128794165,-0.1100734608616499,-0.2588195313136131,-0.2585379382879133,-0.407912605352396,0.2270436824621852,0.0500262321383546,9,-0.2242692376429614,0,-0.2242692376429614,SAINSBURY(J) PLC,Productos básicos de consumo,Reino Unido
ORK.OL,16.562986,0.1358,37.017,0.013,-0.0616325045136418,-0.0085329489962077,0.0231288544151118,53.63637246374998,-0.0053842043371128,-0.3822426418766854,-0.0966898150800994,-0.1850574634754484,-0.230746837131134,-0.744631698479734,-0.3246519245537596,-0.359389025674883,0.0626556135776269,-0.4345320738472781,0.3822426418766854,0.1850574634754484,9,-0.1734095173152363,0,-0.1734095173152363,ORKLA,Productos básicos de consumo,Noruega
SDR.L,17.279411,0.12297,12.871,0.155,0.0017271157167531,0.2700271053127132,0.439809332899999,49.31248355962404,0.1541421036402386,-0.3460944348785043,-0.1579675110385965,-0.2314262004892926,0.2455621463137711,-0.2737806114653985,0.7106611819272024,0.4696077731804236,-0.2476618505455325,0.6346217263703546,0.3460944348785043,0.2314262004892926,9,0.2176181655677801,0,0.2176181655677801,SCHRODERS PLC,Financieros,Reino Unido
EXO.AS,,-0.10617,11.155,,-0.0095479685513402,-0.0395828193674068,-0.2492439030548739,47.78322901484612,-0.0345881044020087,,-1.2523690115787371,-0.2347215186668689,,-0.3575703448082631,-0.4400537463605118,-0.901281808507042,-0.3574136047780412,-0.6302581652452711,,0.2347215186668689,7,-0.5291750232301425,2,-0.6291750232301425,EXOR NV,Financieros,Holanda
BEI.DE,18.475294,0.11161,2.518,-0.002,0.0755130559190795,-0.1938547790647653,-0.2826686426861985,59.86511531264132,-0.0687767853653674,-0.2857545162134578,-0.2122243018483023,-0.2513075694242851,-0.2810611663682719,0.2745526964727947,-1.0134302207205077,-0.967781209337372,0.5096809022474694,-0.8593925233324196,0.2857545162134578,0.2513075694242851,9,-0.2236215263609851,0,-0.2236215263609851,BEIERSDORF AG,Productos básicos de consumo,Alemania
PSPN.SW,16.344444,0.07381,61.981,0.005,-0.0618622242312095,0.0299728434542339,0.0739887043615745,66.37170890058579,0.009079854049165,-0.3932694785362052,-0.3927618628172179,-0.1371178813163494,-0.2575811460576075,-0.7463388390581032,-0.1815389728483176,-0.2582020131486697,0.9766470216508296,-0.3375931852944622,0.3932694785362052,0.1371178813163494,9,-0.0741090708578882,0,-0.0741090708578882,PSP SWISS PROPERTY AG,Inmobiliario,Suiza
HM B.ST,,,,,,,,,,,,,,,,,,,,,0,,9,,HENNES & MAURITZ,Consumo discrecional,Suecia
GTT.PA,17.096483,0.78683996,21.431,0.196,-0.0366127002397111,0.1028896600145969,0.2642242720930576,59.21051773007285,0.0522945569360695,-0.3553243182714111,3.0,-0.2149880165731779,0.383087979561948,-0.558699364977287,0.089468067465123,0.1202766649292168,0.4627016513120522,-0.0479659482410632,0.3553243182714111,0.2149880165731779,9,0.446575709432731,0,0.446575709432731,GAZTRANSPORT & TECHNIGAZ SA,Energía,Francia
NKT.CO,24.47263,0.13352,13.178,0.032,0.0005361930294907,0.1743234738829453,0.6339754816112084,48.61910241657077,0.1041975483974047,0.0168493057715977,-0.1075793822496531,-0.2308366534726749,-0.1670153534307593,-0.2826308419403995,0.354963290487321,0.8559064457578913,-0.2974245254786909,0.2998906609110038,-0.0168493057715977,0.2308366534726749,9,0.0966775157508656,0,0.0966775157508656,NKT,Industriales,Dinamarca
UHR.SW,,0.00209,0.326,-0.021,0.0261001731643193,0.156892950708233,0.3575364371565066,37.34177052194725,0.0395936780796073,,-0.7353056160630016,-0.255516973529907,-0.3447926500686465,-0.0926545164648466,0.2901799562782214,0.3059236777509678,-1.1067776594769898,-0.1330879138131508,,0.255516973529907,8,-0.1951247185409424,1,-0.2451247185409424,THE SWATCH GROUP AG,Consumo discrecional,Suiza
ABF.L,15.157894,0.08452,8.369,0.011,-0.004885936814542,-0.0247405629937141,-0.1804361828487585,48.113600216456135,-0.0745133418070873,-0.4531384878724117,-0.3416095538760252,-0.2400716098339595,-0.2374554143627524,-0.3229248923420932,-0.3848901207230994,-0.7643870348550285,-0.3337034781360005,-0.8978392296944732,0.4531384878724117,0.2400716098339595,9,-0.2877332918092334,0,-0.2877332918092334,ASSOCIATED BRITISH FOODS PLC,Productos básicos de consumo,Reino Unido
YAR.OL,7.301561,0.17942,41.749,0.081,-0.1311122760802335,0.1113336815613863,0.1988105158189499,58.25242718446604,0.0072463818292942,-0.8495405558218011,0.1116447989268872,-0.1759703739554654,-0.002655211256109,-1.2609641172770216,0.120851627467964,-0.0098657279890137,0.3939412749227837,-0.349881213622345,0.8495405558218011,0.1759703739554654,9,0.0031758178833791,0,0.0031758178833791,YARA INTERNATIONAL,Materials,Noruega
MRO.L,16.22069,0.13049,67.563,0.083,-0.0229816149885464,-0.2300071816699098,-0.0483352449466993,48.77835428864231,-0.1189517004430579,-0.399513656515551,-0.1220510438828757,-0.1263984954962848,0.0040533659755093,-0.4574012308603619,-1.1477964217206484,-0.501568735699786,-0.2859953148320093,-1.195667472656301,0.399513656515551,0.1263984954962848,9,-0.3533905224071819,0,-0.3533905224071819,MELROSE INDUSTRIES PLC,Industriales,Reino Unido
TLX.DE,10.789474,0.20076999,,-0.035,-0.0204341456427499,0.0807721833617394,-0.0136551586841068,47.66355073548812,0.0399049930735084,-0.6735531166402442,0.2136150402314041,,-0.3917526906899752,-0.4384699508709566,0.0072649191429452,-0.4325717896459337,-0.3660026922834027,-0.1310014641672316,0.6735531166402442,,8,-0.1081706889553633,1,-0.1581706889553633,TALANX AG,Financieros,Alemania
SUBC.OL,19.483484,0.108830005,19.244,0.17,0.1524888046399921,0.5426268110368544,0.7583205180309938,36.85897796425237,0.2899650097501238,-0.2348849055584748,-0.2255019081130055,-0.2191878189358581,0.295876475550909,0.8465907678373222,1.7238216972036322,1.1032941744087963,-1.141426783338255,1.5449140666444323,0.2348849055584748,0.2191878189358581,9,0.5112934682986849,0,0.5112934682986849,SUBSEA SA,Energía,Noruega
ZAL.DE,64.15909,0.04276,52.176,0.238,0.281306651454033,0.1300520219994616,0.0344322549570454,74.52473082252112,0.2051663316032874,2.0192841330110647,-0.5410605736131129,-0.1559468992249364,0.5239681014259339,1.8038885385417656,0.1904213410264644,-0.3369006122519292,1.5617742401927543,0.9765888158212652,-2.0192841330110647,0.1559468992249364,9,0.2572602908174459,0,0.2572602908174459,ZALANDO,Consumo discrecional,Alemania
DCC.L,21.840277,0.10375,98.36,0.013,0.1152737952265936,0.2652573046270348,0.2140980258804536,43.34250188387905,0.1133017481855533,-0.1159696789599275,-0.249764651827553,-0.0672575200214501,-0.230746837131134,0.5700309088635878,0.69293345288351,0.0205491763749653,-0.6761163311199848,0.3609074920835881,0.1159696789599275,0.0672575200214501,9,0.0745578232342618,0,0.0745578232342618,DCC PLC,Energía,Reino Unido
EBP.WA,11.833861,0.16262,,0.004,0.1316849329562626,0.3437979416960666,0.4288684261911952,64.6569691417202,0.2469517259622005,-0.6208571366532122,0.0314058829407024,,-0.2609354346734167,0.6919887427498725,0.9848423238473144,0.4478405507966136,0.8535833386097192,1.2566367511045604,0.6208571366532122,,8,0.5782774115035723,1,0.5282774115035722,ERSTE BANK POLSKA SA,Financieros,Polonia
KBX.DE,29.88304,0.17864999,70.51,-0.009,0.0378000030774205,0.0487461091345753,0.1850473664962673,46.66666666666666,0.0693792815557903,0.2898389706004761,0.1079671341829276,-0.1207392282064729,-0.3045411866789362,-0.0057083256190903,-0.1117651208201581,-0.0372478764692078,-0.4375472076770017,0.0665367847842603,-0.2898389706004761,0.1207392282064729,9,-0.099045060076801,0,-0.099045060076801,KNORR BREMSE AG,Industriales,Alemania
TRYG.CO,20.819891,0.121479996,19.387,0.053,-0.0324427065753133,-0.0276439074793753,-0.0086208400762706,49.783582596053286,-0.0115047609619607,-0.1674546555395361,-0.1650839578109226,-0.2189132090877268,-0.0965752924987663,-0.5277104473893197,-0.395680866029678,-0.4225558800321952,-0.2138519489553022,-0.4755523698590957,0.1674546555395361,0.2189132090877268,9,-0.2122936553275574,0,-0.2122936553275574,TRYG,Financieros,Dinamarca
LTMC.MI,31.628206,0.38969,548.164,0.026,-0.037286179893457,0.2187845395271783,0.038633823163984,51.64176963015134,0.0715215274133207,0.37789371717435,1.1159208027611167,0.796522956404259,-0.1871410851256145,-0.5637042659835616,0.5202099698928926,-0.328541481518497,-0.080493321785762,0.080894230453374,-0.37789371717435,-0.796522956404259,9,-0.0685857583205178,0,-0.0685857583205178,LOTTOMATICA GROUP,Consumo discrecional,Italia
AED.BR,6.083551,0.11067,67.042,0.234,0.0162468177118004,-0.0002327625660094,0.1443584550579348,45.73646253369655,0.044812873862871,-0.910996922651343,-0.2167138602427674,-0.1273989971108053,0.5105509469626973,-0.1658788051945869,-0.2938029508244186,-0.1181995386491485,-0.5043062281006593,-0.0981085860990759,0.910996922651343,0.1273989971108053,9,0.0168818775126876,0,0.0168818775126876,AEDIFICA NV,Inmobiliario,Bélgica
ICG.L,11.262195,0.1844,46.983,-0.218,0.0341222019414031,-0.0193110556373484,-0.1242964156794319,56.66463845148666,0.0175853082060386,-0.6497013295580134,0.1354299061656491,-0.1659192694441401,-1.0055875073830571,-0.0330395605036966,-0.3647104860596659,-0.6526954877946064,0.2799886308779001,-0.280589179186019,0.6497013295580134,0.1659192694441401,9,-0.1228425649868158,0,-0.1228425649868158,ICG PLC,Financieros,Reino Unido
IG.MI,13.943662,0.19504999,263.311,0.01,-0.0026147899986316,0.0398377617466101,0.43210753703313,46.47389638182452,0.0357917458686243,-0.5144042305249092,0.1862955997884888,0.249505899972363,-0.2408097029785616,-0.3060470773685814,-0.1448744222622725,0.4542848472245751,-0.4513819724632646,-0.1585686656908876,0.5144042305249092,-0.249505899972363,9,-0.0440225625775508,0,-0.0440225625775508,ITALGAS,Servicios,Italia
EDEN.PA,12.608491,,,0.041,0.3539168485349406,0.566325187658991,0.0497833563538436,81.99403613062611,0.3939333036977281,-0.5817721164668689,,,-0.1368267558884766,2.3434844215276533,1.811900513744968,-0.306359191249624,2.09783238908762,2.241715102069928,0.5817721164668689,,7,1.233359799394134,2,1.1333597993941338,EDENRED,Financieros,Francia
ACKB.BR,14.847982,0.11017,30.484,-0.073,-0.0123269543392682,0.140762395838129,0.2950945417315322,37.75513699429976,0.0677844783782986,-0.4687755233293267,-0.2191019232185467,-0.1976031008030159,-0.5192156580907245,-0.3782221175664525,0.2302281627116223,0.1816938803532502,-1.0771111166267413,0.0558483290716357,0.4687755233293267,0.1976031008030159,9,-0.1177224243592904,0,-0.1177224243592904,ACKERMANS & VAN HAAREN NV,Industriales,Bélgica
MRL.MC,11.007299,0.09432,59.369,0.103,-0.0062565681576909,0.2244338480018233,0.3079116952436069,44.49539939901059,0.0923301591913581,-0.6625624572001371,-0.2948035195507507,-0.1421338318290703,0.0711391382916931,-0.3331106108718258,0.5412065306555769,0.2071939452244974,-0.5933750208730623,0.2203547873038255,0.6625624572001371,0.1421338318290703,9,0.0692557265787957,0,0.0692557265787957,MERLIN PROPERTIES REIT SA,Inmobiliario,España
BAB.L,26.353659,0.33682,174.511,0.089,-0.027839151568714,-0.2434662998624484,0.0547218913081186,51.92425695595327,-0.0862484780559437,0.1117592065449957,0.863407023702213,0.078978945328556,0.0241790976703645,-0.4934995592699539,-1.197819392533823,-0.2965338457402411,-0.060219731845433,-0.976488736948899,-0.1117592065449957,-0.078978945328556,9,-0.258634810759925,0,-0.258634810759925,BABCOCK INTERNATIONAL GROUP PLC,Industriales,Reino Unido
KCR.HE,16.630304,0.21146,20.956,-0.077,-0.1142672388794738,-0.0623605333879762,0.2881524766723506,61.27661767618233,-0.0029427472177685,-0.3788460197617347,0.2646718744148252,-0.2159001821526352,-0.5326328125539612,-1.1357818000861477,-0.524710772723015,0.1678824588716567,0.6109818014541839,-0.418169298388412,0.3788460197617347,0.2159001821526352,9,-0.1081124830107222,0,-0.1081124830107222,KONECRANES,Industriales,Finlandia
KGF.L,20.992857,0.039189998,38.016,0.018,-0.013315100170704,-0.0946115825712968,0.0363461754027067,52.86561529589392,-0.0544532739809685,-0.158727418534061,-0.558111352812429,-0.1831390352357056,-0.213975394052088,-0.3855654308181477,-0.6445769681834196,-0.3330928170595886,0.0073398052654356,-0.7633955882609653,0.158727418534061,0.1831390352357056,9,-0.2832790324612707,0,-0.2832790324612707,KINGFISHER PLC,Consumo discrecional,Reino Unido
ANA.MC,17.123474,0.17834,214.845,-0.017,0.0703611545607652,0.423214488209068,0.4983813178363685,37.89447929178342,0.1992581196665068,-0.3539624503088358,0.1064865828992039,0.156434285290305,-0.3313754956054097,0.236266823768191,1.2800066527039669,0.5861382816203881,-1.0671107791159962,0.93699166520209,0.3539624503088358,-0.156434285290305,9,0.2161035440545516,0,0.2161035440545516,ACCIONA SA,Servicios,España
SRT3.DE,92.42554,0.06177,110.543,0.018,0.0162866454137078,-0.1616199683650995,0.1443997016722094,43.52941176470588,-0.0573274545398322,3.44550667647861,-0.4502664192739836,-0.0438619131698115,-0.213975394052088,-0.1655828293559034,-0.8936243781883035,-0.1181174774224707,-0.6627021566294246,-0.7826584992251997,-3.0,0.0438619131698115,9,-0.6936739156641735,0,-0.6936739156641735,SARTORIUS PREF AG,Cuidado de la Salud,Alemania
SPX.L,30.968468,0.13457,83.768,0.051,-0.0350734094616639,-0.009190039815872,0.1451088080330187,52.681907361596856,0.0079032183206138,0.3446057305901774,-0.1025644500005166,-0.0952792466223784,-0.1032838697303847,-0.5472602696443418,-0.3270941079437455,-0.1167066916201303,-0.0058445714783725,-0.3454790605247155,-0.3446057305901774,0.0952792466223784,9,-0.1997288338788895,0,-0.1997288338788895,SPIRAX GROUP PLC,Industriales,Reino Unido
IPN.PA,30.546139,0.10436,22.376,0.093,-0.0089235606693574,0.2060526386507895,0.4671122972339883,44.68085994495714,0.1301627136328691,0.3232965410541689,-0.2468512149971023,-0.2131732871572049,0.0375962521336012,-0.3529301160805208,0.4728898188380552,0.523927740639515,-0.5800648624510651,0.4739105792351768,-0.3232965410541689,0.2131732871572049,9,0.0242616603800773,0,0.0242616603800773,IPSEN SA,Cuidado de la Salud,Francia
LAND.L,15.054348,0.05264,69.088,0.004,-0.0142140706404096,-0.0752940953373717,0.0088671840836442,32.77399895276832,-0.0507376776258425,-0.4583630434669732,-0.4938724492117138,-0.1234699638990798,-0.2609354346734167,-0.3922460457163355,-0.5727804294902519,-0.3877629948469116,-1.4345981288440224,-0.7384934638808178,0.4583630434669732,0.1234699638990798,9,-0.4109839932552685,0,-0.4109839932552685,LAND SECURITIES GROUP REIT PLC,Inmobiliario,Reino Unido
SAVE.ST,28.25886,0.42763,1029.226,0.268,0.1420581443974093,0.4006533576671174,0.4185563851667981,52.777764532288586,0.2416166251022169,0.2078887387655933,1.2971270213632506,1.7203296890040238,0.6245967599002097,0.7690762925983867,1.1961545935669962,0.4273244732736782,0.0010349193657826,1.220880621402081,-0.2078887387655933,-1.7203296890040238,9,0.4008862504111964,0,0.4008862504111964,NORDNET,Financieros,Suecia
GBLB.BR,,,57.73,0.062,0.023327034177857,0.0246006225111528,0.0811117072913267,12.698424231855412,0.0296515907717571,,,-0.1452812831653451,-0.0663866949564836,-0.1132628392652285,-0.201505693371409,-0.2440306110026588,-2.875384785565037,-0.1997203117044919,,0.1452812831653451,7,-0.5078585218142806,2,-0.6078585218142806,GROUPE BRUXELLES LAMBERT NV,Financieros,Bélgica
SPM.MI,29.026667,0.11609,46.529,0.003,0.0681413739330893,0.5929682743706861,0.8681414093121225,55.58311143031752,0.3175529169001954,0.2466294951192277,-0.1908272575853197,-0.1667911077032424,-0.2642897232892259,0.219770731814453,1.910923817492376,1.3217857333379108,0.2023694482320117,1.7298096875832545,-0.2466294951192277,0.1667911077032424,9,0.5388560055743862,0,0.5388560055743862,SAIPEM,Energía,Italia
LPP.WA,22.618792,,135.418,0.105,-0.1553767993226079,0.0101679400244432,0.3562832866606384,79.59183673469387,0.021631788892465,-0.0766886357646329,,0.003906757964926,0.0778477155233115,-1.44128365049095,-0.2551470719862973,0.3034305017967304,1.9254310065838824,-0.253469450419938,0.0766886357646329,-0.003906757964926,8,0.0536988661008057,1,0.0036988661008057,LPP SA,Consumo discrecional,Polonia
RILBA.CO,18.832718,0.20374,,-0.024,-0.0037617554858934,0.0341748092386611,0.1435018838620356,46.172376552068464,0.0360084306050687,-0.2677201975644466,0.2278001820687927,,-0.3548555159160741,-0.3145706440263573,-0.1659216932624314,-0.1199037096292101,-0.4730214898115161,-0.1571164330632033,0.2677201975644466,,8,-0.1362336382594441,1,-0.1862336382594441,RINGKJOBING LANDBOBANK,Financieros,Dinamarca
FRES.L,18.070423,0.33900002,16.769,0.307,-0.0341246290801187,-0.2188796986807439,1.3075862628789945,53.748849724766295,0.0388066091597081,-0.3061828383903229,0.8738190737991298,-0.2239406816919777,0.7554140159167682,-0.5402094970487362,-1.106439346997898,2.196072856663245,0.0707278973906537,-0.1383628915733263,0.3061828383903229,0.2239406816919777,9,0.2934606253591262,0,0.2934606253591262,FRESNILLO PLC,Materials,Reino Unido
SQN.SW,17.024794,0.28899,32.528,0.088,0.0031450413840299,-0.068063119519377,-0.1697289271591052,64.45396530422619,-0.041058209928374,-0.3589414851925718,0.6349649194391646,-0.193677908288467,0.0208248090545553,-0.2632434295928571,-0.5459053484396338,-0.7430846673346606,0.8390141307842593,-0.6736211565852616,0.3589414851925718,0.193677908288467,9,-0.0198257054659327,0,-0.0198257054659327,SWISSQUOTE GROUP HOLDING SA,Financieros,Suiza
TKA.DE,,0.0051700003,7.837,-0.023,0.357811505537613,0.1282842984536458,0.4751397104699379,70.61611170910324,0.2304152438588933,,-0.7205951466993633,-0.2410932352829517,-0.3515012273002649,2.372427200486681,0.1838513130295986,0.5398984909369335,1.281259916538008,1.1458083685816487,,0.2410932352829517,8,0.5865302688570242,1,0.5365302688570242,THYSSENKRUPP AG,Materials,Alemania
ALSYDB.CO,19.514132,0.08076,,0.653,-0.0045330915684497,0.0329896203952497,0.2120267583792412,44.825515724392126,0.0347902851224337,-0.2333385186399834,-0.3595677874538855,,1.9159978769867485,-0.3203027559235619,-0.170326637633522,0.0164283350667243,-0.5696831862238639,-0.1652805088729566,0.2333385186399834,,8,0.0725754818232082,1,0.0225754818232082,AL SYDBANK,Financieros,Dinamarca
G24.DE,19.584488,0.1766,25.206,0.14,0.0358734003956027,-0.1547370513376504,-0.4092882482154137,33.46152672400841,-0.0967849310921199,-0.2297886100639788,0.0981761237434919,-0.2077387006522278,0.1952478170766333,-0.0200256931108782,-0.8680429134408982,-1.219694253206664,-1.3852555395184996,-1.0471046055618791,0.2297886100639788,0.2077387006522278,9,-0.4232413059224986,0,-0.4232413059224986,SCOUT24 N,Comunicación,Alemania
SSAB B.ST,,,,,,,,,,,,,,,,,,,,,0,,9,,SSAB CLASS B,Materials,Suecia
LHA.DE,6.8846154,0.13717,105.017,0.076,0.2487428193942242,0.0361198091593433,0.2138563327925779,32.0843833888069,0.1128012297467511,-0.8705781185196142,-0.0901465225264642,-0.0544737594689295,-0.0194266543351549,1.5618934687014043,-0.1586927891936752,0.0200683216037436,-1.4840905551698167,0.3575529908874567,0.8705781185196142,0.0544737594689295,9,0.1235789042173374,0,0.1235789042173374,DEUTSCHE LUFTHANSA AG,Industriales,Alemania
REC.MI,22.72124,0.2336,115.133,0.049,0.0413292708138113,0.1160284428099904,0.0061706744251812,51.51523558514841,0.0497578346107625,-0.0715194812675819,0.3704153029823329,-0.0350475131493715,-0.1099924469620031,0.0205190972095429,0.1383004604118593,-0.3931277719132059,-0.0895744348395886,-0.0649671961768202,0.0715194812675819,0.0350475131493715,9,-0.0024288883189921,0,-0.0024288883189921,RECORDATI INDUSTRIA CHIMICA E FARM,Cuidado de la Salud,Italia
ALO.PA,26.608332,0.03408,32.966,0.041,-0.0621883493618131,-0.3961087997228398,-0.2734091065146706,62.85714039869052,-0.268186620345563,0.1246090824159491,-0.5825173468726417,-0.1928367956067779,-0.1368267558884766,-0.7487624074394953,-1.7651397181402524,-0.9493591179713614,0.7244129774424851,-2.1958478426651777,-0.1246090824159491,0.1928367956067779,9,-0.6206458331493434,0,-0.6206458331493434,ALSTOM SA,Industriales,Francia
STERV.HE,12.466667,0.059860002,44.865,-0.002,-0.0577519123388458,-0.0039858722494925,0.1371845930428705,68.91565046839148,-0.0235451766389482,-0.5889280411056099,-0.4593888102892087,-0.1699865677542255,-0.2810611663682719,-0.7157934409725414,-0.3077519847410386,-0.1324721262864254,1.1592209761864485,-0.5562478760766586,0.5889280411056099,0.1699865677542255,9,-0.0593977577430956,0,-0.0593977577430956,STORA ENSO CLASS R,Materials,Finlandia
EMSN.SW,38.91946,0.25291002,1.748,-0.054,0.1672918229557389,0.3031825795644891,0.2573186701497842,85.8267716535433,0.2503163959388825,0.7457839483476287,0.4626423906294488,-0.2527862378373001,-0.4554841743903498,0.9565980128258084,0.8338888181710842,0.1065377877781715,2.3729006885972344,1.2791869482329143,-0.7457839483476287,0.2527862378373001,9,0.5625858623704426,0,0.5625858623704426,EMS-CHEMIE HOLDING AG,Materials,Suiza
JYSK.CO,12.208043,0.10288999,,-0.081,-0.0199445983379501,-0.0180289440491934,0.4058489081220693,45.10376730214524,0.0315823838244437,-0.60197727010613,-0.2538721679071529,,-0.546049967017198,-0.4348319258990308,-0.3599453127670301,0.4020426126261326,-0.5497135880424162,-0.186780033979223,0.60197727010613,,8,-0.1658966391099735,1,-0.2158966391099736,JYSKE BANK,Financieros,Dinamarca
RNO.PA,,-0.40432,315.505,0.034,-0.1038400972041184,-0.1443101163284743,-0.1962679536132079,45.060646719841,-0.1293228977581728,,-2.676370964035938,0.3497365741917196,-0.160306776199141,-1.0582934727502096,-0.8292895376124547,-0.7958847602384258,-0.552808272029185,-1.265175788637865,,-0.3497365741917196,8,-0.9609832682118672,1,-1.0109832682118671,RENAULT SA,Consumo discrecional,Francia
NEX.PA,28.378948,0.1144,94.34,,0.0175416671609869,0.0842525661739947,0.1344328653022186,40.75343897427537,0.0271239759544081,0.2139479436816664,-0.1988989104434538,-0.0749773213465413,,-0.1562562527163308,0.0202003199133049,-0.1379467611832088,-0.8619285604297837,-0.2166605206375459,-0.2139479436816664,0.0749773213465413,8,-0.2113076634790179,1,-0.2613076634790179,NEXANS SA,Industriales,Francia
AMUN.PA,11.492248,,172.547,-0.01,0.2140281534414849,0.2571537971249069,0.3349988265834351,70.27029893129412,0.2246234778327418,-0.638093689589346,,0.0752073807010736,-0.3078954752947453,1.3039146781128588,0.66281546792607,0.2610845072506839,1.2564415766938202,1.1069916446485002,0.638093689589346,-0.0752073807010736,8,0.6057798385281825,1,0.5557798385281825,AMUNDI SA,Financieros,Francia
SCA B.ST,,,,,,,,,,,,,,,,,,,,,0,,9,,SVENSKA CELLULOSA B,Materials,Suecia
GET.PA,31.84746,0.12177,190.824,0.124,0.0111951195300763,0.2221502864735403,0.229832003101408,63.99997820175373,0.1207963595863892,0.3889564787714178,-0.1636988621804668,0.1103055918500023,0.1415791992236862,-0.2034200273718007,0.5327193080868118,0.0518523389249876,0.8064323208655437,0.4111367762809987,-0.3889564787714178,-0.1103055918500023,9,0.1197043314675933,0,0.1197043314675933,GETLINK,Industriales,Francia
ELISA.HE,16.028168,0.28131,119.001,-0.003,-0.1504159210320093,-0.0389083567952299,-0.2097699797047408,46.5986622254134,-0.1216802648754256,-0.4092276183506403,0.5982842721311943,-0.0276196048097066,-0.284415454984081,-1.40441734783351,-0.4375469980669063,-0.8227473971650262,-0.4424277599360315,-1.213954456596397,0.4092276183506403,0.0276196048097066,9,-0.3967086576989345,0,-0.3967086576989345,ELISA,Comunicación,Finlandia
KESKOB.HE,19.291264,0.16302,152.56,0.071,-0.0061999915097359,0.0067693272914564,0.0231737351959249,70.25419855943659,0.0329425420893958,-0.2445836295689299,0.0333163333213259,0.0368253734660987,-0.0361980974142009,-0.3326901668083613,-0.2677785611459461,-0.359299734178052,1.2552860829526415,-0.1776641809496564,0.2445836295689299,-0.0368253734660987,9,0.0358588813200646,0,0.0358588813200646,KESKO CLASS B,Productos básicos de consumo,Finlandia
ISS.CO,18.726446,0.23275,143.046,-0.0,0.033795506709801,0.0270748476618627,0.286713285562419,42.04696586112794,0.0270819547442777,-0.2730822972316982,0.3663555959235081,0.018555176996716,-0.2743525891366535,-0.0354673655372953,-0.1923098388786681,0.1650191502102753,-0.7690945417480857,-0.2169421490226714,0.2730822972316982,-0.018555176996716,9,-0.0780294019949564,0,-0.0780294019949564,ISS A S,Industriales,Dinamarca
DIM.PA,60.36232,0.065910004,63.109,0.023,0.046865164289523,-0.208144739821725,-0.0515836339512909,37.943937814908416,-0.104835340852889,1.8277128898460653,-0.4304932387300272,-0.1349517281087118,-0.1972039509730421,0.0616585713913024,-1.0665411511426128,-0.5080314912769971,-1.0635612329052273,-1.1010588799268155,-1.8277128898460653,0.1349517281087118,9,-0.6664436150334193,0,-0.6664436150334193,SARTORIUS STEDIM BIOTECH SA,Cuidado de la Salud,Francia
IMCD.AS,23.902174,0.102180004,87.662,-0.015,-0.0726212886038567,0.1530544218956291,-0.216246925758731,68.28596024044825,0.0503874278948344,-0.0119338349219213,-0.2572631504669962,-0.0878014092194168,-0.3246669183737913,-0.8262938188495998,0.2759134484720216,-0.8356334521216687,1.114029279764272,-0.0607476285030513,0.0119338349219213,0.0878014092194168,9,-0.0905474439930528,0,-0.0905474439930528,IMCD NV,Industriales,Holanda
AM.PA,22.651756,0.1504,3.047,0.222,-0.0583815961628056,-0.0999838524344289,0.0907434121243013,44.1176523386766,-0.0411720161279473,-0.0750253918863651,-0.0269583761873437,-0.2502917050210579,0.470299483572987,-0.7204728773692359,-0.6645438705257244,-0.2248680802714652,-0.6204852247756107,-0.6743838917874035,0.0750253918863651,0.2502917050210579,9,-0.237343971159597,0,-0.237343971159597,DASSAULT AVIATION SA,Industriales,Francia
BEIJ B.ST,,,,,,,,,,,,,,,,,,,,,0,,9,,BEIJER REF CLASS B,Industriales,Suecia
ABDN.L,11.695239,0.07823,13.863,0.016,0.0077594865528405,-0.0420584236569074,0.0203548274927058,36.31487590336543,-0.0312283008377569,-0.6278514999857339,-0.3716513861113288,-0.2295212146896681,-0.2206839712837064,-0.2289516122523829,-0.4492547266437011,-0.3649080253817444,-1.1804759762066248,-0.607740583071837,0.6278514999857339,0.2295212146896681,9,-0.2851437295862137,0,-0.2851437295862137,ABERDEEN GROUP PLC,Financieros,Reino Unido
BBY.L,16.769232,0.23138,88.802,0.142,0.00869021169366,0.1475988344367937,0.5302269029599198,46.59032331258624,0.0760036622186786,-0.3718362167790871,0.3598123033698728,-0.0856122118287193,0.2019563943082516,-0.2220350154881839,0.2556368829260458,0.6494959129188164,-0.4430262281990806,0.1109337362941061,0.3718362167790871,0.0856122118287193,9,0.1522469349708483,0,0.1522469349708483,BALFOUR BEATTY PLC,Industriales,Reino Unido
AUTO.L,14.411765,0.60195,51.83,0.027,-0.0202220099382998,-0.1305418877902416,-0.408620540180961,49.68199142929635,-0.1126124813528882,-0.4907854509730097,2.129701297238948,-0.156611339836499,-0.1837867965098053,-0.4368934842401328,-0.7781177086363968,-1.2183658304661895,-0.2211429580317015,-1.153181689172681,0.4907854509730097,0.156611339836499,9,-0.1349322643342722,0,-0.1349322643342722,AUTOTRADER GROUP PLC,Comunicación,Reino Unido
TPRO.MI,,0.07974,1.176,0.001,0.7022440942662409,0.9389026562563172,3.197031177042626,35.36377852734215,0.6732124801583972,,-0.3644394359244753,-0.2538846772298256,-0.2709983005208443,3.0,3.0,3.0,-1.2487344658223285,3.0,,0.2538846772298256,8,1.2962140593702722,1,1.2462140593702722,TECHNOPROBE SPA,Tecnología de la Información,Italia
INDT.ST,32.77174,0.15694,60.751,0.107,-0.0436161781645757,0.0882745831401905,-0.0079313860049345,69.82758067876267,0.0963444762784311,0.4355922951712906,0.0042774875358495,-0.1394799100799967,0.0845562927549299,-0.610745055620828,0.0351487908630318,-0.4211841929779478,1.2246685111750688,0.2472589539164699,-0.4355922951712906,0.1394799100799967,9,0.0297631558394755,0,0.0297631558394755,INDUTRADE,Industriales,Suecia
FRO.OL,9.085771,0.35009,92.619,0.669,0.0764219195970095,0.4162342032637034,0.9755478391953738,59.1382933533419,0.2514063233574961,-0.7595157906220598,0.9267862150793956,-0.0782822412670593,1.9696664948396956,0.2813068318218554,1.2540633044775436,1.5354736576521326,0.4575182421329593,1.286491699758522,0.7595157906220598,0.0782822412670593,9,0.9499004975168026,0,0.9499004975168026,FRONTLINE PLC,Energía,Noruega
BLND.L,9.6888895,0.077989995,53.102,0.069,-0.0150779829900824,-0.0595412700935865,0.0774538502311126,38.74082185432374,-0.0224038312941257,-0.7290846186467204,-0.3727976802203326,-0.1541686564321417,-0.0429066746458192,-0.3986661294770868,-0.5142325286454729,-0.2513080140732656,-1.006370347617768,-0.5485985188750175,0.7290846186467204,0.1541686564321417,9,-0.2501807353862112,0,-0.2501807353862112,BRITISH LAND REIT PLC,Inmobiliario,Reino Unido
VOE.VI,18.303278,0.05559,31.892,-0.019,0.0515100047145939,0.120154679067737,0.8061823383425786,70.36957221570394,0.1184278702898333,-0.2944338196646205,-0.4797828776546158,-0.1948992499906456,-0.3380840728370281,0.0961762682335513,0.1536362790692768,1.198516527925247,1.263566235665478,0.3952630350511383,0.2944338196646205,0.1948992499906456,9,0.3087360516787015,0,0.3087360516787015,VOESTALPINE AG,Materials,Austria
AVOL.SW,34.47059,0.14833,558.313,-0.002,-0.0453587970380382,0.0106430212831643,0.1024354514318111,18.444084538180206,0.0129396931534082,0.5213101043751291,-0.0368449569070701,0.816012574227232,-0.2810611663682719,-0.6236951646624838,-0.2533813563131809,-0.2016064597768839,-2.463029432431321,-0.311724338338409,-0.5213101043751291,-0.816012574227232,9,-0.6120739503777757,0,-0.6120739503777757,AVOLTA AG,Consumo discrecional,Suiza
FHZN.SW,20.602837,0.11332,53.754,0.036,-0.0119047750343889,-0.0330651495601528,0.0315628904198528,25.423701051693328,-0.0174864504683928,-0.1784064131160907,-0.204057126471137,-0.1529165891525498,-0.1535981989675226,-0.3750847315800065,-0.4158297814711238,-0.3426092886572433,-1.96211533749267,-0.5156419710578634,0.1784064131160907,0.1529165891525498,9,-0.4041792703809918,0,-0.4041792703809918,FLUGHAFEN ZUERICH AG,Industriales,Suiza
HWDN.L,15.755101,0.23082,59.191,0.048,-0.0618932038834951,-0.0967802302003613,-0.1545070279990397,41.71261847647832,-0.0599630932384036,-0.423005588745828,0.3571376728369999,-0.1424756538777933,-0.1133467355778123,-0.7465690614442374,-0.6526370948203111,-0.7128002975891019,-0.7930900316510932,-0.8003226899552851,0.423005588745828,0.1424756538777933,9,-0.3217941106196911,0,-0.3217941106196911,HOWDEN JOINERY GROUP PLC,Industriales,Reino Unido
IDR.MC,19.719845,0.26506,71.136,0.163,-0.0227708247456349,-0.0647289447718425,0.379119920334565,55.53631560479639,-0.0028554211498119,-0.222958986789173,0.5206722254183669,-0.1195370899901776,0.2723964552402447,-0.4558347629010215,-0.5335133533849797,0.3488645866407197,0.1990109988755979,-0.4175840344366687,0.222958986789173,0.1195370899901776,9,0.0307231324701788,0,0.0307231324701788,INDRA SISTEMAS SA,Tecnología de la Información,España
SCR.PA,7.0,0.1317,53.443,-0.065,0.0656794132963698,0.287530954509495,0.149123503787685,61.76470725731463,0.1409450544966075,-0.8647562301081234,-0.1162719314814897,-0.1535138175635208,-0.4923813491642509,0.2014749017925772,0.7757170440545029,-0.1087193485578921,0.6460110828349751,0.5461744011456323,0.8647562301081234,0.1535138175635208,9,0.2744749831439665,0,0.2744749831439665,SCOR,Financieros,Francia
LMP.L,14.746154,0.06671,68.252,0.18,-0.0052301831334355,-0.0488534695847524,-0.0186161630335818,55.10786274586045,-0.0078977893622322,-0.4739133948751421,-0.426672357073284,-0.1250753753189246,0.3294193617090009,-0.3254831266380421,-0.474509604360074,-0.4424418386095334,0.1682617341212584,-0.4513782543666577,0.4739133948751421,0.1250753753189246,9,-0.1137572572248072,0,-0.1137572572248072,LONDONMETRIC PROPERTY REIT PLC,Inmobiliario,Reino Unido
SYENS.BR,,-0.008,41.677,-0.069,0.2738652225914719,-0.0279219017469796,-0.0003820388093805,73.14810890235805,0.0895501134998204,,-0.7834967269142281,-0.1761086390538252,-0.5057985036274878,1.7485882564987894,-0.3967140762991521,-0.4061645676734027,1.4629766455289028,0.2017227732268236,,0.1761086390538252,8,0.1871528049742588,1,0.1371528049742588,SYENSQO NV,Materials,Bélgica
CTEC.L,30.742857,0.109139994,100.0,0.071,-0.0489130566235824,-0.1024163726366179,-0.1233448009843719,45.95507582867554,-0.0764515071819402,0.3332222178302002,-0.2240213616054078,-0.064108148336587,-0.0361980974142009,-0.6501083120787587,-0.6735847218902673,-0.6508022252668851,-0.4886167585454272,-0.9108289171149858,-0.3332222178302002,0.064108148336587,9,-0.4336971626010606,0,-0.4336971626010606,CONVATEC GROUP PLC,Cuidado de la Salud,Reino Unido
NDX1.DE,31.469696,0.27468002,35.374,0.106,-0.0902321275876718,0.2580254494139611,1.0863888113453046,32.641763139934795,0.1391964421403124,0.3698958774963912,0.5666186525948799,-0.1882125962060765,0.0812020041391207,-0.9571671203089712,0.6660551034200778,1.7559946943669245,-1.444088447169641,0.5344551081365706,-0.3698958774963912,0.1882125962060765,9,0.113487412654294,0,0.113487412654294,NORDEX,Industriales,Alemania
GJF.OL,21.673183,0.27246,22.964,0.06,0.0531914868947183,0.0544192022377165,0.0446699153180776,60.62175059770028,0.0582650885529172,-0.1244006361433787,0.5560155574599005,-0.2120441221872662,-0.073095272188102,0.1086720456613168,-0.0906801606720125,-0.316532517020006,0.5639832092983169,-0.0079511278117049,0.1244006361433787,0.2120441221872662,9,0.1196507214509282,0,0.1196507214509282,GJENSIDIGE FORSIKRING,Financieros,Noruega
GALE.SW,24.494535,0.12109999,70.088,0.058,0.0395738762784994,-0.0468783547647585,0.0331710854657545,81.93554484267189,0.0126778589872054,0.0179545526212961,-0.1668989143292706,-0.1215496153107486,-0.0798038494197204,0.0074740470327089,-0.4671687734393679,-0.3394097422090028,2.093634578146193,-0.3134791648455349,-0.0179545526212961,0.1215496153107486,9,0.093104804847273,0,0.093104804847273,GALENICA AG,Cuidado de la Salud,Suiza
BMED.MI,13.023255,0.27824,,0.06,0.2208572185827715,0.1799266685058753,0.6194482765384877,60.66352210354268,0.2107434681963313,-0.5608446293923062,0.5836215654599093,,-0.073095272188102,1.3546642364810126,0.3757884617261583,0.8270041882165967,0.5669810725767309,1.013967081879001,0.5608446293923062,,8,0.6512219954429517,1,0.6012219954429516,BANCA MEDIOLANUM,Financieros,Italia
WDP.BR,13.39394,0.07672,72.496,0.01,-0.0235447871849936,0.0280738986023694,0.1439843095129254,52.23882296591465,0.0111525670545784,-0.5421412087814665,-0.3788633362981823,-0.1169254159100472,-0.2408097029785616,-0.4615863923229649,-0.1885967058692897,-0.1189439110763058,-0.0376439144100196,-0.3237017524982307,0.5421412087814665,0.1169254159100472,9,-0.1212310100846712,0,-0.1212310100846712,WAREHOUSES DE PAUW NV,Inmobiliario,Bélgica
BTRW.L,19.06,0.027609998,3.238,0.154,-0.0155945419103313,-0.3397438015196733,-0.3344929280141049,46.51319780028574,-0.2290446787427092,-0.2562523722052526,-0.6134188913314778,-0.2499249184406867,0.2422078576979619,-0.4025048887408218,-1.5556501646890657,-1.070886991484919,-0.4485613827617827,-1.93351646834083,0.2562523722052526,0.2499249184406867,9,-0.5862392932227772,0,-0.5862392932227772,BARRATT REDROW PLC,Consumo discrecional,Reino Unido
AIXA.DE,80.07547,0.06691,0.311,-0.472,-0.0836635597707107,1.0492934929067466,1.7910706189430012,34.92429307873557,0.3485220525012418,2.822366938471105,-0.4257171318829724,-0.255545778758732,-1.857576815798592,-0.908353423422893,3.0,3.0,-1.2802755190164763,1.9373664814257772,-2.822366938471105,0.255545778758732,9,0.0998469368436078,0,0.0998469368436078,AIXTRON,Tecnología de la Información,Alemania
NDA.DE,8.311996,0.17108,9.085,0.214,-0.0821989369017915,0.1670755872578502,0.8804606649129172,49.38488854515649,0.126286228128424,-0.7985576706095219,0.0718119084908884,-0.2386966402447144,0.4434651746465134,-0.8974692156674021,0.3280253577106158,1.3462952171862392,-0.2424654794086922,0.4479301672196587,0.7985576706095219,0.2386966402447144,9,0.2816497156702287,0,0.2816497156702287,AURUBIS AG,Materials,Alemania
P911.DE,131.52942,0.00773,50.398,-0.052,0.0907659380025263,0.0741071127523489,0.0358939258220889,53.2760513980398,0.0481536306783445,5.418546629958785,-0.7083682656962111,-0.1593612790149892,-0.4487755971587314,0.3879030619417959,-0.0175068844619983,-0.3339925795250132,0.0367960408965058,-0.0757186562489249,-3.0,0.1593612790149892,9,-0.4444779556930653,0,-0.4444779556930653,DR ING HC F PORSCHE PRF AG,Consumo discrecional,Alemania
NIBE B.ST,,,,,,,,,,,,,,,,,,,,,0,,9,,NIBE INDUSTRIER CLASS B,Industriales,Suecia
WTB.L,19.713114,0.065799996,174.279,0.02,-0.0662870865703207,-0.1653943652182311,-0.2910545093158709,48.18626369372645,-0.1062647070101382,-0.2232986086355696,-0.4310186507937062,0.0785334244560632,-0.2072668168204696,-0.7792217893454193,-0.9076525292841318,-0.9844651121131964,-0.3284885555279336,-1.1106385679312696,0.2232986086355696,-0.0785334244560632,9,-0.5115540930707356,0,-0.5115540930707356,WHITBREAD PLC,Consumo discrecional,Reino Unido
EVK.DE,48.794117,0.01936,46.361,-0.093,0.0068872365077827,0.3313710088911512,-0.0205072205168376,67.5572605220896,0.1555783408141986,1.244023324796019,-0.6528219208795845,-0.1671137262660821,-0.5863014304069082,-0.2354336568159443,0.938655635529042,-0.4462041473353244,1.0617318563747538,0.6442474642942285,-1.244023324796019,0.1671137262660821,9,-0.039226199752186,0,-0.039226199752186,EVONIK INDUSTRIES AG,Materials,Alemania
BRBY.L,181.08333,0.02142,160.994,0.009,0.0238759367348999,-0.0171476369719782,-0.1398243045387994,53.50072480112266,0.0100337476098844,7.918857194566717,-0.6429831014193736,0.0530215934600837,-0.2441639915943708,-0.1091837212921602,-0.3566697937047622,-0.6835886321151736,0.0529204331384215,-0.3312001399192061,-3.0,-0.0530215934600837,9,-0.5964322822629676,0,-0.5964322822629676,BURBERRY GROUP PLC,Consumo discrecional,Reino Unido
BGEO.L,7.9218106,0.2744,,0.142,-0.0172101548636163,0.1250233164793077,0.4756886029174672,46.620776138773856,0.1010685376614488,-0.8182450106756392,0.5652812418059242,,0.2019563943082516,-0.4145111651749681,0.1717313506523429,0.5409905269343293,-0.4408406855065039,0.2789198645471594,0.8182450106756392,,8,0.2152215672802718,1,0.1652215672802718,LION FINANCE GROUP PLC,Financieros,Reino Unido
LOTB.BR,51.056587,0.20872,36.325,0.103,0.0761952713658218,0.1635786989091765,0.4482841665749419,30.434782608695656,0.1356448673049362,1.3581793549278192,0.2515852893075545,-0.1863863446985736,0.0711391382916931,0.2796225167070152,0.3150286114676407,0.4864686782386712,-1.6024793348656228,0.5106522647050098,-1.3581793549278192,0.1863863446985736,9,-0.0955306495974759,0,-0.0955306495974759,LOTUS BAKERIES NV,Productos básicos de consumo,Bélgica
ANDR.VI,16.038544,0.20696,32.285,0.017,0.0700000217982701,0.0956954305384205,0.1684692676283685,59.25926972483286,0.111686576667876,-0.4087040830248028,0.2431793076328114,-0.1941445529954315,-0.2173296826678972,0.2335830994472596,0.0627295600858236,-0.0702304412933799,0.4662004912962239,0.3500825266717818,0.4087040830248028,0.1941445529954315,9,0.1856737219103175,0,0.1856737219103175,ANDRITZ AG,Industriales,Austria
PAH3.DE,2.9880042,0.07837,18.342,,-0.101206450670778,-0.2334241168643277,-0.194271700356718,53.116522900574,-0.152255474776581,-1.0671869865086303,-0.3709827284781106,-0.2209199733625328,,-1.0387217750581204,-1.1604960092460503,-0.7919131617480142,0.0253469773598074,-1.4188711394479374,1.0671869865086303,0.2209199733625328,8,-0.4334413595934077,1,-0.4834413595934077,PORSCHE AUTOMOBIL HOLDING PREF,Consumo discrecional,Alemania
JMT.LS,16.156862,0.18574,157.89,0.063,-0.176027918824083,-0.1728311347497972,-0.2139989392951133,46.81441131094533,-0.1527886293159578,-0.4027341858888699,0.1418299149407376,0.0470608314419038,-0.0630324063406744,-1.594750512034225,-0.9352924756684406,-0.8311610237780483,-0.4269438493653241,-1.4224443695258182,0.4027341858888699,-0.0470608314419038,9,-0.5306801519249809,0,-0.5306801519249809,JERONIMO MARTINS SA,Productos básicos de consumo,Portugal
MYCR.ST,39.03262,0.23685,5.329,0.169,0.2907225051774218,0.6512984492268208,0.6583235386643074,63.88889997008078,0.4466020236836499,0.7514935915118318,0.3859377123248984,-0.2459094695424862,0.2925221869350998,1.8738615741234843,2.1277172650730205,0.904347547267516,0.7984604427862659,2.5947036645178305,-0.7514935915118318,0.2459094695424862,9,0.9413295856731968,0,0.9413295856731968,MYCRONIC,Tecnología de la Información,Suecia
AZA.ST,21.702961,0.39111,4.35,0.254,0.0693408439238914,0.2197472904101345,0.1436427502868553,49.23077589824677,0.1220417234937216,-0.122898146269363,1.12270290161233,-0.2477894908104624,0.577636719278881,0.2286844807756449,0.5237881879179912,-0.1196234521627064,-0.2535258574245795,0.419483271420643,0.122898146269363,0.2477894908104624,9,0.3188704320553366,0,0.3188704320553366,AVANZA BANK HOLDING,Financieros,Suecia
MBK.WA,15.72327,0.18546,,0.041,0.165210153974199,0.413855769279962,0.7056530468091617,56.61157024793389,0.2512557244266828,-0.4246116655535317,0.1404925996743013,,-0.1368267558884766,0.941128284642496,1.2452234732161078,0.998510851692404,0.2761800246169125,1.2854823777148463,0.4246116655535317,,8,0.6468503151527654,1,0.5968503151527653,MBANK SA,Financieros,Polonia
RED.MC,16.404255,0.09794,117.492,0.069,0.0717629218054567,0.1095637296506168,-0.0597326691252694,69.16667130258412,0.0554714022546845,-0.3902516324130685,-0.2775139436061086,-0.0305174108294983,-0.0429066746458192,0.2466839258357863,0.1142733173954492,-0.5242442116270157,1.1772362745523273,-0.0266745619602311,0.3902516324130685,0.0305174108294983,9,0.1208470187985505,0,0.1208470187985505,REDEIA CORPORACION SA,Servicios,España
ATS.VI,,-0.02407,203.91,0.213,1.015712785401226,3.4236456367848085,7.412178121523388,43.548388559224506,1.3598510732647338,,-0.860249070955775,0.1354352734769038,0.4401108860307042,3.0,3.0,3.0,-0.6613402273840668,3.0,,-0.1354352734769038,8,1.3478857892767449,1,1.2978857892767448,AT & S AUSTRIA TECHNOLOGIE & SYSTE,Tecnología de la Información,Austria
SW.PA,17.393442,0.11902001,149.792,-0.037,0.2412259511863359,0.245890017749361,0.0572110375603183,62.68656582240892,0.1580831066818329,-0.3403408442134526,-0.1768331607859935,0.0315098485735981,-0.3984612679215935,1.506032566225069,0.620951825829418,-0.2915816236384058,0.7121711573751193,0.6610345383511095,0.3403408442134526,-0.0315098485735981,9,0.3269050034527308,0,0.3269050034527308,SODEXO SA,Consumo discrecional,Francia
CAST.ST,23.037636,0.03486,74.806,-0.24,0.0288115741611969,0.2196394799880043,0.142027200073852,49.743613419272855,0.1273222109281704,-0.0555552866883916,-0.5787919686304259,-0.1124894106710022,-1.0793818569308593,-0.0725049937551267,0.5233874931976965,-0.1228376319098344,-0.216720462429309,0.4548733790406594,0.0555552866883916,0.1124894106710022,9,-0.1026590382286451,0,-0.1026590382286451,CASTELLUM,Inmobiliario,Suecia
EDPR.LS,66.66667,0.02773,82.776,-0.1,0.0321158895165536,0.0877770772135331,0.3668291926255231,44.13407702172298,0.0722428207918761,2.145807524719197,-0.6128457466650388,-0.0971842324220029,-0.6097814507175726,-0.0479492834896556,0.0332997303159328,0.3244118597852486,-0.6193064558236342,0.0857283770372956,-2.145807524719197,0.0971842324220029,9,-0.3883406957616242,0,-0.3883406957616242,EDP RENEWABLES SA,Servicios,Portugal
EMG.L,26.763636,0.10954001,18.297,0.143,0.0453808622761378,-0.0209299015584598,0.4381545392701873,39.90756233830172,0.025827813375219,0.1324451589621969,-0.2221108348067692,-0.2210063890490078,0.2053106829240608,0.0506281199157626,-0.370727186493107,0.4663155176207962,-0.9226355532449548,-0.2253474711776208,-0.1324451589621969,0.2210063890490078,9,-0.1033339439083356,0,-0.1033339439083356,MAN GROUP PLC,Financieros,Reino Unido
SB1NO.OL,12.432594,0.11844,,-0.052,0.0191647997707264,0.1300800529326136,0.1899437488646342,81.17154330879586,0.1183007075884423,-0.5906472411014909,-0.179603361599157,,-0.4487755971587314,-0.1441940946591135,0.1905255224840359,-0.027506394640956,2.0388036091191246,0.3944107838634694,0.5906472411014909,,8,0.3017884635637703,1,0.2517884635637704,SPAREBANK SR-NORGE,Financieros,Noruega
TE.PA,17.336735,0.15003,51.308,-0.02,-0.1260811463499273,0.0892636704063976,-0.0541224844417369,61.56584741051568,-0.0080091370772984,-0.3432020737549201,-0.0287255427894204,-0.1576137617996078,-0.3414383614528373,-1.223575747621226,0.0388248922792886,-0.5130826012714104,0.6317392815137883,-0.4521245126748825,0.3432020737549201,0.1576137617996078,9,-0.1541740840513524,0,-0.1541740840513524,TECHNIP ENERGIES NV,Energía,Francia
LEG.DE,3.3951824,0.1566,110.296,-0.215,-0.0891696090896952,-0.0929333877673755,-0.2351563953753145,34.9753811218812,-0.1073105083984751,-1.046642251388071,0.0026536047123196,-0.0443362392711293,-0.9955246415356296,-0.949271113547474,-0.6383396881109468,-0.8732543405232547,-1.276609025184769,-1.11764758445519,1.046642251388071,0.0443362392711293,9,-0.5285571442206382,0,-0.5285571442206382,LEG IMMOBILIEN N,Inmobiliario,Alemania
ELIS.PA,17.260275,0.09894,108.105,0.054,-0.0032297567957675,0.0763130460511207,0.017927997088301,32.520332452412234,0.0127175728055215,-0.3470599680314751,-0.2727378176545499,-0.0485437230281629,-0.0932210038829571,-0.3106171455580094,-0.0093081796552118,-0.3697362684612659,-1.452803301749456,-0.3132130007230638,0.3470599680314751,0.0485437230281629,9,-0.2695592251805418,0,-0.2695592251805418,ELIS SA,Industriales,Francia
AYV.PA,10.540541,0.09259,309.966,-0.015,0.1344070635323451,0.0176023419800877,0.3377350812530573,57.54188574981449,0.109532020121565,-0.6861133729304048,-0.3030662174469471,0.3390997633609534,-0.3246669183737913,0.7122180013231197,-0.2275159250775212,0.2665283580646641,0.3429470377801272,0.335642574111736,0.6861133729304048,-0.3390997633609534,9,0.1276778355500931,0,0.1276778355500931,AYVENS SA,Industriales,Francia
CRDA.L,65.97727,0.02876,31.633,0.039,-0.0271198077583247,0.0255409349634114,-0.0196642047491973,48.02267894562444,-0.0120805844351975,2.111022901200272,-0.6079263369349334,-0.1953966202750234,-0.143535333120095,-0.4881538230766623,-0.1980108713718015,-0.4445269452372096,-0.3402287286280803,-0.4794115694009861,-2.111022901200272,0.1953966202750234,9,-0.5130466542994463,0,-0.5130466542994463,CRODA INTERNATIONAL PLC,Materials,Reino Unido
HAG.DE,87.56322,0.10305,167.139,0.256,-0.0225262905432359,-0.083092239126518,-0.2284500191089702,59.76331377642144,-0.0511697659351206,3.200171645105618,-0.253107939993644,0.0648221355353787,0.5843452965104994,-0.4540175298653267,-0.6017634812460245,-0.8599118281095846,0.502374795346006,-0.7413893427095304,-3.0,-0.0648221355353787,9,-0.5431435739558871,0,-0.5431435739558871,HENSOLDT AG,Industriales,Alemania
BARN.SW,25.028236,0.09427,207.705,-0.073,0.0345471521942111,-0.1114675220529269,0.1776429459704744,42.42424242424243,-0.098917939397362,0.0448831693266543,-0.2950423258483287,0.1427229963696206,-0.5192156580907245,-0.0298815824770912,-0.7072247699677642,-0.0519791663428787,-0.7420181045558455,-1.061400140664272,-0.0448831693266543,-0.1427229963696206,9,-0.39937421262702,0,-0.39937421262702,BARRY CALLEBAUT AG,Productos básicos de consumo,Suiza
DIE.BR,21.878172,,7910.915,0.034,-0.0131717361858615,-0.0634660870941924,-0.0220173227764396,41.964262602253314,0.0385823285205852,-0.1140576347065918,,14.935571445488096,-0.160306776199141,-0.3845000347842647,-0.5288197403379299,-0.4492085355987396,-0.7750300008076848,-0.1398660323447372,0.1140576347065918,-3.0,8,-0.6654591856707381,1,-0.7154591856707382,DIETEREN (D) SA,Consumo discrecional,Bélgica
SBMO.AS,7.0151844,0.17978,141.237,0.195,-0.0956375371775655,0.0819229856998091,0.474995715629124,66.76136579149,0.0982858861589257,-0.8639900803585431,0.1133642042694483,0.015081266400425,0.3797336909461388,-0.9973369157071164,0.0115420605533617,0.5396120094043201,1.0046119719408628,0.2602703861863472,0.8639900803585431,-0.015081266400425,9,0.2400784690612756,0,0.2400784690612756,SBM OFFSHORE NV,Energía,Holanda
GL9.IR,35.4375,0.09165,58.411,-0.002,0.3101449496504189,0.4639817446289163,0.7655473928100438,22.875831659729016,0.2969785359700025,0.5700968759543052,-0.3075557758414123,-0.1439735257766916,-0.2810611663682719,2.018197652201793,1.4315246978574616,1.1176722323378478,-2.1449711846623165,1.5919190923733166,-0.5700968759543052,0.1439735257766916,9,0.3332891330800894,0,0.3332891330800894,GLANBIA PLC,Productos básicos de consumo,Irlanda
TUB.BR,99.52381,0.050040003,,,-0.0013250265380803,-0.0535081052166557,0.4755702890882431,35.68626852596509,-0.035166191455326,3.803659634972492,-0.5062903623573883,,,-0.2964623209387972,-0.4918093040157127,0.5407551384514235,-1.2255899584594636,-0.6341325354212458,-3.0,,7,-0.8019327632487406,2,-0.9019327632487406,FINANCIERE DE TUBIZE SA,Cuidado de la Salud,Bélgica
UMI.BR,12.553458,0.18576999,125.095,0.441,0.1953939219755778,0.0057513032744236,0.3882777895994196,43.2432362770324,0.0758478978524757,-0.5845488820400007,0.1419731509580248,-0.0159170005124165,1.2048886904351996,1.1654361312166757,-0.2715622106363988,0.3670844090151802,-0.6832404390872143,0.1098897952277337,0.5845488820400007,0.0159170005124165,9,0.2927706010757354,0,0.2927706010757354,UMICORE SA,Materials,Bélgica
SIGN.SW,,-0.030050002,93.795,-0.048,0.1776429980512484,0.1786643943907406,-0.0909698778614296,45.87156658966303,0.2129353139837539,,-0.8888103136983474,-0.0760239113271818,-0.4353584426954947,1.0335218016344137,0.3710970175827661,-0.5863914620612379,-0.4946100613003824,1.0286569489161457,,0.0760239113271818,8,0.0130161749631306,1,-0.0369838250368693,SIG GROUP N AG,Materials,Suiza
ALK B.CO,,,,,,,,,,,,,,,,,,,,,0,,9,,ALK-ABELLO CLASS B,Cuidado de la Salud,Dinamarca
LAGR B.ST,,,,,,,,,,,,,,,,,,,,,0,,9,,LAGERCRANTZ GROUP CLASS B,Tecnología de la Información,Suecia
RMV.L,15.682144,2.6607902,8.729,0.079,-0.0153670004748421,-0.1531311531298286,-0.4497861968334617,48.26430369750974,-0.1248365200927018,-0.4266867343479027,3.0,-0.2393802843421603,-0.0093637884877273,-0.4008139358618224,-0.8620743352599489,-1.3002659898203972,-0.3228877696124855,-1.2351078469230048,0.4266867343479027,0.2393802843421603,9,-0.0516051830305914,0,-0.0516051830305914,RIGHTMOVE PLC,Comunicación,Reino Unido
PSN.L,12.005681,0.080240004,0.407,0.193,-0.048604872753628,-0.2482219000011725,-0.1089944441911054,50.44541656468666,-0.1372601113897708,-0.61218772265115,-0.3620513538441922,-0.2553614252942522,0.3730251137145204,-0.647818072496503,-1.215494342967827,-0.6222518120406488,-0.1663533560518399,-1.31837141652494,0.61218772265115,0.2553614252942522,9,-0.3435295658073365,0,-0.3435295658073365,PERSIMMON PLC,Consumo discrecional,Reino Unido
BCVN.SW,25.539999,0.10876001,,-0.007,0.0738298978001039,0.2584104006195709,0.3911875878484672,92.37292519047624,0.1889881146370797,0.0707048741220066,-0.2258362130489848,,-0.2978326094473179,0.262044464462331,0.6674858362992488,0.372873529356374,2.8427059519571447,0.8681615453009568,-0.0707048741220066,,8,0.5523622038447182,1,0.5023622038447182,BC VAUD N,Financieros,Suiza
BBOX.L,11.757143,,,,-0.0265028179238721,-0.0821346380094053,0.0528387104139089,37.01510953930201,-0.0239615086192342,-0.6247280486739911,,,,-0.4835687208747795,-0.5982044031514024,-0.3002804837844372,-1.1302215106050153,-0.5590381551504908,0.6247280486739911,,6,-0.407764204148689,3,-0.557764204148689,TRITAX BIG BOX REIT PLC,Inmobiliario,Reino Unido
ENT.L,,-0.40644002,311.21,0.037,-0.0530353387054316,-0.1546658990100883,-0.4312455503177482,53.32657142238361,-0.1149527395288906,,-2.6864964465757613,0.3414886770048372,-0.1502439103517134,-0.6807426655070211,-0.8677784644068668,-1.263378884703012,0.0404217690753339,-1.1688662239311642,,-0.3414886770048372,8,-0.8898216879256302,1,-0.9398216879256304,ENTAIN PLC,Consumo discrecional,Reino Unido
BKG.L,10.072508,0.08842,18.241,-0.003,-0.0109223300970874,-0.1882470119521913,-0.1058694459681842,48.83516493981915,-0.1281515254361661,-0.709728620536197,-0.3229826626649466,-0.2211139285699543,-0.284415454984081,-0.3677837839894428,-0.99258805509075,-0.6160345456771031,-0.2819181200660748,-1.257325189038199,0.709728620536197,0.2211139285699543,9,-0.3546894736004939,0,-0.3546894736004939,BERKELEY GROUP HOLDINGS (THE) PLC,Consumo discrecional,Reino Unido
AAK.ST,14.481268,0.18711,28.46,-0.009,-0.160735150343425,-0.1720765807743065,-0.1944875008224672,29.464275577438656,-0.1730618963534934,-0.4872785816831405,0.1483732074943729,-0.2014898863457981,-0.3045411866789362,-1.4811037345378828,-0.9324880548324708,-0.7923425024647861,-1.672130819335076,-1.558316883412903,0.4872785816831405,0.2014898863457981,9,-0.6559757228598604,0,-0.6559757228598604,AAK,Productos básicos de consumo,Suecia
GETI B.ST,,,,,,,,,,,,,,,,,,,,,0,,9,,GETINGE B,Cuidado de la Salud,Suecia
GFC.PA,12.487562,0.04261,66.028,-0.0,0.0793946077088443,0.0459221504680342,-0.0737307618924542,79.97731170515327,0.0546067936593601,-0.5878737551926015,-0.5417769925058467,-0.1293462305793731,-0.2743525891366535,0.3033980852688033,-0.1222608160011625,-0.5520937862849672,1.9530958282220532,-0.0324692147489303,0.5878737551926015,0.1293462305793731,9,0.1611956111761412,0,0.1611956111761412,GECINA SA,Inmobiliario,Francia
MAP.MC,12.151351,0.18323,35.919,-0.015,0.1157810418182621,0.1778321645738005,0.3725361610512379,69.94538509242322,0.1343706869503236,-0.6048377428020031,0.1298418388023255,-0.187166006225436,-0.3246669183737913,0.5738004644291502,0.3680039020274152,0.3357660239478911,1.233123114824754,0.5021126402031371,0.6048377428020031,0.187166006225436,9,0.4011094238764801,0,0.4011094238764801,MAPFRE SA,Financieros,España
AKE.PA,,0.00543,59.855,-0.084,-0.0632892361225954,0.1114433319859868,-0.1081010624687378,44.95413614617637,0.0218766337015767,,-0.719353355384796,-0.1412005424151414,-0.5561128328646255,-0.7569435443546016,0.121259160852468,-0.620474405547569,-0.5604523377891479,-0.251828487487589,,0.1412005424151414,8,-0.4003381575200899,1,-0.4503381575200899,ARKEMA SA,Materials,Francia
TEMN.SW,19.882006,0.53041,188.334,0.089,-0.106601152627472,-0.0741139354334016,0.1160233766976976,42.38095411097508,-0.0374194226188854,-0.2147769308935355,1.788017246664445,0.1055239238650577,0.0241790976703645,-1.078811997682422,-0.5683941759789405,-0.1745729241779425,-0.7451248262818537,-0.6492338105139427,0.2147769308935355,-0.1055239238650577,9,-0.1438542648079793,0,-0.1438542648079793,TEMENOS AG,Tecnología de la Información,Suiza
LUND B.ST,,,,,,,,,,,,,,,,,,,,,0,,9,,LUNDBERGFORETAGEN CLASS B,Financieros,Suecia
INVP.L,8.42,0.12372,,0.094,0.0088211708099439,0.0465890183028285,0.1290298407717978,52.04249793315386,0.0563300025762092,-0.7931081805043029,-0.1543854165749275,,0.0409505407494104,-0.221061805073846,-0.1197822947667882,-0.1486962209518599,-0.0517337968424962,-0.0209201769420774,0.7931081805043029,,8,0.0146848762627147,1,-0.0353151237372852,INVESTEC PLC,Financieros,Reino Unido
INPST.AS,67.391304,0.15086001,322.425,0.308,0.018396828387563,0.1498516710949795,0.1823036160115738,73.68418410881851,0.1484458920813622,2.182369928083011,-0.0247613104883673,0.3630253864229713,0.7587683045325773,-0.14990120210773,0.2640099115886332,-0.0427066404049199,1.5014497659852062,0.596445413558797,-2.182369928083011,-0.3630253864229713,9,0.039767658684246,0,0.039767658684246,INPOST SA,Industriales,Holanda
ALLN.SW,16.340363,0.081429996,97.439,0.042,0.0,0.0470332230834948,0.2177452093810477,65.85365853658537,0.0547104393247848,-0.3934753909942567,-0.356367802170845,-0.0690261610713031,-0.1334724672726674,-0.2866155102491293,-0.1181313364751326,0.0278053441172705,0.939467510611291,-0.0317745759870242,0.3934753909942567,0.0690261610713031,9,0.0559347460710358,0,0.0559347460710358,ALLREAL HOLDING AG,Inmobiliario,Suiza
AZM.MI,9.31217,0.26435,3.153,0.127,-0.0003233860436333,0.0020925913859386,0.2564959800844546,43.954276068923726,0.0501213033732088,-0.7480925182401897,0.5172811759927601,-0.2500881480706949,0.1516420650711137,-0.2890187233620921,-0.2851604000120566,0.1049010242007459,-0.6322104357724141,-0.062531209200396,0.7480925182401897,0.2500881480706949,9,0.0558982403587272,0,0.0558982403587272,AZIMUT HOLDING,Financieros,Italia
A2A.MI,9.658334,0.1148,109.904,0.147,0.0066269837284489,-0.0146080769243241,0.0980972362556527,63.1285042698898,0.0113777325354462,-0.730626338350713,-0.1969884600628303,-0.0450890159177552,0.2187278373872975,-0.2373677009848052,-0.3472311115916553,-0.2102374532586466,0.743888257735846,-0.322192681470386,0.730626338350713,0.0450890159177552,9,0.0471460046692542,0,0.0471460046692542,A2A,Servicios,Italia
VER.VI,14.987277,0.1347,18.085,-0.155,-0.0381895320055275,0.0188066020365336,-0.0720763547017104,70.50001926422854,-0.015176739987068,-0.4617472028578026,-0.101943553626814,-0.2214135029497339,-0.794267324587078,-0.5704174426468435,-0.2230400994852872,-0.5488022995560551,1.2729281777037846,-0.5001621685737396,0.4617472028578026,0.2214135029497339,9,-0.086949333884944,0,-0.086949333884944,VERBUND AG,Servicios,Austria
SECT B.ST,,,,,,,,,,,,,,,,,,,,,0,,9,,SECTRA CLASS B,Cuidado de la Salud,Suecia
AALB.AS,29.735292,0.05954,45.342,0.003,0.2944942036810238,0.3704211286092376,0.5073648082436879,58.198607502711205,0.2694596964269369,0.2823841424083174,-0.4609171801459593,-0.1690705614775915,-0.2642897232892259,1.9018905985061056,1.0837916668027503,0.6040111726598113,0.3900787364690001,1.4074863662098989,-0.2823841424083174,0.1690705614775915,9,0.5054153395868506,0,0.5054153395868506,AALBERTS NV,Industriales,Holanda
ENG.MC,13.5,0.14795999,118.493,0.074,0.0286421270483563,0.2863663090942359,0.3711718908915968,58.904134643396965,0.1553487267997992,-0.5367898058652826,-0.0386121712704062,-0.0285951418925788,-0.0261352315667733,-0.0737642241132369,0.7713884526280969,0.3330517724926067,0.4407131070604264,0.6427085789580672,0.5367898058652826,0.0285951418925788,9,0.2905261368829602,0,0.2905261368829602,ENAGAS SA,Servicios,España
SOF.BR,70.30675,0.01069,11.929,-0.345,0.0532999905404714,-0.0513438323790467,-0.1370742015544882,52.87355414660672,-0.0072430647872616,2.3294727588050246,-0.6942309328795976,-0.2332351688595006,-1.4315821615908244,0.1094783803483318,-0.4837654369927245,-0.6781172297139711,0.0079095618146612,-0.4469902554447175,-2.3294727588050246,0.2332351688595006,9,-0.6348372960449296,0,-0.6348372960449296,SOFINA SA,Financieros,Bélgica
VEND.OL,,-0.37695998,16.901,0.001,-0.0656992278878157,-0.1264288634320812,-0.2776139132973892,48.68913097831913,-0.0915423782085712,,-2.5456960624787746,-0.223687195678318,-0.2709983005208443,-0.774853172572437,-0.7628309941222026,-0.957724691936702,-0.2923987058566358,-1.0119687373194837,,0.223687195678318,8,-0.7990979336410953,1,-0.8490979336410953,VEND MARKETPLACES ASA,Comunicación,Noruega
BZU.MI,8.2239685,0.13445,6.178,0.029,-0.1096221373389249,-0.1629045991719478,-0.0735415644383625,33.18536037237533,-0.1142092113774922,-0.8029992189802968,-0.1031375851147036,-0.2442790935909931,-0.1770782192781869,-1.1012621627886656,-0.8983989145611475,-0.5517173729613485,-1.4050754848998777,-1.1638830587171285,0.8029992189802968,0.2442790935909931,9,-0.4836971650833075,0,-0.4836971650833075,BUZZI,Materials,Italia
CVC.AS,18.727274,0.6032,79.323,0.089,0.1286210676008254,-0.0358923290701577,-0.1365049883003459,74.035090537173,0.0913993386558424,-0.2730405193548869,2.135671454678396,-0.1038151960975104,0.0241790976703645,0.669219914151669,-0.4263374474332953,-0.6769847649360056,1.5266336676547367,0.2141163785705874,0.2730405193548869,0.1038151960975104,9,0.4270393350898722,0,0.4270393350898722,CVC CAPITAL PARTNERS PLC,Financieros,Holanda
VK.PA,15.637037,0.14524001,36.586,-0.147,-0.1511861721753661,0.1950183705790866,0.275528796586272,63.72797058933745,0.0783144673488203,-0.4289626699630291,-0.0516031383361266,-0.1858851337170192,-0.7674330156606045,-1.4101413971066086,0.4318791923022443,0.1427673144828797,0.7869108404624119,0.126420875172818,0.4289626699630291,0.1858851337170192,9,-0.0140390583336597,0,-0.0140390583336597,VALLOUREC SA,Energía,Francia
JMAT.L,,-0.04222,70.337,0.264,0.013685275368432,-0.1204410589416279,0.1285268661201537,52.45634545312699,-0.0063562317844533,,-0.9469357569765638,-0.1210714485122542,0.6111796054369729,-0.1849146673481561,-0.7405763586419231,-0.149696902283595,-0.0220327300992744,-0.4410466534950907,,0.1210714485122542,8,-0.219119001861922,1,-0.269119001861922,JOHNSON MATTHEY PLC,Materials,Reino Unido
UNI.MC,13.783334,0.09184,,0.021,0.2343283602006451,0.2176830496967279,0.705796434263882,65.38461318030224,0.2474288772493946,-0.5224937998889101,-0.3066483119106161,,-0.2039125282046604,1.454773764458534,0.5161161063238678,0.9987961248143686,0.905804997825258,1.2598346444078694,0.5224937998889101,,8,0.6434073247004415,1,0.5934073247004414,UNICAJA BANCO SA,Financieros,España
INCH.L,11.152777,0.19403,225.821,0.053,0.0396112979453373,0.0303702922621313,0.0343498385414358,58.29476343263144,0.0535281813469956,-0.6552221649745985,0.1814239990791586,0.1775120313958278,-0.0965752924987663,0.0077521426469893,-0.1800617906263642,-0.3370645818839168,0.3969796687072861,-0.0396981318306806,0.6552221649745985,-0.1775120313958278,9,0.0456073496858307,0,0.0456073496858307,INCHCAPE PLC,Consumo discrecional,Reino Unido
R3NK.DE,38.929825,0.24204001,103.927,0.04,-0.2111080709870108,-0.2192027928953195,-0.3732257213645268,49.79065753340058,-0.189294234768215,0.7463069286533637,0.4107258537747471,-0.0565669394302105,-0.1401810445042858,-1.8554453791827337,-1.107640178451669,-1.1479469051506088,-0.2133441938614216,-1.6671068787595154,-0.7463069286533637,0.0565669394302105,9,-0.712297635039849,0,-0.712297635039849,RENK GROUP AG,Industriales,Alemania
BGN.MI,15.8518505,0.28243,,0.116,0.1983552777736636,0.1868808457145678,0.4579998366104658,40.25971709741472,0.1958415585403157,-0.4181239598900922,0.60363353319694,,0.1147448902972127,1.1874431696347505,0.401634776363095,0.5057982599543067,-0.8973620611988087,0.9140936908299776,0.4181239598900922,,8,0.4060137773709458,1,0.3560137773709458,BANCA GENERALI,Financieros,Italia
NEM.DE,27.164179,0.23862,32.754,0.107,-0.1450818948028217,-0.2809776330909007,-0.5578127715772562,42.36641132458534,-0.269820464067096,0.1526551059568892,0.3943914552591571,-0.1932439095075042,0.0845562927549299,-1.3647780311986686,-1.337236277087998,-1.5151877086864685,-0.7461685350111508,-2.206797950180276,-0.1526551059568892,0.1932439095075042,9,-0.7389591056222066,0,-0.7389591056222066,NEMETSCHEK,Tecnología de la Información,Alemania
ZAB.WA,29.417393,0.58837,395.549,0.159,0.3586346325033198,0.521817477628765,0.6422330681841013,79.42858731017111,0.4481215447431352,0.2663441119005674,2.064841506816782,0.503448956596099,0.2589793007770079,2.378544191484174,1.6464804729998388,0.8723351319783019,1.9137148990333095,2.6048875754718166,-0.2663441119005674,-0.503448956596099,9,1.2188877788960626,0,1.2188877788960626,ZABKA GROUP SOCIETE ANONYME SA,Productos básicos de consumo,Polonia
GF.SW,,-0.39063,7670.37,0.05,0.2523518209482323,0.0874300704176305,-0.11640841910411,78.6075300565479,0.1095157132003992,,-2.6109857997591,14.473641194307977,-0.1066381583461939,1.5887134259322386,0.0320100239194891,-0.6370021106196048,1.8547891471248468,0.3355332842588249,,-3.0,8,-0.3179475234361875,1,-0.3679475234361875,GEORG FISCHER AG,Industriales,Suiza
HUBN.SW,47.61194,0.11249,,-0.097,-0.1455357415335517,0.2215680815174041,1.1263338544807122,26.780626470994815,0.039996975221157,1.1843749611787684,-0.2080213110109307,,-0.599718584870145,-1.3681507506961192,0.5305554500159145,1.8354664109440928,-1.864731324059741,-0.1303849949217662,-1.1843749611787684,,8,-0.3736700082221828,1,-0.4236700082221828,HUBER & SUHNER AG,Industriales,Suiza
PLUS.L,14.20906,0.46408,3.944,0.016,0.0107095046854082,0.0829984314369132,0.3546905890047329,45.21805268132717,0.1223588748036892,-0.5010132100539552,1.471216812297562,-0.2485691523373249,-0.2206839712837064,-0.2070288286343531,0.0155391270735244,0.300261787814518,-0.5415115389517818,0.4216088363672345,0.5010132100539552,0.2485691523373249,9,0.2209982874526975,0,0.2209982874526975,PLUS500 LTD,Financieros,Reino Unido
AG1.DE,73.393936,0.10702,238.808,0.254,0.2965738178625032,-0.1795393313761043,-0.0273092496222264,51.18482726857521,0.0398933210932697,2.4852409670192643,-0.2341467199659563,0.2024515985124846,0.577636719278881,1.9173450566351056,-0.9602245640301302,-0.4597369635944199,-0.1132872251535025,-0.1310796903995476,-2.4852409670192643,-0.2024515985124846,9,-0.2323539947512575,0,-0.2323539947512575,AUTO1 GROUP,Consumo discrecional,Alemania
ING.WA,13.202347,0.22552,,0.046,0.0358950894717657,0.3308826415002082,0.4954206262495078,53.10346230693248,0.2076924167497442,-0.5518082966460756,0.3318242052937393,,-0.1200553128094307,-0.0198645127715614,0.936840539815209,0.5802479076416742,0.024409642847139,0.9935187728186468,0.5518082966460756,,8,0.4098411924351864,1,0.3598411924351865,ING BANK SLASKI SA,Financieros,Polonia
VAR.OL,17.296297,0.97445,1081.588,0.45,0.0922205906192574,0.4340500113099261,0.5568454528101461,79.67627213476584,0.2505736678054684,-0.3452424285646943,3.0,1.82088298178622,1.2350772879774825,0.3987131767014097,1.3202786116886345,0.7024542197160194,1.9314907781953956,1.280911197965369,0.3452424285646943,-1.82088298178622,9,0.9325871910025316,0,0.9325871910025316,VAR ENERGI,Energía,Noruega
CDR.WA,45.18591,0.16363001,0.744,0.061,-0.2122142985731079,-0.1286792683151532,-0.1355298067383861,60.32257080078131,-0.0696775146459353,1.0619662866855597,0.0362298179130362,-0.2547142678199846,-0.0697409835722928,-1.863666205941244,-0.7711949847026658,-0.6750446155051828,0.5425116317542716,-0.8654292588746421,-1.0619662866855597,0.2547142678199846,9,-0.4970651797549216,0,-0.4970651797549216,CD PROJEKT SA,Comunicación,Polonia
BFT.WA,23.060158,0.38054,126.1,0.454,0.347427407030056,0.4336043360433603,0.7064516129032259,84.14179104477613,0.3708925054421064,-0.0544189082565765,1.0722192503043555,-0.0139870501811437,1.2484944424407192,2.295258744423215,1.318622188100354,1.000099619992903,2.251972764406031,2.087294446772476,0.0544189082565765,0.0139870501811437,9,1.2602630460975304,0,1.2602630460975304,BENEFIT SYSTEMS SA,Industriales,Polonia
BIM.PA,21.077845,0.09544,11.237,-0.025,-0.0257107636753344,-0.3177181519893194,-0.4304335250268134,50.97403626837248,-0.228843050606821,-0.1544392323088995,-0.2894542584850051,-0.2345640500826257,-0.3582098045318833,-0.4776826438663921,-1.47378830659134,-1.2617633389754508,-0.1284153031622781,-1.9321651458508349,0.1544392323088995,0.2345640500826257,9,-0.6147195021190732,0,-0.6147195021190732,BIOMERIEUX SA,Cuidado de la Salud,Francia
DEMANT.CO,24.307419,0.24199,211.594,0.034,-0.0187793427230047,-0.0627802690582959,-0.2316176470588234,31.71225854167426,-0.0613491409033796,0.008513357938431,0.4104869997159097,0.1501912320296404,-0.160306776199141,-0.4261724378694073,-0.526270787642662,-0.8662139074389098,-1.5107972632883413,-0.8096120551206986,-0.008513357938431,-0.1501912320296404,9,-0.4497323130901468,0,-0.4497323130901468,DEMANT,Cuidado de la Salud,Dinamarca
RAA.DE,27.873945,0.26775,1.765,0.076,-0.0199933079742449,-0.0295293565155025,-0.0778458172738463,41.09589041095891,-0.0290862275608784,0.1884673239675267,0.5335200042280595,-0.2527535919112985,-0.0194266543351549,-0.4351939070017279,-0.4026884396875277,-0.5602807974708298,-0.837351457786012,-0.5933842940474305,-0.1884673239675267,0.2527535919112985,9,-0.2500576975729836,0,-0.2500576975729836,RATIONAL AG,Industriales,Alemania
TW..L,,,,,,,,,,,,,,,,,,,,,0,,9,,TAYLOR WIMPEY PLC,Consumo discrecional,Reino Unido
CCC.L,33.328766,0.183,22.53,0.348,-0.0151515045207155,0.1206896401553037,0.6877150609800353,43.42522462577261,0.1192213771177488,0.463697806775951,0.128743329833467,-0.2128775534746019,0.8929398491649448,-0.3992124978500612,0.1556245477274989,0.9628227559017656,-0.6701794738003553,0.4005811600132286,-0.463697806775951,0.2128775534746019,9,0.1356110464099044,0,0.1356110464099044,COMPUTACENTER PLC,Tecnología de la Información,Reino Unido
SAGA B.ST,,,,,,,,,,,,,,,,,,,,,0,,9,,SAGAX CLASS B,Inmobiliario,Suecia
WPP.L,,-0.05287,246.465,-0.083,0.0225217326922921,-0.1759229810290196,-0.3863381365270867,50.38073675139218,-0.0845347400639646,,-0.997801498360663,0.2171557076533363,-0.5527585442488163,-0.1192473618755865,-0.9467838181153851,-1.17403440086087,-0.1709953059461471,-0.9650031737842212,,-0.2171557076533363,8,-0.6429724763556283,1,-0.6929724763556283,WPP PLC,Comunicación,Reino Unido
EVD.DE,18.843649,0.25445998,9.565,0.23,0.0239855911703918,-0.1826450749572001,-0.4305185571723314,65.42371426051692,-0.1149014457447541,-0.2671686589516162,0.4700451948093264,-0.2377748729223154,0.4971337924994605,-0.1083688346189198,-0.9717675580277972,-1.2619325126710614,0.9086112096234188,-1.1685224502619032,0.2671686589516162,0.2377748729223154,9,-0.1255397363081715,0,-0.1255397363081715,CTS EVENTIM AG,Comunicación,Alemania
DRX.L,38.9,0.035889998,62.9,-0.087,0.0431839408580154,-0.0044779399762975,0.3197484910871131,59.58196982602432,0.0985244391927115,0.7448020673298185,-0.5738725684525724,-0.135353080963673,-0.5661756987120531,0.0343019040381027,-0.3095808333464188,0.2307435626643418,0.4893600773296359,0.2618691813058442,-0.7448020673298185,0.135353080963673,9,-0.1158670401710294,0,-0.1158670401710294,DRAX GROUP PLC,Servicios,Reino Unido
RS1.L,19.647058,0.116960004,35.038,0.011,-0.0065574518631972,-0.0691244209380655,0.0387198377639383,49.17824398065276,-0.0234088834624868,-0.2266315548078442,-0.1866720089029599,-0.1888578333317558,-0.2374554143627524,-0.3353465999653112,-0.5498498453324889,-0.3283703532038798,-0.2572959754398098,-0.5553344319594776,0.2266315548078442,0.1888578333317558,9,-0.2260928045585644,0,-0.2260928045585644,RS GROUP PLC,Industriales,Reino Unido
CWK.L,18.724136,0.15245,23.262,0.087,-0.0037106033794088,0.0529410981758353,0.0094520358432304,45.9038748844073,0.0273606138583526,-0.2731988514532367,-0.0171673179866485,-0.2114718583079435,0.0174705204387461,-0.3141905119350704,-0.0961737714189119,-0.386599416850014,-0.4922913550807058,-0.215074560820099,0.2731988514532367,0.2114718583079435,9,-0.1132617448768359,0,-0.1132617448768359,CRANSWICK PLC,Productos básicos de consumo,Reino Unido
PIRC.MI,12.950981,0.08705,46.615,-0.026,0.1670543735527341,0.0765850626608803,0.1902594002270927,62.34523345633585,0.1280953631986927,-0.5644913132916488,-0.3295259552185818,-0.1666259577246459,-0.3615640931476924,0.954833429813644,-0.0082971863095818,-0.0268783979323416,0.6876743683475658,0.460055086676576,0.5644913132916488,0.1666259577246459,9,0.2341571692495425,0,0.2341571692495425,PIRELLI & C,Consumo discrecional,Italia
HER.MI,12.087501,0.11613,120.506,-0.182,-0.0208934729804304,-0.0156423235318656,0.0160632325812757,73.47829196767043,0.0045376182985956,-0.608059382215527,-0.1906362125472574,-0.0247294801842682,-0.8848331172139263,-0.4418833989859521,-0.3510750549408826,-0.3734462666175607,1.4866732699788,-0.3680354908663749,0.608059382215527,0.0247294801842682,9,-0.0544941565325954,0,-0.0544941565325954,HERA,Servicios,Italia
TCAP.L,14.525001,0.091809995,235.704,0.017,0.0252918886670439,0.2189834144009155,0.0255623436477097,44.00601981369574,0.1229299774410253,-0.4850719731244617,-0.3067916195697926,0.1964908364943047,-0.2173296826678972,-0.098661207047509,0.5209491202489643,-0.3545475346810935,-0.6284968834546002,0.4254363966158479,0.4850719731244617,-0.1964908364943047,9,-0.0412066971028803,0,-0.0412066971028803,TP ICAP GROUP PLC,Financieros,Reino Unido
ZEG.L,,,,,0.0146561443066517,0.1180124223602483,1.203421387903238,54.03497531061432,0.1572632050290037,,,,,-0.1776997457112061,0.1456742385239725,1.9888340913098608,0.0912625984872489,0.6555395138686805,,,5,0.5407221392957114,4,0.3407221392957114,ZEGONA COMMUNICATIONS PLC,Comunicación,Reino Unido
SALM.OL,32.55783,0.097559996,108.969,0.249,-0.0799691049145894,-0.0949020410451946,0.2169661863720891,77.99441843226458,-0.1088284996097227,0.4247991724313236,-0.2793288905722046,-0.0468845418478448,0.5608652761998351,-0.8808984279761936,-0.6456565036741088,0.0262554572998953,1.810787266250784,-1.127821242284924,-0.4247991724313236,0.0468845418478448,9,-0.1015235217044883,0,-0.1015235217044883,SALMAR,Productos básicos de consumo,Noruega
ITV.L,12.35,0.12312,48.327,0.02,0.0093457943925232,-0.0051123621407074,-0.0542400194553308,48.683619169762885,0.0235040906489258,-0.5948146347697852,-0.1572510921458627,-0.163338320941423,-0.2072668168204696,-0.2171631140268891,-0.3119387650444331,-0.5133164402800845,-0.2927942781046354,-0.2409211844727413,0.5948146347697852,0.163338320941423,9,-0.1313887483537675,0,-0.1313887483537675,ITV PLC,Comunicación,Reino Unido
CPR.MI,19.386208,0.0863,69.829,-0.028,-0.1050620567651783,-0.0658212286226836,-0.0965760782237636,64.13503552891481,-0.0323148343896976,-0.2397930996945743,-0.3331080496822508,-0.1220469855951264,-0.3682726703793108,-1.067374350847654,-0.537573001454689,-0.5975451455047616,0.816125134026374,-0.6150225887225053,0.2397930996945743,0.1220469855951264,9,-0.2601033985861218,0,-0.2601033985861218,DAVIDE CAMPARI MILANO NV,Productos básicos de consumo,Italia
VALMT.HE,16.028986,0.10457,61.235,0.051,-0.127760240265753,-0.2009560622159061,-0.1276063765726648,66.86390966624253,-0.1311887849542163,-0.4091863450375587,-0.245848228547275,-0.1385504613632444,-0.1032838697303847,-1.2360537768864084,-1.0398232781796906,-0.659280742267779,1.0119713550980496,-1.277681063859997,0.4091863450375587,0.1385504613632444,9,-0.3335847553302979,0,-0.3335847553302979,VALMET CORP,Industriales,Finlandia
VSURE.ST,,-0.02044,59.206,0.108,,,,,,,-0.8429117337516173,-0.1424468486489683,0.0879105813707391,,,,,,,0.1424468486489683,3,-0.2041847679106366,6,-0.5041847679106367,VERISURE PLC,Industriales,Suecia
KBCA.BR,21.216543,0.08821999,2.775,,0.1912140046473016,0.1850817214932836,0.4639243366313907,69.52384481632375,0.2069742620472212,-0.1474410342920327,-0.3239379356165178,-0.250814039837084,,1.1343734668494934,0.3949480427210299,0.5175852089614297,1.2028699532830356,0.98870566180842,0.1474410342920327,0.250814039837084,8,0.5390999340170008,1,0.4890999340170008,KBC ANCORA NV,Financieros,Bélgica
BALD B.ST,,,,,,,,,,,,,,,,,,,,,0,,9,,FASTIGHETS BALDER CLASS B,Inmobiliario,Suecia
OCTV SDB.ST,,,,,,,,,,,,,,,,,,,,,0,,9,,OCTAVE INTELLIGENCE SDR PLC,Tecnología de la Información,Suecia
FLS.CO,18.571428,0.12665,24.245,-0.116,-0.0876984369187127,-0.0918086789997355,0.1767300773288249,46.50608288342943,-0.0524372263237162,-0.2809039432552792,-0.1403913675368607,-0.209584155645614,-0.6634500685705197,-0.9383382352667408,-0.6341595276389057,-0.0537953425756952,-0.4490720071106624,-0.7498839296417666,0.2809039432552792,0.209584155645614,9,-0.3487335977155842,0,-0.3487335977155842,FLSMIDTH AND CO CLASS B,Industriales,Dinamarca
MNDI.L,22.850002,0.03735,55.423,0.021,0.0360866072701011,-0.1132020022655775,-0.3505993298647847,52.15675542498754,-0.0656199936851896,-0.0650226177724502,-0.566899415011045,-0.1497115273586251,-0.2039125282046604,-0.0184412661801063,-0.7136712437866469,-1.1029311026557642,-0.0435337491749744,-0.8382355376029142,0.0650226177724502,0.1497115273586251,9,-0.3636545219427818,0,-0.3636545219427818,MONDI PLC,Materials,Reino Unido
ADEN.SW,12.144579,0.085839994,94.902,0.015,0.0638521918605434,-0.037801292302544,-0.1702070650010273,81.13925752914199,0.0295637680002123,-0.6051794333596912,-0.3353050962767235,-0.0738980854398992,-0.2240382598995156,0.1878960767278713,-0.4334324153718355,-0.744035935178564,2.036486518765608,-0.2003089045901001,0.6051794333596912,0.0738980854398992,9,0.1073710558862589,0,0.1073710558862589,ADECCO GROUP AG,Industriales,Suiza
MANTA.HE,29.421053,0.06083,27.563,-0.714,-0.1115401005833117,-0.0313431038966049,0.0898622123466237,63.06306538513419,-0.0233991825759488,0.2665287822256026,-0.4547559776684487,-0.2032124390295312,-2.669314660824416,-1.1155153271098726,-0.4094295226477514,-0.2266212504643742,0.7391918306946625,-0.555269416101974,-0.2665287822256026,0.2032124390295312,9,-0.5283367408131385,0,-0.5283367408131385,MANDATUM,Financieros,Finlandia
TUI1.DE,5.233846,0.38056,146.42,-0.001,0.0140089213318181,-0.2597454677961501,-0.1432511936913988,30.6034205908574,-0.0986428128341082,-0.9538699550376912,1.0723147728233866,0.0250344331337454,-0.2777068777524626,-0.1825095226658797,-1.2583235303800735,-0.6904065184434862,-1.590376500556133,-1.0595562278051756,0.9538699550376912,-0.0250344331337454,9,-0.3397476536528753,0,-0.3397476536528753,TUI N AG,Consumo discrecional,Reino Unido
DNP.WA,18.729559,0.19067,10.137,0.148,-0.1243751203659866,-0.249685015947434,-0.4174491136761153,57.55814920573313,-0.1980621904336666,-0.2729252265426725,0.1653762158819216,-0.23667643352979,0.2220821260031067,-1.2108975752128028,-1.2209322479798146,-1.2359305102240563,0.3441142357610317,-1.725870183939174,0.2729252265426725,0.23667643352979,9,-0.4613840310708139,0,-0.4613840310708139,DINO POLSKA SA,Productos básicos de consumo,Polonia
FTK.DE,24.426666,,13.851,0.185,0.0974459955263302,-0.0443428919381173,0.450350229852497,47.999993575244126,0.0821686834799559,0.0145301290448443,,-0.2295442588727281,0.3461908047880468,0.4375452841483696,-0.4577453193051087,0.4905791656067224,-0.3418568154650008,0.1522520366640552,-0.0145301290448443,0.2295442588727281,8,0.105247410783121,1,0.055247410783121,FLATEXDEGIRO N,Financieros,Alemania
LOOMIS.ST,19.498825,0.13317001,137.88,-0.023,0.1901910275947547,0.3871839173527795,0.2846320635140309,65.09008529114399,0.2257172601739914,-0.2341108543408888,-0.1092509785714391,0.0086346561893973,-0.3515012273002649,1.12677130863846,1.1460932589330934,0.1608785040679497,0.8846672790485519,1.1143222320706323,0.2341108543408888,-0.0086346561893973,9,0.4663840638931638,0,0.4663840638931638,LOOMIS CLASS B,Industriales,Suecia
RAND.AS,20.292994,0.07401,51.104,-0.025,0.2421053054260087,0.1623978254347886,-0.2109329318671061,76.66666997803566,0.1481179611986594,-0.1940399670832714,-0.3918066376269061,-0.1580055129116274,-0.3582098045318833,1.5125674049459297,0.310639705857457,-0.8250611211564362,1.715497229331333,0.5942476033424389,0.1940399670832714,0.1580055129116274,9,0.3233244289063146,0,0.3233244289063146,RANDSTAD HOLDING,Industriales,Holanda
SFZN.SW,19.114584,0.15979,51.013,0.05,-0.0947709241928391,-0.128970856371636,-0.1793529496663565,52.45901229271636,-0.063973293381784,-0.2534982615435801,0.0178894464977915,-0.1581802646331655,-0.1066381583461939,-0.9908967624297552,-0.7722787184681512,-0.7622319138762623,-0.0218413359823243,-0.8271992645923484,0.2534982615435801,0.1581802646331655,9,-0.3390575756689442,0,-0.3390575756689442,SIEGFRIED HOLDING AG,Cuidado de la Salud,Suiza
KGX.DE,14.603572,0.06136,127.552,-0.006,-0.1045673874133664,-0.3682187831684508,-0.2166867249813234,54.39430265929458,-0.2221228441697103,-0.4811075654445871,-0.4522246309141227,-0.0111987040308868,-0.2944783208315086,-1.0636982618628033,-1.6614819996982968,-0.8365084442715143,0.117050853945468,-1.887125964905808,0.4811075654445871,0.0111987040308868,9,-0.6206844998959012,0,-0.6206844998959012,KION GROUP AG,Industriales,Alemania
IP.MI,17.693878,0.09994,31.498,0.006,-0.0346076310898013,-0.2631677656960195,0.0210880136900524,55.21628770414231,-0.1182741961953093,-0.3251819333467107,-0.2679616917029913,-0.1956558673344481,-0.2542268574417983,-0.5437988812726664,-1.2710430492601488,-0.3634493321096832,0.1760431917044031,-1.191126803155902,0.3251819333467107,0.1956558673344481,9,-0.3549695136175143,0,-0.3549695136175143,INTERPUMP GROUP,Industriales,Italia
BKW.SW,20.250738,0.066989996,31.963,-0.106,-0.1083012352843476,-0.0839188078239733,-0.2174078254581787,62.130199953411015,-0.1082688894552318,-0.1961720515790878,-0.4253350609113515,-0.1947629052408741,-0.6299071824124277,-1.0914460028120816,-0.6048355563430996,-0.8379430926839854,0.672241813809571,-1.1240707052675485,0.1961720515790878,0.1947629052408741,9,-0.4055956477556623,0,-0.4055956477556623,BKW N AG,Servicios,Suiza
PUM.DE,,-0.27302998,154.314,-0.063,0.1333596703932551,0.3296192280569026,0.1839602628088237,61.78160636046046,0.2329216548476147,,-2.0493132923332884,0.0401936648900316,-0.4856727719326326,0.7044343972503907,0.9321448611759884,-0.0394106979198105,0.6472239000350577,1.1626064683275488,,-0.0401936648900316,8,0.1039773999641528,1,0.0539773999641528,PUMA,Consumo discrecional,Alemania
FNTN.DE,10.890908,0.16812,43.826,0.259,-0.0400938851044506,-0.1231127760398252,-0.0609311478037293,73.29191663586468,-0.0682740776402597,-0.6684351249053753,0.0576745756742748,-0.1719818099375016,0.5944081623579269,-0.5845694644460038,-0.7505062236235887,-0.5266286165589488,1.47329745907721,-0.8560233494230353,0.6684351249053753,0.1719818099375016,9,0.0275632753223013,0,0.0275632753223013,FREENET AG,Comunicación,Alemania
SRP.L,16.757143,0.16969,104.087,0.012,-0.0099432466259166,-0.0840062208485455,0.321548296009339,63.20534351589957,0.0317383681944529,-0.3724461838718058,0.0651730934182219,-0.0562596836560775,-0.2341011257469432,-0.3605078168197818,-0.605160440864828,0.2343243220138427,0.7494028674993239,-0.1857346184356404,0.3724461838718058,0.0562596836560775,9,0.0102335720657865,0,0.0102335720657865,SERCO GROUP PLC,Industriales,Reino Unido
BC.MI,41.37688,0.26525,210.724,0.1,-0.0249083022584518,0.0054164555837041,-0.1894135632899579,47.03831533056277,-0.0253477001563151,0.8697764483880659,0.5215796893491629,0.1485205287577923,0.0610762724442656,-0.4717192269606045,-0.2728067257688243,-0.7822477699557503,-0.4108746743436522,-0.5683284845544029,-0.8697764483880659,-0.1485205287577923,9,-0.3268464329928516,0,-0.3268464329928516,BRUNELLO CUCINELLI,Consumo discrecional,Italia
COTN.SW,,0.03864,29.569,-0.102,0.2147077891858568,0.3408106909551767,0.271791626971781,42.524274807531846,0.3312240086924574,,-0.5607382125335343,-0.1993602197613389,-0.6164900279491909,1.3089653275303847,0.973739727489552,0.1353321169942487,-0.7348389664695392,1.821434071850307,,0.1993602197613389,8,0.3158455320841958,1,0.2658455320841958,COMET HOLDING AG,Tecnología de la Información,Suiza
UTG.L,27.3,0.020450002,28.106,0.226,0.0094057813785359,-0.1726024880345112,-0.3957429323083529,47.603368757898814,-0.1097802530954105,0.1595081409887487,-0.6476159340401336,-0.2021696897460674,0.4837166380362238,-0.2167173263553706,-0.934442673489601,-1.1927454900506176,-0.3703218408752198,-1.1341999447635016,-0.1595081409887487,0.2021696897460674,9,-0.4410738914201002,0,-0.4410738914201002,UNITE GROUP PLC,Inmobiliario,Reino Unido
PNN.L,25.463158,0.0647,347.103,0.217,0.0373205741626794,-0.0062532404014454,0.0841777405646457,56.49454848303366,0.0306575581683483,0.0668277559673536,-0.4362723702359169,0.4104157488858077,0.453528040493941,-0.0092711567224197,-0.3161790220302083,-0.2379306569611174,0.2677815902130123,-0.1929782647117588,-0.0668277559673536,-0.4104157488858077,9,-0.1053961494230699,0,-0.1053961494230699,PENNON GROUP PLC,Servicios,Reino Unido
ADP.PA,27.538862,0.07804,196.356,0.083,0.0109278959990977,-0.0091085083460109,-0.0188317601820573,35.68075167819849,-0.0355885167704159,0.1715602511468247,-0.3725588500421249,0.1209289602406502,0.0040533659755093,-0.2054058740290182,-0.3267910831631563,-0.4428707748212284,-1.2259858923622176,-0.6369629821436796,-0.1715602511468247,-0.1209289602406502,9,-0.3887790335525989,0,-0.3887790335525989,AEROPORTS DE PARIS SA,Industriales,Francia
BOL.PA,32.350002,0.013250001,0.758,-0.133,0.0502028322338068,0.1470662724450486,0.020178717964671,29.288735485415582,0.0900675367976979,0.4143129253517019,-0.6820040456674815,-0.2546873829397479,-0.720472975039276,0.0864621382994423,0.2536575308921183,-0.3652583999313745,-1.6847290052312411,0.2051905716875354,-0.4143129253517019,0.2546873829397479,9,-0.3407533030446923,0,-0.3407533030446923,BOLLORE,Energía,Francia
SUNN.SW,,-0.03475,140.493,0.001,-0.0134222009746425,0.125191895014006,0.0001706191450983,76.72411454278328,0.0070035240184183,,-0.911258096118421,0.0136525270507066,-0.2709983005208443,-0.3863613404175294,0.1723578998066268,-0.4050650401006428,1.7196199188951498,-0.3515088595868428,,-0.0136525270507066,8,-0.0558582931366512,1,-0.1058582931366513,SUNRISE N CLASS A LTD,Comunicación,Suiza
MIL.WA,18.770641,0.14142999,,-0.021,0.1017770285788002,0.2521419151414297,0.421820611280701,61.38888947757695,0.1804685538454258,-0.2708523778287116,-0.0698002737340839,,-0.3447926500686465,0.4697309508748284,0.6441880049235127,0.4338187371974524,0.6190393398123203,0.8110629957759771,0.2708523778287116,,8,0.354262435326259,1,0.304262435326259,BANK MILLENNIUM SA,Financieros,Polonia
IFCN.SW,58.666668,0.2123,11.868,-0.005,0.3607097842135784,0.4080977689201404,0.5162194980458175,41.85392969471283,0.3562447583550465,1.7421564401229548,0.2686838202141344,-0.2333523101233888,-0.2911240322156994,2.393965487176003,1.2238229416343815,0.6216278114990325,-0.7829483883602943,1.989124466777827,-1.7421564401229548,0.2333523101233888,9,0.4349275529695354,0,0.4349275529695354,INFICON HOLDING AG,Tecnología de la Información,Suiza
RBREW.CO,14.709158,0.23813999,92.298,0.033,0.1170511239878531,-0.2359332056589801,-0.1419845769573501,39.183710128317486,-0.1440155539168026,-0.4757800788491864,0.3920988670411494,-0.0788986731639136,-0.1636610648149501,0.5832389611874147,-1.1698214400615805,-0.6878865510533148,-0.9745850799749112,-1.3636467516185935,0.4757800788491864,0.0788986731639136,9,-0.3143982563646318,0,-0.3143982563646318,ROYAL UNIBREW,Productos básicos de consumo,Dinamarca
WIE.VI,17.816666,0.04689,76.317,-0.068,-0.1061531173146438,-0.2224970593788369,-0.2627393990576794,39.1304380604011,-0.154075574692157,-0.3189864962236445,-0.5213351734331758,-0.1095877639540338,-0.5024442150116786,-1.0754824651931352,-1.1198838480441662,-0.9281314536499354,-0.9784083172020832,-1.431069545881252,0.3189864962236445,0.1095877639540338,9,-0.6809089731375276,0,-0.6809089731375276,WIENERBERGER AG,Materials,Austria
BAMNB.AS,14.5875,0.22760999,39.83,,0.2651300655574657,0.3419540759300881,0.6774427558743445,42.77619822600306,0.2616443560000916,-0.4819185002708073,0.3418062607712373,-0.1796555228964729,,1.683673754648135,0.977989301080482,0.9423857340368416,-0.7167588913088134,1.355107539022709,0.4819185002708073,0.1796555228964729,8,0.655722215177234,1,0.6057222151772339,BAM GROEP KONINKLIJKE NV,Industriales,Holanda
TEP.PA,6.3476195,0.114870004,121.284,-0.021,0.0570326516984531,-0.0839504658198455,-0.3640308602632343,58.73191362244379,-0.0237766491515823,-0.8976729839282398,-0.1966541121417174,-0.0232354489825465,-0.3447926500686465,0.1372173023510363,-0.6049532183608385,-1.1296534865421657,0.4283531247214042,-0.5577992171668305,0.8976729839282398,0.0232354489825465,9,-0.1497082026996634,0,-0.1497082026996634,TELEPERFORMANCE,Industriales,Francia
SOI.PA,,-0.15201999,46.727,-0.346,-0.1043151526863019,2.3513514961037933,1.3401962044696472,35.75178349565353,0.3944294864874531,,-1.47135433869644,-0.1664108786827529,-1.4349364502066335,-1.0618238030988585,3.0,2.2609511953073005,-1.2208880709441712,2.245040545515359,,0.1664108786827529,8,0.3104249945699136,1,0.2604249945699136,SOITEC SA,Tecnología de la Información,Francia
SCYR.MC,39.716667,0.11304,415.893,0.054,0.0251051127433208,0.2234294639973002,0.3661980917836691,58.13954348004211,0.1467447704333013,0.7860081220662999,-0.2053944417375735,0.5425165282771081,-0.0932210038829571,-0.1000492148416423,0.5374735764586719,0.3231562680196967,0.385839821422386,0.5850444058020386,-0.7860081220662999,-0.5425165282771081,9,0.0115916400996902,0,0.0115916400996902,SACYR SA,Industriales,España
AAF.L,23.94286,0.25962,183.83,0.325,-0.0056305977318134,-0.0194336190866276,0.8114143213707354,51.02223301650933,0.0675581411711907,-0.0098809669316529,0.4946901002418881,0.0968746738232141,0.8157912110013336,-0.3284587702453905,-0.3651660127708775,1.2089256961151713,-0.1249563121954798,0.0543314050722138,0.0098809669316529,-0.0968746738232141,9,0.1853515122585886,0,0.1853515122585886,AIRTEL AFRICA PLC,Comunicación,Reino Unido
QQ..L,,,,,,,,,,,,,,,,,,,,,0,,9,,QINETIQ GROUP PLC,Industriales,Reino Unido
VATN.SW,16.68699,0.05617,,0.009,-0.0707758750141723,0.0772421148480471,0.3068995627884381,61.97182493203383,0.0822816979978549,-0.3759858498040992,-0.4770127246027119,,-0.2441639915943708,-0.8125798004963605,-0.0058551465034677,0.2051802810173249,0.6608755331062616,0.1530094659735115,0.3759858498040992,,8,-0.0180700666619641,1,-0.0680700666619641,VALIANT HOLDING AG,Financieros,Suiza
RUI.PA,10.90604,0.10582,75.455,-0.014,0.0041914782194827,0.02629454543111,0.2244152101937833,74.17584404165359,0.0233591062921976,-0.6676716190697378,-0.2398780711078267,-0.1112431044371753,-0.3213126297579821,-0.2554669322010936,-0.1952099572338241,0.0410754866068487,1.5367352848667757,-0.241892877342297,0.6676716190697378,0.1112431044371753,9,0.1225516697041682,0,0.1225516697041682,RUBIS,Servicios,Francia
AKER.OL,3.2857442,0.45133,63.644,3.605,0.2312065564576382,0.5899283915684554,1.0846285639314832,57.54189944134078,0.325284171019971,-1.05216410602339,1.4103212064151898,-0.1339243416139546,3.0,1.431574372156383,1.8996256056395555,1.7524926357234352,0.3429480203955026,1.7816249638684667,1.05216410602339,0.1339243416139546,9,1.4227416946484308,0,1.4227416946484308,AKER,Industriales,Noruega
GRF.MC,15.688523,0.061329998,123.219,-0.048,0.0791514739343151,-0.1130940975416261,-0.2062107307597778,73.15342188699077,-0.0443752016113707,-0.426364873144788,-0.4523679242449213,-0.0195195744641258,-0.4353584426954947,0.3015912593817367,-0.7132701985785131,-0.8156661775397815,1.4633579485537282,-0.695851811253642,0.426364873144788,0.0195195744641258,9,-0.1001867665297748,0,-0.1001867665297748,GRIFOLS SA CLASS A,Cuidado de la Salud,España
NEXI.MI,,-0.37398997,95.862,0.035,0.1956677036150456,0.1823997142637701,-0.106513417716395,72.68042022635514,0.1942750481016,,-2.5315109206413866,-0.0720545507951013,-0.1569524875833318,1.1674707138432636,0.3849799328163963,-0.6173157444502281,1.4294114991631273,0.9035948545573342,,0.0720545507951013,8,0.0814665498125345,1,0.0314665498125345,NEXI,Financieros,Italia
FDJU.PA,24.021053,0.16254999,232.448,0.106,0.0197197057193871,0.0951215303918657,-0.177754140883541,71.68138530769049,0.0125435851098003,-0.0059356317607575,0.0310715063628339,0.1902381814906985,0.0812020041391207,-0.1400703630431801,0.0605965681713383,-0.7590510416459261,1.3577126212769086,-0.3143790755130466,0.0059356317607575,-0.1902381814906985,9,0.0147532966686786,0,0.0147532966686786,FDJ UNITED,Consumo discrecional,Francia
COV.PA,7.903469,0.09404001,87.271,-0.049,-0.039773728966045,0.0515161821554328,0.0044895956117136,61.08227108809466,0.0050314656882459,-0.8191704612859303,-0.2961407870559276,-0.0885522655174543,-0.4387127313113038,-0.5821902540714079,-0.1014697002814235,-0.3964723225387966,0.5970339083159477,-0.3647256993964492,0.8191704612859303,0.0885522655174543,9,-0.0749949843928862,0,-0.0749949843928862,COVIVIO SA,Inmobiliario,Francia
TEG.DE,28.0,0.02657,126.632,0.011,-0.1155546830269624,-0.0341174993276957,-0.0583149922381887,39.93397927221086,-0.0564067153506314,0.1948276020610546,-0.6183860527688467,-0.0129654247321515,-0.2374554143627524,-1.145349320758004,-0.4197410081171779,-0.5214237060792769,-0.9207396590343584,-0.7764876562111241,-0.1948276020610546,0.0129654247321515,9,-0.5357161105178271,0,-0.5357161105178271,TAG IMMOBILIEN AG,Inmobiliario,Alemania
ACX.MC,,-0.025559999,100.14,-0.108,0.2680118841025336,0.2529052879914328,0.7001822354423779,69.91663616832246,0.2654168221845798,,-0.8673654938474713,-0.0638392995342206,-0.6366157596440462,1.705089719415429,0.6470252025206367,0.9876265282254252,1.2310598580156566,1.380390808023774,,0.0638392995342206,8,0.563881270280453,1,0.5138812702804529,ACERINOX SA,Materials,España
QLT.L,22.666666,0.08307,18.486,2.295,0.0038398076605816,-0.0545336093373838,0.0896702147696704,43.17360561307044,-0.0121861572256348,-0.0742730873655249,-0.3485349365057851,-0.2206434431658132,3.0,-0.2580803390417184,-0.4956207545109176,-0.2270032347062591,-0.688237702325238,-0.4801191238572183,0.0742730873655249,0.2206434431658132,9,0.0885911599538001,0,0.0885911599538001,QUILTER PLC,Financieros,Reino Unido
FR.PA,16.092592,0.0594,161.189,-0.013,0.2051422221077954,0.0972776040436547,0.3788897386612142,55.15463790828596,0.1221215926145475,-0.4059770169790372,-0.4615858377791775,0.0533960614348083,-0.317958341142173,1.2378797111672184,0.0686099616055593,0.3484066341322249,0.1716187005257336,0.4200185585161307,0.4059770169790372,-0.0533960614348083,9,0.2021744825077494,0,0.2021744825077494,VALEO,Consumo discrecional,Francia
MOBN.SW,13.292822,0.09588,92.399,0.347,-0.0861618798955613,-0.0654176667417997,0.1170834739573973,57.74647887323944,-0.0242775614534643,-0.54724325630248,-0.2873527630663193,-0.0787047179564921,0.8895855605491357,-0.9269194555774134,-0.5360730990168042,-0.1724638327274339,0.3576303057007448,-0.561156358054269,0.54724325630248,0.0787047179564921,9,-0.0678668519925985,0,-0.0678668519925985,MOBIMO HOLDING AG,Inmobiliario,Suiza
VZN.SW,27.080536,0.21068001,60.892,0.071,0.0439843953719878,0.0162831904661342,-0.0719398391217677,64.91226191591599,0.0754142581656893,0.1484347835533593,0.260946543933869,-0.139209140929042,-0.0361980974142009,0.0402504068327678,-0.2324187631934114,-0.5485306982101559,0.8719052261637242,0.1069835189844534,-0.1484347835533593,0.139209140929042,9,0.0504124993858587,0,0.0504124993858587,VZ HOLDING AG,Financieros,Suiza
CMBN.SW,14.7545,0.13653,,-0.044,-0.0868925436964538,-0.0448475735246806,-0.0833839886407993,23.93616632726692,-0.0199053353901588,-0.4734922859864143,-0.0932032431354616,,-0.4219412882322579,-0.9323493152205306,-0.4596210493428013,-0.5712991354342741,-2.0688729378183104,-0.5318534664480934,0.4734922859864143,,8,-0.5757060187056644,1,-0.6257060187056644,CEMBRA MONEY BANK AG,Financieros,Suiza
ROR.L,34.657143,0.19765,7.649,0.043,-0.037758812810432,-0.0886656069463112,-0.0220370821089539,51.87072926679546,-0.0514060523219485,0.5307228921200173,0.1987135750238007,-0.2414542608175579,-0.1301181786568583,-0.5672165932656255,-0.6224777963885394,-0.4492478473117851,-0.0640613145336409,-0.7429729466405669,-0.5307228921200173,0.2414542608175579,9,-0.296294414786186,0,-0.296294414786186,ROTORK PLC,Industriales,Reino Unido
GBF.DE,17.674896,0.13651,26.655,0.036,-0.1295866336934091,-0.2699990008677084,-0.0395763385606463,61.61616940047156,-0.1246612301658994,-0.3261396962182458,-0.0932987656544929,-0.2049561155477359,-0.1535981989675226,-1.249626448685902,-1.296432430103893,-0.4841426604924382,0.6353507971329431,-1.2339330445110588,0.3261396962182458,0.2049561155477359,9,-0.3716205488351536,0,-0.3716205488351536,BILFINGER,Industriales,Alemania
HIK.L,11.240875,0.16521,61.55,0.085,0.0166064981949458,-0.0937022074237879,-0.2970724536057871,45.204876658067874,-0.0680542186932018,-0.6507770594295299,0.0437760491552393,-0.1379455515579201,0.0107619432071277,-0.1632058733517032,-0.641197129637438,-0.9964379709573892,-0.5424571576334163,-0.8545498430670042,0.6507770594295299,0.1379455515579201,9,-0.2616208190330148,0,-0.2616208190330148,HIKMA PHARMACEUTICALS PLC,Cuidado de la Salud,Reino Unido
ARCAD.AS,14.755365,0.18383,109.584,-0.025,0.1240191658596914,-0.0617297278951861,-0.1683312939595779,67.6471138221264,-0.0077412839538575,-0.4734486412238036,0.1327075143732606,-0.0457035274660211,-0.3582098045318833,0.6350213121198552,-0.5223662829649772,-0.7403040392318153,1.068180460589332,-0.4503293467962384,0.4734486412238036,0.0457035274660211,9,0.0315391091385953,0,0.0315391091385953,ARCADIS NV,Industriales,Holanda
HUH1V.HE,15.272727,0.09283,73.648,-0.055,-0.030846854137609,-0.0594099940325706,-0.0974128097810598,61.42132446592984,-0.0454847152585734,-0.4473444311962459,-0.3019199472185731,-0.1147131743362897,-0.458838463006159,-0.515851019377043,-0.5137446201157514,-0.5992098450006965,0.6213671385966343,-0.7032878307249163,0.4473444311962459,0.1147131743362897,9,-0.2121585534793299,0,-0.2121585534793299,HUHTAMAKI,Materials,Finlandia
IVG.MI,36.710526,0.03113,122.973,0.008,-0.0014316719671706,0.0505397796296345,0.103227670074806,50.0,0.0365628174252778,0.6343291505986387,-0.5966069184297395,-0.0199919802168552,-0.24751828021018,-0.2972548464626198,-0.1050986568260653,-0.2000303198976548,-0.1983200744150525,-0.1534009031099788,-0.6343291505986387,0.0199919802168552,9,-0.2680630188592305,0,-0.2680630188592305,IVECO GROUP NV,Industriales,Italia
BC8.DE,16.49198,0.1157,30.219,0.076,0.0816967602901581,-0.282804055426696,-0.1916382748408728,41.21404942838923,-0.1021018058950926,-0.385825347095114,-0.1926899467064276,-0.1981119931789237,-0.0194266543351549,0.3205063166856398,-1.3440244685496547,-0.7866738922468423,-0.8288714048833407,-1.0827385832609473,0.385825347095114,0.1981119931789237,9,-0.3722201436691877,0,-0.3722201436691877,BECHTLE AG,Tecnología de la Información,Alemania
VPK.AS,8.862069,,83.05,0.013,0.1343794845257349,0.1914622090287094,0.2081510372483266,63.414618544890985,0.1158032536744302,-0.7708029821660554,,-0.0966580569088001,-0.230746837131134,0.7120130505170074,0.4186621477012042,0.0087174856828825,0.7644221470740021,0.3776727149086387,0.7708029821660554,0.0966580569088001,8,0.3647752184784321,1,0.3147752184784321,KONINKLIJKE VOPAK NV,Energía,Holanda
SWEC B.ST,,,,,,,,,,,,,,,,,,,,,0,,9,,SWECO CLASS B,Industriales,Suecia
ROCK B.CO,,,,,,,,,,,,,,,,,,,,,0,,9,,ROCKWOOL CLASS B,Industriales,Dinamarca
SUN.SW,16.375292,0.23201,91.535,-0.011,-0.0870694894601323,-0.1119437187418502,-0.0296941080613256,72.45511444104345,-0.0466309360656707,-0.3917130003431215,0.3628212627193546,-0.0803638991368102,-0.3112497639105546,-0.9336642711004376,-0.7089946313160764,-0.4644817023422612,1.413241722024893,-0.710969863534016,0.3917130003431215,0.0803638991368102,9,-0.0979133719976851,0,-0.0979133719976851,SULZER AG LTD,Industriales,Suiza
TBCG.L,6.5956283,0.23967,,0.151,-0.0213552379106143,0.1782447739727322,-0.0139522936825501,52.010825918199096,0.100731575862399,-0.8851593594179693,0.3994063875082936,,0.2321449918505343,-0.4453149618414675,0.3695374310168136,-0.4331629475601058,-0.0540068384451736,0.276661528649149,0.8851593594179693,,8,0.1538031188245016,1,0.1038031188245016,TBC BANK GROUP PLC,Financieros,Reino Unido
BWY.L,14.416667,0.044510003,5.393,0.063,-0.0153452319679208,-0.2838541766020032,-0.2514217037466779,49.726052205261446,-0.1786081489835072,-0.4905381138327576,-0.5327023388695075,-0.245786567232833,-0.0630324063406744,-0.4006521652402604,-1.3479274122753295,-0.905614600407001,-0.2179807980946736,-1.595488163507896,0.4905381138327576,0.245786567232833,9,-0.4807859115188613,0,-0.4807859115188613,BELLWAY PLC,Consumo discrecional,Reino Unido
ALLFG.AS,,0.00119,22.569,-0.049,0.0086091471546143,0.0659303189524311,0.2346280196936281,62.04375192300463,0.0969841756496932,,-0.7396041294194045,-0.212802659879657,-0.4387127313113038,-0.2226374390221188,-0.0478972496959845,0.0613941403951795,0.6660375994624925,0.2515462531240638,,0.212802659879657,8,-0.0321338620734273,1,-0.0821338620734273,ALLFUNDS GROUP PLC,Financieros,Holanda
NOD.OL,129.29688,0.041739997,24.484,0.241,-0.1024945472996825,0.2556904109858648,0.1413793103448275,24.406052498799568,0.0469647507281203,5.305900759069691,-0.5459322364120804,-0.2091251923330028,0.5340309672733615,-1.0482941445845435,0.6573765586992911,-0.1241266256090966,-2.035150081285753,-0.0836865929040203,-3.0,0.2091251923330028,9,-0.6040729958322043,0,-0.6040729958322043,NORDIC SEMICONDUCTOR,Tecnología de la Información,Noruega
SFSN.SW,24.96454,0.13858,23.141,0.018,0.1481278392229907,0.3187670362156583,0.2788754838850058,63.793143137514114,0.2124147511978313,0.0416693001945663,-0.0834121849347665,-0.2117042204871316,-0.213975394052088,0.8141826615456438,0.8918109501449905,0.1494256371081875,0.7915881530227157,1.025168109439587,-0.0416693001945663,0.2117042204871316,9,0.3938692058407594,0,0.3938692058407594,SFS GROUP AG,Industriales,Suiza
SBNOR.OL,11.894354,0.18759,,0.604,-0.0613320711017173,0.1015268050588289,0.3028560027976112,83.82182080653428,0.0723940160085769,-0.6178048792837165,0.1506657479511211,,1.7516377348120975,-0.742399055700852,0.0844027985002684,0.1971355117961616,2.2290090955589084,0.0867416954207021,0.6178048792837165,,8,0.5468748009527655,1,0.4968748009527655,SPAREBANKEN NORGE,Financieros,Noruega
ACP.WA,19.646936,0.11745,27.245,0.088,0.0502281051341824,-0.0648521875880986,-0.0346287336631374,75.18939098379275,0.0216955031556442,-0.2266377104853455,-0.1843317262912,-0.2038231098806205,0.0208248090545553,0.0866499514929332,-0.5339714050724914,-0.4742992700918379,1.609475663685085,-0.2530424340395691,0.2266377104853455,0.2038231098806205,9,0.0779740454559379,0,0.0779740454559379,ASSECO POLAND SA,Tecnología de la Información,Polonia
DLG.MI,18.457943,0.15314999,23.006,0.03,0.2113688904310438,0.0754121897152808,0.4393240602671691,54.51389118844995,0.1421832037337567,-0.2866299847406944,-0.013824077581817,-0.2119634675465563,-0.1737239306623777,1.2841526139690058,-0.0126563566717095,0.4686423104818809,0.1256335002457238,0.5544725431820074,0.2866299847406944,0.2119634675465563,9,0.3034766728055516,0,0.3034766728055516,DELONGHI,Consumo discrecional,Italia
ZEAL.CO,3.318787,0.56161,2.861,3.25,0.0091443098672236,-0.2278860805227855,-0.1489947815866803,50.59142000645057,-0.1965135444111062,-1.050496886182933,1.937032376353074,-0.2506488898584876,3.0,-0.2186604274168509,-1.1399130092075456,-0.7018335380064034,-0.1558749606059725,-1.715491075933694,1.050496886182933,0.2506488898584876,9,0.256267237913781,0,0.256267237913781,ZEALAND PHARMA,Cuidado de la Salud,Dinamarca
JD..L,,,,,,,,,,,,,,,,,,,,,0,,9,,JD SPORTS FASHION PLC,Consumo discrecional,Reino Unido
TOM.OL,33.311687,0.14795,115.661,0.246,-0.1576000422954342,-0.1813667621070086,-0.2538743311882384,56.69565129703721,-0.1131555316827157,0.4628360623821596,-0.0386598847686623,-0.0340335690947327,0.5508024103524075,-1.4578054725385836,-0.9670165033538968,-0.9104941673721524,0.2822143651185062,-1.1568212413644543,-0.4628360623821596,0.0340335690947327,9,-0.4585092208015847,0,-0.4585092208015847,TOMRA SYSTEMS,Industriales,Noruega
LATO B.ST,,,,,,,,,,,,,,,,,,,,,0,,9,,LATOUR INVESTMENT CLASS B,Industriales,Suecia
VIS.MC,15.74648,0.17038,37.748,-0.008,-0.0223216382571713,0.0282179027522126,0.0058224910361175,31.88408200814247,0.0178551669458415,-0.4234405731371199,0.0684686203247973,-0.1836536886573784,-0.301186898063127,-0.4524966755577553,-0.1880614913566049,-0.3938204919465465,-1.498465812695245,-0.2787805715598514,0.4234405731371199,0.1836536886573784,9,-0.2708054510066482,0,-0.2708054510066482,VISCOFAN SA,Productos básicos de consumo,España
FPE3.DE,16.338842,0.15708,6.418,0.011,0.0845196495653048,0.0736743710616416,-0.0494028901335453,61.02940609299015,0.0629998983977857,-0.3935521351375295,0.0049461451690677,-0.2438182099297936,-0.2374554143627524,0.3414843540995434,-0.019115238341816,-0.5036928439503737,0.5932398859473198,0.0237818195819484,0.3935521351375295,0.2438182099297936,9,0.0933954503566955,0,0.0933954503566955,FUCHS PREF,Materials,Alemania
SHC.L,7.7722216,0.094,26.562,0.073,-0.0199703920797854,-0.0667603110469381,-0.1542010595863421,32.80202601882253,-0.0494597611494754,-0.8257927290504181,-0.2963318798552495,-0.2051347079664507,-0.0294895201825825,-0.4350236096770769,-0.5410632518579946,-0.712191565364354,-1.432586678444255,-0.7299287996922466,0.8257927290504181,0.2051347079664507,9,-0.3495208742285433,0,-0.3495208742285433,SHAFTESBURY CAPITAL PLC,Inmobiliario,Reino Unido
BPT.L,102.86667,0.034,53.426,0.454,-0.0190839694656488,-0.089790567145079,-0.208494455620101,40.34774331949756,-0.046360361080314,3.9723282258870185,-0.5828994369487663,-0.1535464634895224,1.2484944424407192,-0.4284362429930181,-0.6266588913446818,-0.8202097083659873,-0.8910445829705811,-0.7091564555920546,-3.0,0.1535464634895224,9,-0.6284849346983165,0,-0.6284849346983165,BRIDGEPOINT GROUP PLC,Financieros,Reino Unido
SESG.PA,,,255.711,0.664,0.0786933515166288,0.1745791398420451,0.2502967809788381,31.563428882648594,0.1200057458279444,,,0.2349112507010463,1.9528950517606491,0.2981867655168928,0.3559135140180914,0.0925675541214435,-1.5214784910902603,0.4058380408243641,,-0.2349112507010463,7,0.1927158834928763,2,0.0927158834928763,SES SA FDR,Comunicación,Francia
PHP.L,13.435715,0.060560003,129.561,0.89,0.0063999828092238,-0.0950628270523115,-0.0088860719089267,52.338372506664605,-0.0238806072355753,-0.5400333938010443,-0.4560455173469916,-0.0073407237169295,2.710964278933526,-0.2390546370677826,-0.6462540906501734,-0.4230835657568204,-0.0304994290346731,-0.5584959497745972,0.5400333938010443,0.0073407237169295,9,0.1005450229800513,0,0.1005450229800513,PRIMARY HEALTH PROPERTIES REIT PLC,Inmobiliario,Reino Unido
TGS.OL,,-0.001,40.893,-0.422,0.005559024119718,0.4673444524151413,0.9471542213011032,64.85623345847489,0.2454313916852499,,-0.7500638452533178,-0.1776141923470768,-1.689862385008132,-0.2453041428515621,1.4440227405254296,1.478983806176826,0.867884167987307,1.246447389923873,,0.1776141923470768,8,0.3162152404809375,1,0.2662152404809375,TGS NOPEC GEOPHYSICAL,Energía,Noruega
FRA.DE,14.184549,0.08672,220.739,0.018,-0.0665681145942037,-0.1244505999793842,0.0231438093123663,29.936292113537064,-0.091550967056457,-0.5022499462115884,-0.3311020767825962,0.1677528198699289,-0.213975394052088,-0.7813102227994966,-0.7554784608032,-0.3593592725124687,-1.6382550705001586,-1.012026300234799,0.5022499462115884,-0.1677528198699289,9,-0.5285566301492386,0,-0.5285566301492386,FRAPORT FRANKFURT AIRPORT SERVICES,Industriales,Alemania
HOLM B.ST,,,,,,,,,,,,,,,,,,,,,0,,9,,HOLMEN CLASS B,Materials,Suecia
DKSH.SW,20.512821,0.12630999,43.009,-0.009,0.0684473851365388,0.2015651299789254,0.1228070175438595,54.76190404106306,0.1111153253962387,-0.1829482939844975,-0.1420152981216502,-0.1735507347341681,-0.3045411866789362,0.2220448254289472,0.4562112733267324,-0.1610766918454353,0.1434329213685495,0.3462539702681761,0.1829482939844975,0.1735507347341681,9,0.1018676491627832,0,0.1018676491627832,DKSH HOLDING AG,Industriales,Suiza
TPE.WA,5.0850835,0.15546,58.945,-0.013,-0.0513059480502912,-0.0281430946921382,0.0555021849152694,57.78896519334625,-0.0343057204997608,-0.9613759712202182,-0.0027911788724572,-0.1429480596305228,-0.317958341142173,-0.6678908607316086,-0.3975361753461673,-0.2949814310342598,0.3606794698693453,-0.6283656133142662,0.9613759712202182,0.1429480596305228,9,-0.0938355666356495,0,-0.0938355666356495,TAURON POLSKA ENERGIA SA,Servicios,Polonia
REY.MI,13.387553,0.1901,11.702,0.062,0.0443544636261661,-0.1573645500106162,-0.3100202845487488,41.91177955547576,-0.0711032263464308,-0.5424634736355649,0.1626538240895331,-0.2336710879890517,-0.0663866949564836,0.0430005344237434,-0.8778084335551569,-1.0221980220230502,-0.7787966114553189,-0.8749844545155765,0.5424634736355649,0.2336710879890517,9,-0.2931539218186325,0,-0.2931539218186325,REPLY,Tecnología de la Información,Italia
DLN.L,14.069444,0.045029998,42.254,0.916,-0.0188248716486023,-0.0996655208950079,-0.1166318278212474,26.552893826798467,-0.0323186996975922,-0.5080577270211994,-0.5302187772553267,-0.1750005979183582,2.7981757829445657,-0.4265107818182864,-0.6633607403178181,-0.6374465881531257,-1.881075272346118,-0.6150484942215854,0.5080577270211994,0.1750005979183582,9,-0.1413807273586818,0,-0.1413807273586818,DERWENT LONDON REIT PLC,Inmobiliario,Reino Unido
SDF.DE,,-0.24172,15.411,0.1,-0.1030966113533869,0.0392481516749945,-0.0626794899623387,68.94976532650061,0.0296271515814303,,-1.899772884312507,-0.2265485150749315,0.0610762724442656,-1.052768327243912,-0.147065802632194,-0.5301069893832796,1.1616693360985744,-0.1998841044578216,,0.2265485150749315,8,-0.2975379980514928,1,-0.3475379980514928,K+S N AG,Materials,Alemania
PUIG.MC,16.038095,0.16568,44.941,0.047,-0.0608739956846416,0.0291791603171158,0.0601176946638761,59.685857600362695,0.0826276580753533,-0.4087267379362622,0.0460208283524718,-0.1698406212615123,-0.1167010241936215,-0.7389949111166465,-0.1844888234874906,-0.2857987526889886,0.496815909660416,0.1553281088122434,0.4087267379362622,0.1698406212615123,9,-0.0054723672737601,0,-0.0054723672737601,PUIG BRANDS SA CLASS B,Productos básicos de consumo,España
KMAR.OL,17.161716,,22.809,0.05,,,,50.0,,-0.3520328976940829,,-0.2123417762184576,-0.1066381583461939,,,,-0.1983200744150525,,0.3520328976940829,0.2123417762184576,4,0.0648541102878235,5,-0.1851458897121764,KONGSBERG MARITIME,Industriales,Noruega
LIGHT.AS,10.503226,0.06768,57.153,-0.12,-0.0904627090530162,-0.174505283009744,-0.1270066251243329,47.41382003535166,-0.1351836823609065,-0.6879961524874234,-0.4220395149002722,-0.1463893243008122,-0.6768672230337565,-0.9588806648852798,-0.9415147161114044,-0.658087520947251,-0.3839254001277457,-1.3044550787419102,0.6879961524874234,0.1463893243008122,9,-0.5012649602177094,0,-0.5012649602177094,SIGNIFY NV,Industriales,Holanda
KTY.WA,22.10157,0.28051,60.972,0.015,0.1823056300268095,0.3034482758620689,0.5750188829778538,75.32467532467533,0.2629197501843547,-0.1027857818999761,0.5944633713699473,-0.1390555130419755,-0.2240382598995156,1.0681717147187662,0.8348763210630916,0.7386107382263929,1.6191847691984569,1.363655298675455,0.1027857818999761,0.1390555130419755,9,0.6929739164771718,0,0.6929739164771718,GRUPA KETY SA,Materials,Polonia
THULE.ST,19.777983,0.1585,59.006,0.005,-0.1182719975029993,-0.0126566374537478,-0.213804832826601,59.7959245954241,-0.0445669996316085,-0.2200255541779991,0.011728244020281,-0.1428309183666345,-0.2575811460576075,-1.165542788934569,-0.3399782739031928,-0.8307748438408001,0.5047152131690055,-0.6971372517857493,0.2200255541779991,0.1428309183666345,9,-0.2679682638653332,0,-0.2679682638653332,THULE GROUP,Consumo discrecional,Suecia
SOP.PA,9.861569,0.14723,55.215,-0.008,0.2831136404995542,0.0394081295779367,-0.1818710264670215,55.98886066178923,0.1203159781899334,-0.7203718373920986,-0.0420986954537845,-0.150110959864998,-0.301186898063127,1.8173170084917565,-0.146471219104867,-0.7672416940671019,0.2314893158724766,0.4079172346136301,0.7203718373920986,0.150110959864998,9,0.2300230943940088,0,0.2300230943940088,SOPRA STERIA GROUP,Tecnología de la Información,Francia
CSG.AS,42.028572,0.41759998,145.256,0.127,-0.3108456073388735,,,60.79310184369904,,0.9026584629953988,1.249222382546599,0.0227991473769279,0.1516420650711137,-2.596635544727285,,,0.5762807695066605,,-0.9026584629953988,-0.0227991473769279,6,-0.2574913229958732,3,-0.4074913229958732,CSG CLASS A NV,Industriales,Holanda
HIAB.HE,25.600962,0.13576001,27.145,-0.07,0.1744596343359434,0.1311890404911209,0.019131836283504,48.132776799041416,0.0936324497226501,0.0737808459867936,-0.0968808123569023,-0.2040151447394536,-0.5091527922432969,1.0098649321604032,0.1946472525615784,-0.367341198639928,-0.3323272104727092,0.2290828077047992,-0.0737808459867936,0.2040151447394536,9,0.0286808086074004,0,0.0286808086074004,HIAB CORPORATION CLASS B,Industriales,Finlandia
AXFO.ST,20.758251,0.36256,224.449,0.009,-0.2746259170732348,-0.2317770661312728,-0.1653167622259844,32.93172296994345,-0.1851354416850017,-0.1705647863688173,0.9863445056953316,0.1748773131326375,-0.2441639915943708,-2.327472306834055,-1.154374481106629,-0.7343065488615355,-1.4232785695014132,-1.639234426337012,0.1705647863688173,-0.1748773131326375,9,-0.7267553717003894,0,-0.7267553717003894,AXFOOD,Productos básicos de consumo,Suecia
MTO.L,35.0,0.18802999,103.925,0.107,-0.0216524740777483,0.0171799879821277,0.2143848293864036,54.2619062522157,0.0323754448696833,0.548022212784114,0.1527671956085474,-0.0565707801273872,0.0845562927549299,-0.4475238445949647,-0.2290856714316689,0.0211197795124042,0.1075490100695693,-0.1814648966763348,-0.548022212784114,0.0565707801273872,9,-0.1092815074904716,0,-0.1092815074904716,MITIE GROUP PLC,Industriales,Reino Unido
AMV0.DE,,-0.0643,3.44,-0.083,-0.0336021498484837,-0.1666666371913358,,42.67782239786504,-0.0681192922785368,,-1.052392617986978,-0.2495370080258438,-0.5527585442488163,-0.5363267415451022,-0.9123811320697376,,-0.7238191415131324,-0.8549859696967549,,0.2495370080258438,7,-0.6261610198620968,2,-0.7261610198620968,AUMOVIO N,Consumo discrecional,Alemania
KEMIRA.HE,17.268042,0.09519,49.899,-0.001,-0.1321243180240104,-0.1183220112781143,-0.0639299018460414,58.18184340299212,-0.0969412036948839,-0.3466680733826914,-0.2906482899728947,-0.1603195329605664,-0.2777068777524626,-1.268485012250803,-0.7327005782299174,-0.5325947167964028,0.3888756082137455,-1.0481519528567134,0.3466680733826914,0.1603195329605664,9,-0.36160269036691,0,-0.36160269036691,KEMIRA,Materials,Finlandia
BUCN.SW,13.931955,0.12797,1.297,-0.038,-0.0443131462333825,-0.0432521985315805,-0.1765598559755302,67.85714285714286,-0.0501117473225103,-0.514994923283157,-0.1340868812808034,-0.2536523150506375,-0.4018155565374027,-0.6159245085850132,-0.4536915823766702,-0.7566749803308817,1.0832538537739609,-0.7342984456987757,0.514994923283157,0.2536523150506375,9,-0.1382878736335324,0,-0.1382878736335324,BUCHER INDUSTRIES AG,Industriales,Suiza
BAKKA.OL,20.295887,0.07446,43.747,0.113,-0.0039096048343076,-0.0329894011783757,0.1294093114318961,74.99999999999997,-0.0350177242076812,-0.1938939967962969,-0.3896573809487048,-0.1721335174759797,0.1046820244497851,-0.315669372619775,-0.4155482504646662,-0.1479412540678223,1.5958834250495637,-0.6331375000315352,0.1938939967962969,0.1721335174759797,9,0.0182932450710135,0,0.0182932450710135,BAKKAFROST,Productos básicos de consumo,Noruega
WIHL.ST,10.6821375,0.09268,148.751,0.068,-0.0853357952443685,-0.1185312901390333,-0.1945354830472392,53.64237942144931,-0.1107686084553575,-0.6789689271165121,-0.3026363661113069,0.0295107656931453,-0.0462609632616284,-0.9207804848170836,-0.7334783966725376,-0.7924379643661513,0.0630867217586381,-1.140823954949977,0.6789689271165121,-0.0295107656931453,9,-0.3582081385551867,0,-0.3582081385551867,WIHLBORGS FASTIGHETER,Inmobiliario,Suecia
PAF.L,10.277778,0.43553,19.807,1.573,-0.0405276073709656,0.0078278377728513,1.5217955386947355,58.742197831896,0.1432378535064651,-0.699371440858608,1.3348584163805637,-0.2181066626806277,3.0,-0.587792630871375,-0.2638444372190448,2.6222478591065226,0.4290912033049394,0.561540862048573,0.699371440858608,0.2181066626806277,9,0.8903977084766017,0,0.8903977084766017,PAN AFRICAN RESOURCES PLC,Materials,Reino Unido
HOC.L,14.859999,0.31628,39.748,0.191,-0.0381323241095071,-0.1196581137128398,1.2103500689593445,56.70195254262139,0.1406556030464032,-0.4681691890954612,0.7653053966571991,-0.179812991480716,0.366316536482902,-0.5699923075224685,-0.7376664171607871,2.002618884964431,0.2826665937936313,0.5442344821323472,0.4681691890954612,0.179812991480716,9,0.3668294833248258,0,0.3668294833248258,HOCHSCHILD MINING PLC,Materials,Reino Unido
