yahoo_ticker,pe_ratio,roe,debt_to_equity,revenue_growth,momentum_3m,momentum_6m,momentum_12m,rsi,dist_sma200,z_pe_ratio,z_roe,z_debt_to_equity,z_revenue_growth,z_momentum_3m,z_momentum_6m,z_momentum_12m,z_rsi,z_dist_sma200,z_pe_ratio_adj,z_debt_to_equity_adj,n_factores_disponibles,score,factores_faltantes,score_ajustado,nombre,sector,pais
ASML.AS,62.732285,0.53942,9.092,0.213,0.3040701467952769,0.3584349716997508,1.653544664525446,46.029699580082756,0.3487094146151857,1.9472927277892484,1.831050141487988,-0.2386831978045961,0.44011088603070425,2.0410707833363264,1.1011409931810368,3.0,-0.4743891485088814,2.012812118060737,-1.9472927277892484,0.2386831978045961,9,0.9159095826225845,0,0.9159095826225845,ASML HOLDING NV,Tecnología de la Información,Holanda
HSBA.L,16.40652,0.11611,,0.033,0.029068951846543234,0.09287570863886763,0.41529252722292975,46.67449790250306,0.09508055780808311,-0.3901373487283134,-0.19073173506628857,,-0.16366106481495019,-0.07758058394323414,0.08165702889268854,0.45653361774440837,-0.42777194549985587,0.2635230232489933,0.3901373487283134,,8,0.041513211161259354,1,-0.008486788838740648,HSBC HOLDINGS PLC,Financieros,Reino Unido
NOVN.SW,22.21947,0.34929,120.734,-0.007,0.08320416700317712,0.13413776614226602,0.3883285368735587,51.84466278308814,0.11033305225187928,-0.0968369755279407,0.9229653143181488,-0.024291640706128742,-0.2978326094473179,0.3394854132825489,0.24006237116317888,0.40108059529134477,-0.05398278158937213,0.3687201310824352,0.0968369755279407,0.024291640706128742,9,0.2268474500372262,0,0.2268474500372262,NOVARTIS AG,Cuidado de la Salud,Suiza
ROP.SW,20.797508,0.37273997,87.637,-0.004,0.046973497235426986,-0.010797077946869016,0.33176732135341713,52.94118927022821,0.051829168719878416,-0.16858402053550975,1.0349653245984196,-0.08784941793412514,-0.28776974359989027,0.060358778741168594,-0.31634356140498504,0.2847591490375954,0.025293165754768115,-0.03478366085595736,0.16858402053550975,0.08784941793412514,9,0.11365698786008378,0,0.11365698786008378,ROCHE PS PAR AG,Cuidado de la Salud,Suiza
NESN.SW,24.011396,0.26534,175.002,-0.022,0.12048834603920433,0.18863801705934158,0.14452270809940937,57.50001283790277,0.09977946086615219,-0.006422888954436529,0.5220095406848033,0.07992183648542668,-0.34814693868445573,0.6267284447439244,0.449289235326119,-0.10032034433315863,0.3548839794202016,0.2959315590147375,0.006422888954436529,-0.07992183648542668,9,0.19187516984902014,0,0.19187516984902014,NESTLE SA,Productos básicos de consumo,Suiza
AZN.L,24.83499,0.23482999,71.815,0.125,-0.03181427343078247,-0.004905248972400522,0.2510945945628249,46.12732429877088,-0.020971707371073012,0.035132677077541676,0.3762898901414904,-0.11823317329870076,0.1449334878394954,-0.5466342856998475,-0.2937247866329561,0.11885097031089127,-0.4673311411110012,-0.5368944231794188,-0.035132677077541676,0.11823317329870076,9,-0.12460108801224307,0,-0.12460108801224307,ASTRAZENECA PLC,Cuidado de la Salud,Reino Unido
SHELL.AS,13.549645,0.10697,43.324,0.007,0.012224382565109604,0.2583188167919581,0.2942903033462394,88.93719649447168,0.1162883632388596,-0.534284899229662,-0.23438552626353432,-0.17294582492884383,-0.25087256882598913,-0.20735372818719874,0.7167943380568185,0.20768547062061837,2.627708708630663,0.4097941661779776,0.534284899229662,0.17294582492884383,9,0.4418446204853179,0,0.4418446204853179,SHELL PLC,Energía,Reino Unido
SIE.DE,27.93905,0.12593001,76.352,-0.0,0.10990139963346301,0.06935387640213952,0.21165258214484473,47.005428362070255,0.103546260373228,0.191752286129116,-0.14383013046072343,-0.10952055175344227,-0.2743525891366535,0.5451649865123311,-0.008643458085719922,0.037736166015640296,-0.4038465538245067,0.32191133664343774,-0.191752286129116,0.10952055175344227,9,-0.0008991085235408961,0,-0.0008991085235408961,SIEMENS N AG,Industriales,Alemania
SAN.MC,13.529546,0.12886,,0.046,0.1639980684918907,0.13049709452485203,0.6034987307292417,43.506498197926675,0.17478457718192253,-0.535299021869794,-0.12983612918391624,,-0.1200553128094307,0.9619340171470658,0.22608580604391829,0.8435906776830465,-0.6568098946161446,0.8132450606327805,0.535299021869794,,8,0.3091816558458892,1,0.2591816558458892,BANCO SANTANDER SA,Financieros,España
TTE.PA,12.2989855,0.12512,51.304,0.034,-0.04131985047793574,0.2965319535157118,0.49245737462946226,78.079856461129,0.12757066277561036,-0.5973886414081758,-0.14769884024274543,-0.15762144319396118,-0.160306776199141,-0.619866708604362,0.8634948510270382,0.6152276374491544,1.842751913810664,0.48760866959249993,0.5973886414081758,0.15762144319396118,9,0.40402453682613837,0,0.40402453682613837,TOTALENERGIES,Energía,Francia
ALV.DE,13.660743,0.18706,,0.088,0.13048157162185414,0.19189426703146228,0.27715283163451376,61.98083534346418,0.15360014783261966,-0.5286792971065034,0.14813440119679505,,0.020824809054555308,0.7037177867290059,0.46179000292137456,0.17244125819857858,0.678835523842812,0.6671351435395154,0.5286792971065034,,8,0.4226947778236425,1,0.3726947778236425,ALLIANZ,Financieros,Alemania
SU.PA,33.726475,0.15613,81.411,0.042,-0.012620548038048462,0.17761437732681995,0.14870366244975508,40.32756530034315,0.06605319885819028,0.4837647604096735,0.0004088255150870757,-0.09980550824507493,-0.13347246727266746,-0.3987628826170894,0.40696940130541254,-0.09172196729545276,-0.886638284495426,0.06332008458711923,-0.4837647604096735,0.09980550824507493,9,-0.1582062824930684,0,-0.1582062824930684,SCHNEIDER ELECTRIC,Industriales,Francia
UBSG.SW,18.845133,0.1016,,0.138,0.2693340158554256,0.18657480365265688,0.5225996670807092,63.537897685384486,0.25903422289760414,-0.26709378169414305,-0.26003332262340406,,0.18853923984501492,1.7734583050580508,0.44136854388129615,0.6772170239764639,0.7914069880776293,1.3943184777017315,0.26709378169414305,,8,0.6591711297013657,1,0.6091711297013657,UBS GROUP AG,Financieros,Suiza
NOVO B.CO,,,,,0.24554084329044112,-0.14413991196492226,-0.2242792141217007,54.75968178855587,0.09745766896970953,,,,,1.590152055802951,-0.8282476820418982,-0.8587830573320628,0.15676533612126656,0.27991806080322135,,,5,0.06796094267069555,4,-0.13203905732930446,NOVO NORDISK CLASS B,Cuidado de la Salud,Dinamarca
ABBN.SW,36.763634,0.32575,55.751,0.142,0.08733158522167717,0.36684378304452236,0.5714768679149054,38.396622978451624,0.18100915238568405,0.6370087876538217,0.810535309418459,-0.1490816530216525,0.2019563943082516,0.3712836760267885,1.1334224817870477,0.7777358448254263,-1.0262402764492156,0.8561762225709385,-0.6370087876538217,0.1490816530216525,9,0.29299361309505856,0,0.29299361309505856,ABB LTD,Industriales,Suiza
SAP.DE,21.86218,0.16350001,17.331,0.06,-0.0172882448361249,-0.2716627263283182,-0.4443739453719836,39.9509698507591,-0.22250628826842722,-0.11486453302297539,0.03560892153933362,-0.22286144578533568,-0.07309527218810204,-0.43472353437038325,-1.317808704413752,-1.3114207387614225,-0.9138651334419892,-1.9268870645109328,0.11486453302297539,0.22286144578533568,9,-0.6227183941487708,0,-0.6227183941487708,SAP,Tecnología de la Información,Alemania
RR..L,,,,,-0.028677114224579636,-0.02848466999612309,0.14394489161808388,93.1350951375932,0.04648423826928583,,,,,-0.5224651302064165,-0.38424635738824725,-0.10150865770582827,2.931205610612593,-0.07164787523381834,,,5,0.3702675180156566,4,0.1702675180156566,ROLLS-ROYCE HOLDINGS PLC,Industriales,Reino Unido
IBE.MC,26.65,0.09969,94.885,-0.045,0.0855085300319256,0.18011838451517947,0.4354340705325008,57.4244820049485,0.1361456972943218,0.12671149856446443,-0.269155723190881,-0.07393073136590088,-0.42529557684806707,0.35723857934597847,0.4165823033204705,0.497955879023739,0.3494233011726939,0.5467510501561778,-0.12671149856446443,0.07393073136590088,9,0.15785767175350532,0,0.15785767175350532,IBERDROLA SA,Servicios,España
BBVA.MC,12.401098,0.19042999,,0.119,0.20953911465087027,0.09335853696013996,0.8222242686151477,57.31130526472999,0.18651457616461342,-0.5922364150242533,0.164229897892288,,0.12480775614464024,1.3127892188128285,0.08351061036963577,1.2934125329162978,0.3412409239995301,0.8941473663123738,0.5922364150242533,,8,0.6007968401839809,1,0.5507968401839809,BANCO BILBAO VIZCAYA ARGENTARIA SA,Financieros,España
ENR.DE,62.505928,0.23313999,33.549,0.033,-0.13446390273907782,0.15559790017448027,0.6411352380373556,45.42857827945258,0.10690161900563488,1.9358715745750428,0.36821823728335634,-0.19171723237978092,-0.16366106481495019,-1.3374627674644555,0.32244798356904397,0.9209923551710529,-0.51784861905983,0.3450533889270067,-1.9358715745750428,0.19171723237978092,9,-0.20071275873155972,0,-0.20071275873155972,SIEMENS ENERGY N AG,Industriales,Alemania
UCG.MI,11.364512,0.16984,,0.064,0.2758728820882643,0.16253444685011065,0.48429512875180225,61.100693659159425,0.20269393641711764,-0.6445387848458208,0.06588951231095566,,-0.059678117724865254,1.8238347330122804,0.3490774372805552,0.5984415016414822,0.615203621979402,1.005737107349852,0.6445387848458208,,8,0.6303805725869354,1,0.5803805725869353,UNICREDIT,Financieros,Italia
MC.PA,21.891582,0.16236,53.342,-0.047,0.023898478995457273,-0.18321886640461937,0.004207605593898656,48.92396033037781,-0.10139942026461413,-0.11338101474519256,0.0301640901932973,-0.15370777277094227,-0.43200415407968545,-0.11741469949126755,-0.9782720755923963,-0.3888865553770482,-0.26514179741293503,-1.0916078057828982,0.11338101474519256,0.15370777277094227,9,-0.3306749122251998,0,-0.3306749122251998,LVMH,Consumo discrecional,Francia
SAF.PA,18.79511,0.55648,34.448,0.125,0.17325124816233628,0.069729033965378,0.17959316443294293,29.0064228748833,0.06554651385937582,-0.269617760838743,1.9125308502215779,-0.1899908389988712,0.1449334878394954,1.0332219319655003,-0.007203225440867963,-0.028195900684261314,-1.7051267581638454,0.05982545643601365,0.269617760838743,0.1899908389988712,9,0.20773271577902525,0,0.20773271577902525,SAFRAN SA,Industriales,Francia
ULVR.L,20.325891,0.30955,160.789,,0.029552709641045505,-0.09388758157439936,-0.07706428548491306,46.23064495367807,-0.061398277569509774,-0.1923801037819923,0.7331620690032095,0.05262792199947586,,-0.0738536397277901,-0.6353286160271964,-0.5560269504892802,-0.4598613326804289,-0.8157182103423727,0.1923801037819923,-0.05262792199947586,8,-0.20848431231016779,1,-0.2584843123101678,UNILEVER PLC,Productos básicos de consumo,Reino Unido
AIR.PA,30.742496,0.19748,55.655,-0.066,0.15449568959181104,-0.04364065060487099,0.09726579579882588,44.0766449407348,0.03523160514472967,0.33320400307956133,0.19790163361203572,-0.1492660064861323,-0.49573563778006013,0.8887262332579257,-0.4424302784294094,-0.19750694709159788,-0.6155898021775416,-0.14925776813206307,-0.33320400307956133,0.1492660064861323,9,-0.11087006259268219,0,-0.11087006259268219,AIRBUS GROUP,Industriales,Francia
CFR.SW,36.524956,0.14961,55.981,0.042,0.26371504161140646,0.26209543797906165,0.3919647836219988,69.17902294365528,0.21848607058255376,0.6249659614683705,-0.030731515689075072,-0.14863997284633634,-0.13347246727266746,1.7301688660175438,0.7312928145741334,0.4085587493024343,1.1992453341469207,1.1146561334700207,-0.6249659614683705,0.14863997284633634,9,0.5048213251030307,0,0.5048213251030307,COMPAGNIE FINANCIERE RICHEMONT SA,Consumo discrecional,Suiza
BATS.L,13.194842,0.15824,72.842,0.001,0.0062761874372043724,0.0003724050982032434,0.11048589390387753,47.42039022750259,-0.00030873775638196044,-0.5521869717251441,0.010486451272875754,-0.11626097529848466,-0.2709983005208443,-0.2531795353911688,-0.2734638338346042,-0.1703190424991223,-0.3738459150988161,-0.3943810362232338,0.5521869717251441,0.11626097529848466,9,-0.11747258503014277,0,-0.11747258503014277,BRITISH AMERICAN TOBACCO,Productos básicos de consumo,Reino Unido
AI.PA,31.920433,0.13357,50.657,-0.034,0.05624280393933434,0.26225048440048315,0.15578849544027262,50.569482943897476,0.13764372219637577,0.3926384316754597,-0.10734057595207522,-0.15886390873061143,-0.388398402074166,0.13177093869788425,0.7318880389264592,-0.07715159407513528,-0.14617489091967334,0.5570829921043783,-0.3926384316754597,0.15886390873061143,9,0.0519891093069804,0,0.0519891093069804,LAIR LIQUIDE SOCIETE ANONYME POUR,Materials,Francia
BNP.PA,9.920754,0.09575,,0.093,0.19485387242594432,0.22136104527235534,0.41488996149733914,61.1656402090547,0.2429218465090517,-0.7173855769584355,-0.28797365944002196,,0.03759625213360128,1.1996518612661784,0.5749131813395343,0.45570571779596725,0.6198990847247754,1.2831907272445613,0.7173855769584355,,8,0.5750460927528789,1,0.5250460927528788,BNP PARIBAS SA,Financieros,Francia
ZURN.SW,16.123625,0.25221002,58.818,0.095,0.09513662276050061,0.14578660017452716,0.17176160758167258,64.30972902101496,0.12384518949490331,-0.40441120435695627,0.4592991024633576,-0.14319194390124085,0.044304829365219664,0.4314148818434734,0.28478233069938197,-0.044301955177270314,0.8472083399278586,0.4619139207181247,0.40441120435695627,0.14319194390124085,9,0.3369138442331492,0,0.3369138442331492,ZURICH INSURANCE GROUP AG,Financieros,Suiza
BP..L,,,,,0.061018316952521356,0.1860885913906567,0.2961731390700688,59.99679738122145,0.10917467933374425,,,,,0.16856222310207078,0.43950197143100317,0.21155763235618205,0.5353948583703704,0.3607307834233082,,,5,0.34314949373658693,4,0.14314949373658692,BP PLC,Energía,Reino Unido
ISP.MI,11.79074,0.14007,,0.06,0.15995076925214957,0.12680936344342708,0.38392537744651634,70.27320410965686,0.14706403097038812,-0.6230328659116396,-0.07629575726694421,,-0.07309527218810204,0.9307530032985057,0.21192857929616019,0.39202524052342946,1.2783517210132607,0.6220552654315894,0.6230328659116396,,8,0.4885944557524423,1,0.4385944557524423,INTESA SANPAOLO,Financieros,Italia
DTE.DE,14.740332,0.14428,161.874,0.004,-0.031601918544645224,0.02511959652107376,-0.09696645726523223,77.11669921235652,-0.05184091466619478,-0.47420715187851814,-0.05618826701088249,0.054711500217815186,-0.26093543467341673,-0.5449982711001763,-0.17845918392711274,-0.5969569302251805,1.7731182075269596,-0.7498006688118262,0.47420715187851814,-0.054711500217815186,9,-0.021636099617881363,0,-0.021636099617881363,DEUTSCHE TELEKOM N AG,Comunicación,Alemania
GSK.L,13.330987,0.40905997,109.7,0.015,-0.05891088118593413,0.05560855656633712,0.36555105718996694,46.24532204030048,-0.00821382374766022,-0.5453175888284453,1.2084342191590285,-0.04548076702977475,-0.22403825989951562,-0.7553907061211922,-0.06141184204302288,0.3542373767634952,-0.4588002183709351,-0.4489027530821685,0.5453175888284453,0.04548076702977475,9,0.02276957469598994,0,0.02276957469598994,GLAXOSMITHKLINE,Cuidado de la Salud,Reino Unido
OR.PA,33.0786,0.18003,34.042,0.01,0.025884943626586,-0.004315414059579581,0.02903349544068412,47.741261133900075,0.02942935046555295,0.45107533777793035,0.11455823575733795,-0.19077050052573366,-0.2408097029785616,-0.10211067142121519,-0.291460406063936,-0.3378306615996945,-0.3506478023508251,-0.18927616731336638,-0.45107533777793035,0.19077050052573366,9,-0.18420911258027303,0,-0.18420911258027303,LOREAL SA,Productos básicos de consumo,Francia
IFX.DE,82.36585,0.0631,47.645,,0.26410504911485444,0.5958423409236753,0.8959113220563788,32.01512394361171,0.37522615191146724,2.937931205972232,-0.44391417175841064,-0.16464799867866486,,1.7331735436175209,2.01254962994994,1.4449542660215389,-1.487605676551975,2.195699191583493,-2.937931205972232,0.16464799867866486,8,0.33519669694606746,1,0.2851966969460675,INFINEON TECHNOLOGIES AG,Tecnología de la Información,Alemania
RIO.L,14.691975,0.16399999,35.432,0.146,0.0013548299688388443,0.12423537157005282,0.5668378859485601,52.60057147901637,0.12122147349820112,-0.47664707070576606,0.037996888992593944,-0.18810121598795335,0.21537354877148837,-0.2910944278379738,0.2020470055605381,0.7681955072193828,0.0006674057779022046,0.4438180390479845,0.47664707070576606,0.18810121598795335,9,0.22686136158062617,0,0.22686136158062617,RIO TINTO PLC,Materials,Reino Unido
SAN.PA,19.381313,0.06576,27.372,0.06,-0.008147291506162668,0.01672367748190462,-0.04718738292554425,65.6904206457742,-0.004082689817154872,-0.240040083640216,-0.43120967672726473,-0.2035792256099025,-0.07309527218810204,-0.3643002284848453,-0.21069117887708286,-0.4945833537891605,0.9470286706053127,-0.4204101453213097,0.240040083640216,0.2035792256099025,9,-0.06707131950359264,0,-0.06707131950359264,SANOFI SA,Cuidado de la Salud,Francia
BARC.L,12.148838,0.09552,,0.039,0.022754052717766315,-0.09681452674478452,0.21047889608799664,42.2073866917352,-0.022902354827499027,-0.604964539667253,-0.28907216840888045,,-0.14353533312009503,-0.1262315349905919,-0.6465651800662928,0.03532241202671103,-0.7507321997923864,-0.5502101814254162,0.604964539667253,,8,-0.23325745576371232,1,-0.2832574557637123,BARCLAYS PLC,Financieros,Reino Unido
INGA.AS,13.269405,0.16565001,,0.029,0.20741355663319982,0.21802293992198418,0.5159581906137933,65.62501241764068,0.218278388187106,-0.5484247931880949,0.04587759233518457,,-0.17707821927818695,1.2964135939679655,0.5620981703450644,0.6635584393653042,0.9422998297517637,1.1132237390882669,0.5484247931880949,,8,0.6243522423454321,1,0.574352242345432,ING GROEP NV,Financieros,Holanda
ENEL.MI,25.91842,0.10637999,139.941,-0.067,0.023126592343285735,0.11951538475706935,0.3259255518862838,56.41641561491835,0.09008786084518139,0.08979862523406801,-0.23720348833621344,0.012592494629947864,-0.49908992639586935,-0.123361432600238,0.18392694146627261,0.27274520862190604,0.2765427834718755,0.22908817833090858,-0.08979862523406801,-0.012592494629947864,9,2.8571632736220282e-05,0,2.8571632736220282e-05,ENEL,Servicios,Italia
LLOY.L,14.156251,0.10784,,0.115,0.004807213223285256,-0.033316591968649445,0.24340342150208438,42.869869317510535,-0.0009989255859611523,-0.5036777606536232,-0.2302302966856783,,0.1113906016814035,-0.26449673794877343,-0.40279614138336917,0.10303362328986364,-0.7028364687058063,-0.39914129126224496,0.5036777606536232,,8,-0.16017486879512272,1,-0.2101748687951227,LLOYDS BANKING GROUP PLC,Financieros,Reino Unido
CS.PA,13.096491,0.13415,113.518,0.032,0.1456554205048215,0.23541690073739652,0.11909425912950744,68.1671938955117,0.16192166237784322,-0.5571494064621759,-0.10457042290017124,-0.03814887611952638,-0.16701535343075938,0.8206194448792017,0.6288737138617191,-0.1526154361724659,1.126092786276314,0.7245289859813003,0.5571494064621759,0.03814887611952638,9,0.3856902223418712,0,0.3856902223418712,AXA SA,Financieros,Francia
NG..L,,,,,-0.041095903581190196,-0.1152864335747209,0.1666478537151681,72.53979109992548,-0.0044706581481973595,,,,,-0.6181413873777527,-0.7174789662618476,-0.054818688950887325,1.442219929395623,-0.42308597952711974,,,5,-0.07426101854439685,4,-0.2742610185443969,NATIONAL GRID PLC,Servicios,Reino Unido
ABI.BR,22.548897,,75.033,0.12,0.17431279465651994,0.22578297570069905,0.2234278005018726,52.410892581665976,0.1702973771831897,-0.08021528395270285,,-0.11205349154145108,0.12816204476044943,1.041400248906095,0.5918890047807281,0.061952590939454474,-0.013045873796276773,0.7822966499399371,0.08021528395270285,0.11205349154145108,8,0.34811543012806767,1,0.2981154301280677,ANHEUSER-BUSCH INBEV SA,Productos básicos de consumo,Bélgica
DG.PA,13.677829,0.15433,118.763,0.052,-0.09614655330102717,0.037616708235776564,-0.00914924376003412,34.316332391351764,-0.032382830764465464,-0.5278171995181015,-0.008188201197718408,-0.028076647773729438,-0.09992958111457556,-1.0422600328269254,-0.13048268012826536,-0.4163556969072483,-1.3212344289164148,-0.6155974302540208,0.5278171995181015,0.028076647773729438,9,-0.34201713378370424,0,-0.34201713378370424,VINCI SA,Industriales,Francia
BA..L,,,,,-0.01780717374713814,-0.04844343560607767,0.09707253198055077,61.0333463908703,-0.0009496071567705044,,,,,-0.4387214422596346,-0.4608682053773097,-0.19790440543197388,0.6103345936820688,-0.3988011399425469,,,5,-0.17719211986587924,4,-0.37719211986587925,BAE SYSTEMS PLC,Industriales,Reino Unido
INVE B.ST,,,,,0.058960294919203404,0.08028989546373544,0.38637820456763494,46.68998664051934,0.1055055445315054,,,,,0.15270690583483715,0.033339999534783636,0.39706962288889214,-0.4266521509542554,0.33542460344934666,,,5,0.09837779615072083,4,-0.10162220384927918,INVESTOR CLASS B,Financieros,Suecia
MUV2.DE,9.618993,0.19848,21.718,-0.06,-0.06010502612922919,0.026009044849790275,-0.09327781438104599,56.60640113954988,-0.010997616866907034,-0.73261134251935,0.20267775956359435,-0.21443687652832688,-0.475609906085205,-0.764590581842873,-0.17504458525057676,-0.5893710204978806,0.2902782313825964,-0.46810269352669776,0.73261134251935,0.21443687652832688,9,-0.11474606413437395,0,-0.11474606413437395,MUENCHENER RUECKVERSICHERUNGS-GESE,Financieros,Alemania
NWG.L,9.7,0.14072,,0.075,-0.02381782576222835,-0.12492364037371051,0.08999733346287653,41.73137915516175,-0.06757097102533405,-0.7285240231149439,-0.07319127539843105,,-0.022780942950964167,-0.48502842689796144,-0.754476274052418,-0.21245496479566328,-0.7851462781091201,-0.8582915416415848,0.7285240231149439,,8,-0.3078557100913999,1,-0.3578557100913999,NATWEST GROUP PLC,Financieros,Reino Unido
DBK.DE,9.832278,0.08653,,0.012,0.1798354457817417,-0.03829282302042991,0.216244681914185,58.33890761176449,0.07090453778204941,-0.7218497550124832,-0.3320095407133924,,-0.2341011257469432,1.083947599871753,-0.4218999289952546,0.04718008764283648,0.4155338394098043,0.09677997705194573,0.7218497550124832,,8,0.17216008294165405,1,0.12216008294165405,DEUTSCHE BANK AG,Financieros,Alemania
ITX.MC,26.915422,0.33955002,31.815,0.058,0.026664532286094778,-0.006022257462842351,0.2883408719202021,41.6666605059797,0.03520431801892476,0.14010372998836962,0.876445943072487,-0.19504711683194717,-0.0798038494197204,-0.09610460086689697,-0.29801299044423984,0.19545011709258595,-0.7898252642393334,-0.14944596860814527,-0.14010372998836962,0.19504711683194717,9,-0.03181702517440949,0,-0.03181702517440949,INDUSTRIA DE DISENO TEXTIL SA,Consumo discrecional,España
RMS.PA,39.029488,0.25207,12.268,0.039,0.0011947431302270495,-0.20558967836483,-0.29019354176971857,61.70520231213873,-0.11386466795567207,0.7513355621517197,0.45863034930762053,-0.23258417068805634,-0.14353533312009503,-0.2923277613861119,-1.064153787262593,-0.9943397254544198,0.6589079890920069,-1.177581153313613,-0.7513355621517197,0.23258417068805634,9,-0.3414612015112076,0,-0.3414612015112076,HERMES INTERNATIONAL,Consumo discrecional,Francia
GLEN.L,,0.0034599998,125.35,0.143,0.009865466924046329,0.14862798304724967,0.7446056882580372,53.34640239376114,0.17406558137225359,,-0.7287623244645915,-0.01542731162239211,0.2053106829240608,-0.22552717593955318,0.29569042044837346,1.133785384873717,0.054588996380925944,0.8082861157205073,,0.01542731162239211,8,0.194849926445729,1,0.14484992644572897,GLENCORE PLC,Materials,Reino Unido
NDA FI.HE,,,,,0.08578833208934755,0.07093467973367162,0.3933398106348076,47.8341850012806,0.10462137074644051,,,,,0.35939421729378873,-0.002574742467914153,0.41138657273757484,-0.34392965399429426,0.3293264189619689,,,5,0.15072056250622481,4,-0.0492794374937752,NORDEA BANK,Financieros,Finlandia
GLE.PA,10.965909,0.08884,,0.002,0.11788728970738571,0.10192193549128259,0.5477802962207321,49.97052993515687,0.15467846916373862,-0.6646508464769699,-0.320976689765292,,-0.2676440119050351,0.6066895079865551,0.11638556032123573,0.7290024598482183,-0.18947759973647324,0.6745723719723349,0.6646508464769699,,8,0.25165030564981417,1,0.20165030564981418,SOCIETE GENERALE SA,Financieros,Francia
DHL.DE,18.485437,0.15564999,121.823,-0.019,0.23817193580527318,0.26968895112383273,0.5223893084068516,64.92246593480198,0.23781487598474693,-0.2852427372225204,-0.0018837627029205883,-0.02220038109343611,-0.3380840728370281,1.5333808627842511,0.7604443673931818,0.676784409066227,0.8915075884028165,1.2479677326762195,0.2852427372225204,0.02220038109343611,9,0.5641733603443004,0,0.5641733603443004,DEUTSCHE POST AG,Industriales,Alemania
REL.L,21.910715,0.70512,304.059,0.012,0.0007417942744532002,-0.07634372125326483,-0.3146699932719854,54.4509747537609,-0.01731163589440199,-0.11241563296134052,2.6224542116612497,0.32775626424968124,-0.2341011257469432,-0.2958173488141661,-0.5679776072054451,-1.0446769788483035,0.13444663892408193,-0.5116507533503127,0.11241563296134052,-0.32775626424968124,9,-0.012518177185353233,0,-0.012518177185353233,RELX PLC,Industriales,Reino Unido
NOKIA.HE,67.042854,0.037249997,15.63,0.024,0.0674994563222,0.7094468064854853,1.3320560095273253,32.78800738370984,0.2264562964736101,2.164788404924947,-0.5673770419345786,-0.22612795873408698,-0.19384966235723292,0.2184939144522079,2.448678008892083,2.341911312576592,-1.4317282603482107,1.1696271230093334,-2.164788404924947,0.22612795873408698,9,0.2274549942332593,0,0.2274549942332593,NOKIA,Tecnología de la Información,Finlandia
EL.PA,33.32329,0.060700003,36.457,0.094,-0.11566165100097381,-0.36710411118036235,-0.32072047704694184,39.80446588062599,-0.277578827167973,0.46342150767761964,-0.45537685971377345,-0.18613285868491392,0.04095054074941047,-1.1926073374351613,-1.6842088829073347,-1.0571201524393512,-0.9244569806597175,-2.3067247254669994,-0.46342150767761964,0.18613285868491392,9,-0.872981449651737,0,-0.872981449651737,ESSILORLUXOTTICA SA,Cuidado de la Salud,Francia
ENGI.PA,17.900663,0.1154,135.163,-0.066,-0.012165207903602315,0.1854017505156773,0.4406865021572526,54.54545454545451,0.11445635494522133,-0.314748312264087,-0.19412278449189518,0.0034170690749015967,-0.49573563778006013,-0.39525487241152857,0.4368651842597015,0.5087578117142146,0.14127727646839056,0.39715872646496636,0.314748312264087,-0.0034170690749015967,9,0.07891966082366385,0,0.07891966082366385,ENGIE SA,Servicios,Francia
PRX.AS,8.38671,0.22213,32.874,,-0.0764139421265887,-0.2430966583327696,-0.2528568464123184,49.72874951609223,-0.18426668953938663,-0.7947878731601562,0.3156331383179556,-0.19301346767690447,,-0.8902369710634531,-1.2081433592529032,-0.9175546287698929,-0.2069576806970384,-1.6631469132963472,0.7947878731601562,0.19301346767690447,8,-0.4478256342405773,1,-0.4978256342405773,PROSUS NV CLASS N,Consumo discrecional,Holanda
LSEG.L,36.286922,0.06365,52.973,0.046,-0.0368294635708567,0.09775000245058951,-0.04602913378943996,56.654825061326605,0.09276009796222828,0.6129556291871054,-0.44128730248505343,-0.15441638140003647,-0.1200553128094307,-0.5852720794353113,0.10036947869016037,-0.4922013467301745,0.29377915207898625,0.24751871224746724,-0.6129556291871054,0.15441638140003647,9,-0.16174310513671392,0,-0.16174310513671392,LONDON STOCK EXCHANGE GROUP PLC,Financieros,Reino Unido
VOLV B.ST,,,,,0.012578616352201255,-0.03066934579411773,0.20799426828466894,42.587643795164624,0.06326502775582998,,,,,-0.20462465678262448,-0.3926333438467605,0.030212629699235494,-0.7232406230158599,0.04408994900543524,,,5,-0.24923920898811486,4,-0.44923920898811487,VOLVO CLASS B,Industriales,Suecia
CPG.L,26.109241,0.26883,113.105,0.107,-0.06068164179922986,0.2617240844635822,0.09028565171170899,41.64261719277705,0.08108183819134807,0.09942676077875155,0.5386782202557429,-0.03894198008650714,0.08455629275492994,-0.7690329173675221,0.72986718569661,-0.21186202146201802,-0.7915635318085947,0.16697325412904634,-0.09942676077875155,0.03894198008650714,9,-0.03476314427711668,0,-0.03476314427711668,COMPASS GROUP PLC,Consumo discrecional,Reino Unido
DB1.DE,22.484417,0.19205,65.438,0.085,-0.032446582883973396,0.19904296688535728,-0.013474922342133766,61.974398149530025,0.09315991435081661,-0.0834687108811918,0.1719672696950725,-0.13047923624648855,0.010761943207127773,-0.5515056946688031,0.48923391424479745,-0.4252517077880526,0.6783701318496838,0.25027626301392636,0.0834687108811918,0.13047923624648855,9,0.09308889629793694,0,0.09308889629793694,DEUTSCHE BOERSE AG,Financieros,Alemania
ARGX.BR,38.51064,,0.644,0.626,0.11030051487168646,0.08869814020028621,0.5099206349206349,37.632790778230365,0.06642078006655061,0.725156373953943,,-0.25490630267881775,1.8254320843599001,0.548239831497357,0.06561931292766707,0.6511418531302425,-1.0814633120937382,0.06585530793408836,-0.725156373953943,0.25490630267881775,8,0.20057187581004898,1,0.150571875810049,ARGENX,Cuidado de la Salud,Bélgica
BAYN.DE,,-0.06928,134.269,-0.024,0.19046417453727726,0.07927516375531218,0.6739662374753519,44.842100979989056,0.25583990737571627,,-1.0761777252257398,0.0017002774369335293,-0.3548555159160741,1.165832955731959,0.02944443704199552,0.9885112247968979,-0.560249367291701,1.3722871466530089,,-0.0017002774369335293,8,0.19538660979417663,1,0.1453866097941766,BAYER AG,Cuidado de la Salud,Alemania
BN.PA,25.340425,0.108430006,89.092,-0.005,0.08625379865997784,0.08370758093429687,0.1077250981597202,46.428601163331955,0.027137967581320144,0.060635093944800114,-0.22741235371750304,-0.0850553107381033,-0.29112403221569944,0.36298024311623156,0.04646051919603843,-0.17599678034153515,-0.44554962545127,-0.20507993326447516,-0.060635093944800114,0.0850553107381033,9,-0.10125574954276774,0,-0.10125574954276774,DANONE SA,Productos básicos de consumo,Francia
AAL.L,,-0.02674,65.506,0.175,-0.02841677943166443,0.06279705109783018,0.5643636782989518,47.67956082474082,0.0732937929835058,,-0.8730013272464364,-0.13034865254248204,0.3126479186299549,-0.5204594710489606,-0.03381515865957982,0.7631071545471876,-0.3551085705286955,0.11325877256932099,,0.13034865254248204,8,-0.057877753649340856,1,-0.10787775364934085,ANGLO AMERICAN PLC,Materials,Reino Unido
RHM.DE,43.88889,0.21796,35.86,0.077,-0.28280979275193907,-0.4364218753195447,-0.43214031109860696,42.08422815933465,-0.3298443664884413,0.9965233618284137,0.29571669309995613,-0.1872793067921476,-0.01607236571934578,-2.4803422475505075,-1.9503202893244276,-1.2862615547069025,-0.7596362339804092,-2.667202390030558,-0.9965233618284137,0.1872793067921476,9,-1.074818049249829,0,-1.074818049249829,RHEINMETALL AG,Industriales,Alemania
ASM.AS,44.83855,0.24936001,1.679,0.028,0.0637780963732637,0.27020947441229604,1.1235663607216426,38.913365027002754,0.2719722752818614,1.0444397609740221,0.4456870957401561,-0.252918741889895,-0.18043250789399615,0.18982398687090016,0.7624426601264513,1.91314016162109,-0.9888812013043122,1.483552779463764,-1.0444397609740221,0.252918741889895,9,0.31486799505999175,0,0.31486799505999175,ASM INTERNATIONAL NV,Tecnología de la Información,Holanda
STAN.L,13.506411,0.10107,,0.086,0.07724975533744094,0.02655236631568969,0.3950465109738317,45.15965555451523,0.061896648257333986,-0.5364663300582336,-0.26256466937773015,,0.01411623182293692,0.2936117129180501,-0.17295877014643143,0.4148965017575117,-0.5372910165137939,0.034652176961603755,0.5364663300582336,,8,0.040116062185047575,1,-0.009883937814952427,STANDARD CHARTERED PLC,Financieros,Reino Unido
G.MI,15.732342,0.13688,113.746,,0.17272925569715802,0.30859205779582366,0.40072895314113643,50.0,0.20414664842302233,-0.42415392533803503,-0.09153159905241617,-0.03771103664138689,,1.0292004219852773,0.9097936800699569,0.4265827762669199,-0.18734699246329564,1.0157565243114002,0.42415392533803503,0.03771103664138689,8,0.445539971637158,1,0.39553997163715804,ASSICURAZIONI GENERALI,Financieros,Italia
DSV.CO,54.80801,0.061539996,77.163,0.689,-0.07506623491315867,-0.09520507548926238,0.03779178043794462,47.47728695127095,0.004533230219640805,1.5474625529481814,-0.4513649473473459,-0.10796314904830571,2.036752267155879,-0.8798540280694841,-0.6403864848575612,-0.319818736498455,-0.36973243336315925,-0.36098577558723216,-1.5474625529481814,0.10796314904830571,9,-0.2694321713852482,0,-0.2694321713852482,DSV,Industriales,Dinamarca
LONN.SW,43.384617,0.10476,58.737,,0.11726991496666561,0.05026665792291607,0.0016227072105785556,51.863372285879464,0.08270554408310504,0.971079575266535,-0.24494076461647882,-0.14334749213689568,,0.6019331583321678,-0.08191943022898977,-0.39420255001403937,-0.052630134320459765,0.17817202324936088,-0.971079575266535,0.14334749213689568,8,-0.10266497259100979,1,-0.1526649725910098,LONZA GROUP AG,Cuidado de la Salud,Suiza
HOLN.SW,106.28572,0.02089,57.488,-0.036,0.058227533942409204,-0.011606103924640232,0.2054272043221177,54.993520947945434,0.04122163011553326,4.144841087857402,-0.6455144481736997,-0.14574600752372127,-0.3951069793057843,0.14706160292746775,-0.31944941808467225,0.024933312591145635,0.17367128513770547,-0.10794430920240347,-3,0.14574600752372127,9,-0.44184477184294657,0,-0.44184477184294657,HOLCIM LTD AG,Materials,Suiza
ATCO A.ST,,,,,0.0461450455292709,-0.014948984617472738,0.2975392760922635,43.34631817039458,0.03858611548010793,,,,,0.05397625978411503,-0.33228276165397763,0.21436717300592087,-0.6683904843940867,-0.12612156658945475,,,5,-0.17169027596949663,4,-0.37169027596949666,ATLAS COPCO CLASS A,Industriales,Suecia
CABK.MC,15.9382715,0.1602,,0.027,0.2345914847501418,0.25856002494155006,0.7306122271703497,60.99476727348979,0.24668361247622284,-0.4137634696824786,0.019847658137930716,,-0.18378679650980534,1.5057965189240516,0.7177203379173779,1.1050070140970893,0.6075454261481249,1.3091357883328238,0.4137634696824786,,8,0.6868786770912589,1,0.6368786770912589,CAIXABANK SA,Financieros,España
EOAN.DE,14.706107,0.15358,150.024,-0.134,0.018607144678735477,0.16155369991101054,0.24232892321252453,70.1613043812649,0.10837514005202098,-0.47593402124308914,-0.011770295661387372,0.031955369446090946,-0.7238272636550852,-0.15817995030025322,0.34531234256718335,0.10082385474282324,1.2702616683972388,0.3552163267325388,0.47593402124308914,-0.031955369446090946,9,0.18020170384667294,0,0.18020170384667294,E.ON N,Servicios,Alemania
ENI.MI,21.87,0.059109997,67.357,-0.126,-0.04765025901740283,0.3574734578443657,0.6324534477510604,71.77912215214319,0.14250688462494887,-0.11446996418642465,-0.4629709286335074,-0.12679408730548106,-0.6969929547286117,-0.6686371465294788,1.0974497344175214,0.9031377459147509,1.3872255884855447,0.5906244317879201,0.11446996418642465,0.12679408730548106,9,0.26567783580067167,0,0.26567783580067167,ENI,Energía,Italia
SREN.SW,10.448769,0.19461,30.526,-0.02,-0.013123358979387878,0.11560924420701002,-0.02194232586749012,55.03212509181398,0.03905194657984179,-0.6907438551897304,0.18419415213106258,-0.19752244616230602,-0.34143836145283735,-0.4026366151968714,0.16893123916185337,-0.4426654181375554,0.17646226202014315,-0.1229087095311258,0.6907438551897304,0.19752244616230602,9,0.01202276114963396,0,0.01202276114963396,SWISS RE AG,Financieros,Suiza
BAS.DE,28.21345,0.044109996,66.724,-0.03,-0.07259201713566432,0.0813114941953712,0.11783580825495665,60.892617023609525,0.043797815668797924,0.20559751486945993,-0.5346128226830126,-0.12800966796189467,-0.3749812476109292,-0.8607922749806911,0.037261924580196934,-0.15520351396430393,0.6001602348867446,-0.09017624703759684,-0.20559751486945993,0.12800966796189467,9,-0.16177019930190636,0,-0.16177019930190636,BASF N,Materials,Alemania
DGE.L,19.115854,0.19716999,177.377,-0.04,0.008032708528335597,-0.1158200297469324,-0.25030307480014613,49.41751057250559,-0.08610644138320056,-0.2534341819499207,0.19642098680579304,0.08448266438271318,-0.40852413376902114,-0.23964702760670506,-0.7195274458919878,-0.9123026481574206,-0.22945942816286896,-0.9861314750482247,0.2534341819499207,-0.08448266438271318,9,-0.34780218380702527,0,-0.34780218380702527,DIAGEO PLC,Productos básicos de consumo,Reino Unido
RACE.MI,36.19154,0.41968,72.246,0.032,0.06342976462102268,0.14021981915747905,-0.23141723068122877,44.00766597419317,0.04056055980036577,0.6081429994213934,1.2591568200483596,-0.11740550305713003,-0.16701535343075938,0.18714038564767668,0.2634114174268738,-0.8734628056711318,-0.6205767979168509,-0.11250373949666906,-0.6081429994213934,0.11740550305713003,9,-0.061620841084084915,0,-0.061620841084084915,FERRARI NV,Consumo discrecional,Italia
PRY.MI,27.74468,0.22695999,76.23,0.101,0.06285711794483428,0.3575908453485164,1.0840551210069904,36.33473518078919,0.1939176636112856,0.1819450809167957,0.3387017789027242,-0.10975483428121867,0.06443056106007483,0.18272862785985758,1.0979003859094334,1.8318829873432445,-1.1753092778769327,0.9452067776957188,-0.1819450809167957,0.10975483428121867,9,0.35703906602872704,0,0.35703906602872704,PRYSMIAN,Industriales,Italia
STMMI.MI,,0.00908,15.316,0.23,0.3371262630065095,1.3319894681293296,1.05363857746829,39.10122148810354,0.6092711507937563,,-0.701920495661607,-0.22673094819082296,0.49713379249946055,2.295740170576393,3.0,1.7693295874220236,-0.9752996790217775,3.0,,0.22673094819082296,8,1.1389642905006645,1,1.0889642905006645,STMICROELECTRONICS NV,Tecnología de la Información,Francia
RKT.L,10.09816,0.44175997,109.562,,-0.012570710245128902,-0.2477054066528671,-0.18911176783057904,38.63217201892033,-0.15592017457544316,-0.7084343136570163,1.3646135377749953,-0.04574577513496446,,-0.39837892461963087,-1.2258363779547328,-0.7864591481654077,-1.009210707580466,-1.4676397847835336,0.7084343136570163,0.04574577513496446,8,-0.34609141456709935,1,-0.39609141456709934,RECKITT BENCKISER GROUP PLC,Productos básicos de consumo,Reino Unido
SGO.PA,12.795847,0.11723,72.038,-0.021,-0.018988377720749683,-0.09721015935109445,-0.2507242260065494,36.07428236648814,-0.05882089860477435,-0.5723188122544937,-0.18538247400054292,-0.11780493556350291,-0.3447926500686465,-0.44782161876684823,-0.6480840165521062,-0.9131687702336496,-1.1941393233289268,-0.7979419171675078,0.5723188122544937,0.11780493556350291,9,-0.4268007802555813,0,-0.4268007802555813,COMPAGNIE DE SAINT GOBAIN SA,Industriales,Francia
HLN.L,19.400002,0.10273,52.372,0.006,-0.031250016109362844,-0.0938764426755434,-0.05836719729956796,46.03290811672453,-0.05044963865953489,-0.2390971044859583,-0.2546363002981428,-0.1555705109016235,-0.25422685744179835,-0.5422871607873684,-0.635285853712553,-0.5175752956149475,-0.474157179847068,-0.740204978569945,0.2390971044859583,0.1555705109016235,9,-0.33596733454269345,0,-0.33596733454269345,HALEON PLC,Cuidado de la Salud,Reino Unido
LR.PA,28.24074,0.16858,85.084,0.114,-0.07352919364593857,0.11139590226929563,0.11897455795402223,33.041557373108176,-0.007471588108887817,0.20697446928755012,0.05987159361199189,-0.09275206788013458,0.1080363130655943,-0.8680124264976508,0.15275618847051814,-0.15286160863751405,-1.4133972707694042,-0.44378352207261235,-0.20697446928755012,0.09275206788013458,9,-0.29684590380405473,0,-0.29684590380405473,LEGRAND SA,Industriales,Francia
SAND.ST,25.849478,0.17908001,42.909,0.237,-0.10238185221164209,0.0968095489195906,0.48568676792502363,31.760286714492054,0.021534048134065342,0.08632006196942957,0.11002096386461686,-0.17374276959300128,0.5206138128101248,-1.0902977315897753,0.0967590706668788,0.6013034889556487,-1.5060297301375005,-0.2437304058514405,-0.08632006196942957,0.17374276959300128,9,-0.15821531373976394,0,-0.15821531373976394,SANDVIK,Industriales,Suecia
RWE.DE,17.85276,0.06825,57.294,-0.328,-0.022325268319374203,0.1549140144251968,0.6099751324638942,60.62992066856325,0.14218803174123207,-0.31716532389801094,-0.41931712310788377,-0.14611855514985753,-1.3745592551220682,-0.47352953552901395,0.3198225411470262,0.8569097764571316,0.5811679874085625,0.5884252897842983,0.31716532389801094,0.14611855514985753,9,0.0602448400095468,0,0.0602448400095468,RWE AG,Servicios,Alemania
TSCO.L,17.711111,0.15459,131.623,0.072,-0.02047675503426505,0.16348016561551493,0.12205738768586638,52.57812140023938,0.05111663355818896,-0.3243124186714839,-0.006946408450313121,-0.003380964927790749,-0.03284380879839175,-0.45928830577849944,0.35270805857744886,-0.146521589073499,-0.0009556751817177457,-0.03969804640224107,0.3243124186714839,0.003380964927790749,9,-0.0006502657231042896,0,-0.0006502657231042896,TESCO PLC,Productos básicos de consumo,Reino Unido
SSE.L,23.333334,0.097040005,62.01,-0.021,-0.006072106261859611,0.12790697674418605,0.41351956214908414,53.65504576569388,0.11295078836781647,-0.04063543811673644,-0.2818124330818816,-0.1370621912072878,-0.3447926500686465,-0.3483126832088305,0.21614232483158452,0.45288741142351224,0.07690309092256761,0.3867747692586679,0.04063543811673644,0.1370621912072878,9,0.037276384377888654,0,0.037276384377888654,SSE PLC,Servicios,Reino Unido
EBS.VI,13.570596,0.12521,,0.289,0.156999969482422,0.07324589752301858,0.5427465065482417,50.19762535949363,0.1614515867812094,-0.533227787759768,-0.14726898890710527,,0.6950368208322026,0.9080195894750968,0.006298039626216682,0.7186501771142528,-0.1730592048203854,0.721286854445952,0.533227787759768,,8,0.40777388444074975,1,0.35777388444074976,ERSTE GROUP BANK AG,Financieros,Austria
GALD.SW,83.73206,0.07692,33.796,0.248,0.15482431772614724,0.14618944459668048,0.4250924108561758,43.967250682433466,0.1253327394624364,3.0068652072745112,-0.37790811110787065,-0.19124290627846313,0.5575109875840258,0.8912580347879798,0.2863288533992667,0.47668765133181756,-0.6234987159726537,0.47217361659402524,-3,0.19124290627846313,9,-0.12513386412277175,0,-0.12513386412277175,GALDERMA GROUP N AG,Cuidado de la Salud,Suiza
MBG.DE,8.8222,0.05282,104.519,-0.049,-0.1103203169049457,-0.181100547472681,-0.10716572527798895,57.638884875107166,-0.12552839132155857,-0.7728146272996155,-0.4930127465404332,-0.055430093065918486,-0.43871273131130384,-1.1514568806607588,-0.97013983363078,-0.6179323211368377,0.3649240581944982,-1.258026353223826,0.7728146272996155,0.055430093065918486,9,-0.4151235653271008,0,-0.4151235653271008,MERCEDES-BENZ GROUP N AG,Consumo discrecional,Alemania
ADS.DE,23.268482,0.22917,93.747,0.071,0.3282327769124076,0.20320734779190075,-0.08262585874401895,48.370501467514465,0.14146967033764102,-0.0439076348159668,0.34925706501692827,-0.07611608805942174,-0.03619809741420094,2.2272233902159897,0.5052210031773205,-0.5674646510230498,-0.30515540053522566,0.5834707203979324,0.0439076348159668,0.07611608805942174,9,0.31959752807900926,0,0.31959752807900926,ADIDAS N AG,Consumo discrecional,Alemania
PRU.L,9.206897,0.20577998,28.254,0.188,-0.023080337328007072,-0.042504704211640876,0.1779813186006225,53.434994969678534,0.012591464136696429,-0.7534042119908543,0.23754338348745324,-0.2018854781549944,0.3562536706354744,-0.4793467029337908,-0.43806937187001826,-0.03151075586602142,0.0609940038895244,-0.305407790920967,0.7534042119908543,0.2018854781549944,9,0.03952734739638926,0,0.03952734739638926,PRUDENTIAL PLC,Financieros,Reino Unido
ORA.PA,147.13635,0.03212,138.079,,-0.0764917546692665,0.10796276532630489,0.27006764587435783,58.37005543500408,0.03130694127899214,6.206015710806222,-0.5918785537376965,0.009016805558475253,,-0.8908364508219558,0.13957635049294945,0.15787015948687705,0.4177857441508077,-0.17632634300782268,-3,-0.009016805558475253,8,-0.49410323737441453,1,-0.5441032373744146,ORANGE SA,Comunicación,Francia
DANSKE.CO,12.572414,0.13951999,,0.08,0.007857255295931731,0.1137531800119922,0.38727598354376647,44.446184531484946,0.07437459363662424,-0.5835924310341629,-0.07892267430156091,,-0.006009499871918198,-0.24099874620849285,0.16180579506436538,0.3989159578369563,-0.5888730730501937,0.12071310099222367,0.5835924310341629,,8,0.04377791143694283,1,-0.006222088563057171,DANSKE BANK,Financieros,Dinamarca
AD.AS,14.138889,0.14973,131.305,-0.043,-0.13999034888984563,0.09916605909434106,0.05725984841930809,53.69368774920081,-0.026233101024817018,-0.5045537842009623,-0.030158380574887997,-0.003991635778880027,-0.4185869996164487,-1.3800393558887487,0.10580573056173492,-0.27978151660256895,0.0796968035101757,-0.5731824806893968,0.5045537842009623,0.003991635778880027,9,-0.22085564214669978,0,-0.22085564214669978,KONINKLIJKE AHOLD DELHAIZE NV,Productos básicos de consumo,Holanda
SDZ.SW,39.37278,0.104169995,60.725,0.107,0.0347286490506904,0.10269645378466707,0.5034761164533601,31.93030002712922,0.09753890468604132,0.768656831338054,-0.2477587028085282,-0.13952983914329334,0.08455629275492994,-0.033977408974521485,0.11935894174673108,0.6378883241593977,-1.4937382200112108,0.2804783470201659,-0.768656831338054,0.13952983914329334,9,-0.14247993536753295,0,-0.14247993536753295,SANDOZ GROUP AG,Cuidado de la Salud,Suiza
SWED A.ST,,,,,0.08914607104094818,0.0783221191399559,0.45469063616892913,46.719991535462015,0.12562664183366423,,,,,0.38526275296361623,0.0257856917532487,0.5375581319829587,-0.4244828768879758,0.4742006738437418,,,5,0.1996648747311179,4,-0.0003351252688821027,SWEDBANK,Financieros,Suecia
ALC.SW,41.34815,0.037100002,23.774,0.094,-0.09328815033543536,-0.10343684376886864,-0.19530622090902738,60.16096950122249,-0.05868079900216361,0.8683268367929124,-0.5680934369466827,-0.210488639830718,0.04095054074941047,-1.0202384581482553,-0.6719883038341113,-0.7991984030454502,0.5472640658115181,-0.796975644204251,-0.8683268367929124,0.210488639830718,9,-0.43623531517555736,0,-0.43623531517555736,ALCON AG,Cuidado de la Salud,Suiza
SEB A.ST,,,,,0.06946001480737607,0.02709028545657044,0.17271361371924954,40.87788458191365,0.05130976893377337,,,,,0.23359835760207917,-0.17089369460777112,-0.04234409890160447,-0.8468516647467005,-0.038365983439905806,,,5,-0.17297141681878053,4,-0.37297141681878054,SKANDINAVISKA ENSKILDA BANKEN,Financieros,Suecia
III.L,4.643785,0.19077998,4.083,-0.334,-0.02435781348266175,-0.2205837937012991,-0.38132517808421973,49.103686625865706,-0.16043607459755993,-0.9836422929231001,0.16590149421407396,-0.2483022238835469,-1.3946849868169233,-0.4891885750835854,-1.1217163063328304,-1.1817572630389612,-0.2521480644711827,-1.4987861407676124,0.9836422929231001,0.2483022238835469,9,-0.504492813943375,0,-0.504492813943375,3I GROUP PLC,Financieros,Reino Unido
ASSA B.ST,,,,,0.004712830938190304,-0.12785148053550388,0.07941517942248044,48.13600761532983,-0.022198155041655676,,,,,-0.265223873543223,-0.7657162739701141,-0.23421778320646092,-0.3221086820987189,-0.5453532853235605,,,5,-0.42652397962841543,4,-0.6265239796284154,ASSA ABLOY B,Industriales,Suecia
UCB.BR,30.411469,0.14912,20.659,0.266,-0.010031680237083007,-0.05821085735969067,0.3686735994847792,35.50187629100478,-0.023431761058531952,0.31650158130758677,-0.033071817405338745,-0.21647052568336958,0.6178881826685914,-0.37881784817007913,-0.49836540933651285,0.360659067534828,-1.235522759508238,-0.5538615188888643,-0.31650158130758677,0.21647052568336958,9,-0.20234701763664786,0,-0.20234701763664786,UCB SA,Cuidado de la Salud,Bélgica
SLHN.SW,21.697721,0.16584,198.556,0.011,0.040650407600905325,0.1438914202956838,0.19860172220039884,81.11881993158114,0.110101311925773,-0.12316253766367577,0.04678500850472119,0.12515372713497883,-0.23745541436275241,0.011644726781838286,0.2775067212039611,0.010896309594017344,2.0624608865439016,0.36712180812191275,0.12316253766367577,-0.12515372713497883,9,0.2818854285462552,0,0.2818854285462552,SWISS LIFE HOLDING AG,Financieros,Suiza
EXPN.L,21.774193,0.28258,100.322,0.123,-0.004011701166109383,-0.09838237483693113,-0.3266455030532315,51.5240499328753,-0.06871750909222862,-0.11930403791064527,0.6043499520896738,-0.06348979609114437,0.138224910607877,-0.33243900646326296,-0.6525841604248017,-1.0693053147949454,-0.07716223756185799,-0.8661992638245168,0.11930403791064527,0.06348979609114437,9,-0.23025792070778273,0,-0.23025792070778273,EXPERIAN PLC,Industriales,Reino Unido
SIKA.SW,24.0,0.15245,83.131,-0.079,0.024326080208859846,0.09606410227646855,-0.21255740968518455,31.578972500784644,0.028311566057637183,-0.006997889780693735,-0.017167317986648566,-0.09650250867314535,-0.5393413897855796,-0.11412039418617734,0.0938972955205859,-0.8346764812583286,-1.5191382653413352,-0.1969855742780667,0.006997889780693735,0.09650250867314535,9,-0.33600352542907896,0,-0.33600352542907896,SIKA AG,Materials,Suiza
GIVN.SW,29.187267,0.2342,96.673,-0.018,0.18067226890756305,0.10956241503078723,-0.08134582317573635,42.61603375527426,0.10251405922723977,0.2547327886166737,0.37328097855326803,-0.07049714808996477,-0.33472978422121896,1.0903946135293592,0.1457174174751411,-0.5648321830467232,-0.7211881044409335,0.31479220110397244,-0.2547327886166737,0.07049714808996477,9,0.013244388714017365,0,0.013244388714017365,GIVAUDAN SA,Materials,Suiza
FER.MC,49.34513,0.14317,140.013,0.057,-0.060618545295324844,-0.01808294185768211,0.2564618453939824,26.567158060629794,-0.01858069281831587,1.2718254422300685,-0.061489766817112546,0.012730759728307712,-0.08315813803552959,-0.7685468122278923,-0.3443140465518662,0.12988903541160604,-1.8814791137531122,-0.5204034933407242,-1.2718254422300685,-0.012730759728307712,9,-0.5348953930303342,0,-0.5348953930303342,FERROVIAL NV,Industriales,España
ADYEN.AS,24.42989,0.22329001,4.775,0.169,-0.11852567234758438,-0.4267645088798262,-0.47389686154335653,42.35231969034311,-0.26340881081251877,0.014692800391268574,0.32117349218302316,-0.2469733426604217,0.29252218693509985,-1.2146721969825736,-1.9132455885248087,-1.372136341760785,-0.7402539296358343,-2.2089935153990843,-0.014692800391268574,0.2469733426604217,9,-0.7337028167684233,0,-0.7337028167684233,ADYEN NV,Financieros,Holanda
EQNR.OL,16.466335,0.12361,72.996,-0.053,0.06748988779011844,0.5074337060869758,0.4483822741864367,81.6685965762245,0.2522256226664119,-0.3871193007796848,-0.154910790429599,-0.11596524161588166,-0.45212988577454066,0.21842019701406643,1.6731482304966832,0.5245846167826996,2.102208275086663,1.3473592701206494,0.3871193007796848,0.11596524161588166,9,0.6401960506324653,0,0.6401960506324653,EQUINOR,Energía,Noruega
REP.MC,11.635513,0.09488,49.173,0.084,0.21659777995687612,0.630147825803355,0.9403378582399151,84.66555662206905,0.3350417666522054,-0.6308650573171695,-0.2921288890178779,-0.16171370603569488,0.007407654591318578,1.3671702585189507,2.1442486387469017,1.536320034833088,2.3188805119849545,1.9185457643250063,0.6308650573171695,0.16171370603569488,9,1.0881136374816895,0,1.0881136374816895,REPSOL SA,Energía,España
KBC.BR,14.063218,0.13389,,0.064,0.10930119032390784,0.08700129573875137,0.41638774978147053,57.458576810095046,0.12606389339976043,-0.5083718683992515,-0.1058122156475764,,-0.059678117724865254,0.5405408819713307,0.05910511455820683,0.458786006962137,0.3518882648641372,0.4772164166337792,0.5083718683992515,,8,0.2788022775020501,1,0.22880227750205012,KBC GROEP,Financieros,Bélgica
MT.AS,17.271643,0.054330003,23.917,0.045,0.11982870805379808,0.2544253243990957,1.0471844026705628,65.8965793637138,0.24627751515040286,-0.34648637998366116,-0.4858007820252018,-0.21021402998258665,-0.12340960142523989,0.6216464925729492,0.7018471921209154,1.7560561996431,0.9619333973580078,1.3063349176731047,0.34648637998366116,0.21021402998258665,9,0.5883675806537647,0,0.5883675806537647,ARCELORMITTAL SA,Materials,Francia
ERIC B.ST,,,,,0.06694916547355012,0.2795791848888063,0.8153679329128709,63.82869982014286,0.26426374774132855,,,,,0.21425438938719554,0.7984130475673773,1.279312077727069,0.8124312086441532,1.4303867346632477,,,5,0.9069594915978085,4,0.7069594915978086,ERICSSON B,Tecnología de la Información,Suecia
BMPS.MI,8.214493,0.13343,,0.959,0.3711043121408162,0.39470717396410193,0.7847302912292382,64.74360502684658,0.3900052402220182,-0.8034773183422839,-0.10800923358529343,,2.9424101934243607,2.557512270400581,1.2403902444845079,1.216303976545523,0.8785764206770105,2.297631197027846,0.8034773183422839,,8,1.4785365484146022,1,1.4285365484146022,BANCA MONTE DEI PASCHI DI SIENA SP,Financieros,Italia
VOD.L,,0.0010899999,100.153,,0.02063620501589969,0.1407975783851776,0.3957823599154686,57.78417399621165,0.13605681375355072,,-0.7400817424921728,-0.06381433500257233,,-0.14254775838040687,0.2656294393518828,0.41640981812329975,0.3754280750599696,0.5461380165663234,,0.06381433500257233,7,0.11211288331878118,2,0.012112883318781173,VODAFONE GROUP PLC,Comunicación,Reino Unido
VIE.PA,21.517647,0.1216,222.535,,0.07242948570092,0.27467346609530496,0.24354334533724198,57.391300886470496,0.15940366006664553,-0.13224841856815356,-0.1645108035922318,0.17120176593457168,,0.2564756166259047,0.7795799570336986,0.10332138483673327,0.3470243945962164,0.7071622161305064,0.13224841856815356,-0.17120176593457168,8,0.2487624272830512,1,0.1987624272830512,VEOLIA ENVIRON. SA,Servicios,Francia
ACS.MC,31.44,0.24611999,257.434,0.047,-0.034337549926141464,0.25744171042268693,0.9906008853590631,33.68420545413808,0.16485094351981644,0.36839752504495815,0.43021235213458725,0.2382200113187409,-0.11670102419362151,-0.5660739946724334,0.713427120253378,1.6396888884516725,-1.3669355244914672,0.7447323635535481,-0.36839752504495815,-0.2382200113187409,9,0.0968591827413294,0,0.0968591827413294,ACS ACTIVIDADES DE CONSTRUCCION Y,Industriales,España
IMB.L,13.112676,0.37151,243.803,0.049,0.017154132345130524,-0.06850287458984039,-0.027424525934639954,51.18978217088556,-0.06398192013084159,-0.5563327700658113,1.0290908329617812,0.2120437397111988,-0.10999244696200312,-0.16937418008474595,-0.5378765391889536,-0.4539398830619555,-0.10132890732234641,-0.8335377038113928,0.5563327700658113,-0.2120437397111988,9,-0.09251886634611152,0,-0.09251886634611152,IMPERIAL BRANDS PLC,Productos básicos de consumo,Reino Unido
ABN.AS,15.035433,0.08442,,0.036,0.3397353183048617,0.2792312081485202,0.6256242844811783,61.63637914735325,0.2899244480084038,-0.45931742576152024,-0.34208716647118104,,-0.1535981989675226,2.3158407325982866,0.7970771623017758,0.8890931724212272,0.6539322574051045,1.6073696841096,0.45931742576152024,,8,0.7783681336448514,1,0.7283681336448513,ABN AMRO BANK NV,Financieros,Holanda
SAMPO.HE,15.704918,0.21256,29.555,-0.078,0.07145879489127038,0.013689415421254125,0.0535596145609023,65.58560447179669,0.03905937320749109,-0.42553764091010204,0.26992561296153966,-0.19938710464157555,-0.5359871011697704,0.24899726580836273,-0.2223397332473083,-0.2873912638459531,0.939450740125286,-0.12285748776195611,0.42553764091010204,0.19938710464157555,9,0.10163586426909754,0,0.10163586426909754,SAMPO CLASS A,Financieros,Finlandia
ML.PA,3.4238284,,,,0.1444344925518808,0.1721694636891955,0.18311023271578608,61.69355800075832,0.18513141592526194,-1.0451968781282468,,,,0.811213228745014,0.38606633779894234,-0.020962844154777414,0.658066136362795,0.8846076508654248,1.0451968781282468,,6,0.6273645646242741,3,0.4773645646242741,MICHELIN,Consumo discrecional,Francia
VWS.CO,28.079935,0.23198,100.612,0.144,-0.01044659196594655,0.04760505312405505,0.5777079753590884,51.13729384875311,0.1301477557280064,0.19886083223364703,0.3626779789408079,-0.06293289500052834,0.20866497153987,-0.3820143917408114,-0.09213735063001763,0.7905504815513956,-0.10512367334975622,0.5053829901280029,-0.19886083223364703,0.06293289500052834,9,0.12800811880070803,0,0.12800811880070803,VESTAS WIND SYSTEMS,Industriales,Dinamarca
AV..L,,,,,-0.03826530537770123,-0.048181092001635784,-0.09914942300538543,67.85011028708787,-0.055327614443483775,,,,,-0.5963340248491683,-0.4598610663501134,-0.6014463268847445,1.1031684850944432,-0.7738485866003487,,,5,-0.26566430391798634,4,-0.46566430391798636,AVIVA PLC,Financieros,Reino Unido
DTG.DE,27.5414,0.05414,133.29,-0.133,0.02976905705088506,0.07463758656553243,0.019073751503036362,58.08001708984373,0.11308589386673407,0.1716883094213981,-0.48670826028437586,-0.00017974383104270221,-0.720472975039276,-0.07218686611340847,0.01164074409739681,-0.35831345724844865,0.3968167435399025,0.3877065976747278,-0.1716883094213981,0.00017974383104270221,9,-0.1125584487737597,0,-0.1125584487737597,DAIMLER TRUCK HOLDING E AG,Industriales,Alemania
DNB.OL,10.729053,0.1507,,0.008,0.01894591881251606,0.1291911992562751,0.2152457532326597,57.738028199715906,0.08586543749524145,-0.6766017411508872,-0.025525538401876147,,-0.24751828021018,-0.15556998243496092,0.22107246450196277,0.04512573241247558,0.3720918567596791,0.19996594353194794,0.6766017411508872,,8,0.13578049216374194,1,0.08578049216374194,DNB BANK,Financieros,Noruega
EQT.ST,31.82002,0.13895,34.006,0.265,-0.01365066110750035,-0.11192666397112239,-0.04461352768002469,70.20461221398057,0.017024599105768035,0.38757195589738336,-0.0816450183326899,-0.19083963307491358,0.6145338940527821,-0.4066990316343824,-0.7045807860398803,-0.48929007001063174,1.2733927094675834,-0.2748322690546854,-0.38757195589738336,0.19083963307491358,9,-0.02953921048604154,0,-0.02953921048604154,EQT,Financieros,Suecia
RYA.IR,13.994413,0.22408001,1.919,0.011,0.04107290516208795,-0.1443334631399137,0.007180249441822273,33.07209422186719,-0.054817238646236666,-0.5118435191407944,0.3249466316847544,-0.2524578582286955,-0.23745541436275241,0.014899712767767232,-0.8289907264264118,-0.38277313952472,-1.4111895378576444,-0.7703285028542818,0.5118435191407944,0.2524578582286955,9,-0.28073217768931097,0,-0.28073217768931097,RYANAIR HOLDINGS PLC,Industriales,Irlanda
PKO.WA,12.675203,0.18629,,0.003,0.1063915577857033,0.2466224160600594,0.4479665275057063,61.407249553663995,0.20965610926945177,-0.5784060709139326,0.14445678421409494,,-0.2642897232892259,0.5181246268110674,0.6718917696108162,0.5237296094294623,0.6373667974574201,1.0537555118803943,0.5784060709139326,,8,0.48293018087849526,1,0.4329301808784953,POWSZECHNA KASA OSZCZEDNOSCI BANK,Financieros,Polonia
AMS.MC,16.045902,0.25956,69.85,0.031,0.0019580798233309604,-0.13315502361767362,-0.29944353156479697,37.97071701534302,-0.10978596152207609,-0.40833282503256024,0.49440353268479453,-0.12200665827477149,-0.17036964204656857,-0.28644689847262256,-0.7860766148743018,-1.0133628702171553,-1.057032144316462,-1.149450140245749,0.40833282503256024,0.12200665827477149,9,-0.38199947713119253,0,-0.38199947713119253,AMADEUS IT GROUP SA,Consumo discrecional,España
HEI.DE,15.277281,0.11068,43.452,-0.009,-0.06482330959827798,-0.2673731072721657,-0.12517236860842473,58.15084363239183,-0.11150055386928037,-0.44711465287378444,-0.21666609898325184,-0.17270002030953746,-0.3045411866789362,-0.8009409610649572,-1.3013408253036545,-0.6549640358040348,0.40193731410838507,-1.161275757144276,0.44711465287378444,0.17270002030953746,9,-0.37977520863193376,0,-0.37977520863193376,HEIDELBERG MATERIALS AG,Materials,Alemania
A5G.IR,11.704301,0.14204,,-0.111,0.11895369828947411,0.23934143140486075,0.6988911925898149,72.35772231651268,0.20154895854523147,-0.627394264333967,-0.06688678914237374,,-0.6466786254914737,0.6149052831977916,0.6439400159621296,1.0397708520885298,1.429056840809874,0.997840145898756,0.627394264333967,,8,0.57991774845715,1,0.52991774845715,AIB GROUP PLC,Financieros,Irlanda
HEIA.AS,22.757395,0.0994,93.524,-0.028,0.14018966529142363,0.1318034516330866,0.001312620017355881,62.62833482553044,0.10016919191772211,-0.0696952311031977,-0.270540799716833,-0.0765443257946196,-0.36827267037931083,0.7785104287411461,0.23110092059171664,-0.3948402624544232,0.7256480135068997,0.29861955077956764,0.0696952311031977,0.0765443257946196,9,0.1273849708851756,0,0.1273849708851756,HEINEKEN NV,Productos básicos de consumo,Holanda
HO.PA,27.687576,0.21103,76.737,0.071,-0.06154747167695074,-0.09402370005920313,-0.047261733088938884,44.49649029959041,-0.06115121304807147,0.17906382019526296,0.26261814025565494,-0.10878121754693479,-0.03619809741420094,-0.775703403488889,-0.6358511758916167,-0.49473625924665,-0.5852360998715184,-0.814014195749918,-0.17906382019526296,0.10878121754693479,9,-0.34993374378394065,0,-0.34993374378394065,THALES SA,Industriales,Francia
PUB.PA,13.4143305,0.16179001,51.925,0.03,0.16184584682007763,0.03933558546076066,0.08338786594421665,55.10203854661848,0.09406568622516032,-0.5411123781086171,0.02744174616216844,-0.15642890672060752,-0.17372393066237776,0.9453529714227901,-0.1238838978178551,-0.22604772113350963,0.18151681877433895,0.2565234104486589,0.5411123781086171,0.15642890672060752,9,0.17608007578038204,0,0.17608007578038204,PUBLICIS GROUPE SA,Comunicación,Francia
IHG.L,32.006172,,,0.027,-0.006849315068493178,0.06548215973980076,0.25537808562874065,41.54002586772772,0.02787530477811817,0.3969645106367146,,,-0.18378679650980534,-0.35430041901173454,-0.02350700683196507,0.12766022009840514,-0.7989806116310701,-0.19999448701914188,-0.3969645106367146,,7,-0.2614105159345752,2,-0.3614105159345752,INTERCONTINENTAL HOTELS GROUP PLC,Consumo discrecional,Reino Unido
BPE.MI,13.157693,0.13133,,0.241,0.18716510362715555,0.21432896782557398,0.8896794995242232,50.482319056566595,0.21407786315007615,-0.5540613755242513,-0.11803909808356648,,0.5340309672733615,1.1404164076482877,0.5479169842948703,1.4321381586753503,-0.1524766080449714,1.0842525378919121,0.5540613755242513,,8,0.6277875906474369,1,0.5777875906474369,BPER BANCA,Financieros,Italia
VACN.SW,98.23282,0.27702,31.303,0.047,0.2122452003907329,0.39708263759960105,1.0551317790395291,47.27104830556874,0.4044791870502873,3.7385209620442987,0.5777946917990078,-0.19603033530917272,-0.11670102419362151,1.3336373182321948,1.2495096668545957,1.772400443744994,-0.3846429386804161,2.3974586285918833,-3,0.19603033530917272,9,0.44727634685086787,0,0.44727634685086787,VAT GROUP AG,Industriales,Suiza
UMG.AS,22.289158,0.33776,74.584,0.05,-0.06519258725559307,-0.10739809332651284,-0.3262360519735247,39.17321785126152,-0.08181132257033485,-0.09332077180907379,0.8678965820966781,-0.11291572805761177,-0.10663815834619393,-0.8037859327521611,-0.6871955700240191,-1.0684632547132504,-0.9700945335359006,-0.9565078565260585,0.09332077180907379,0.11291572805761177,9,-0.3909502471038022,0,-0.3909502471038022,UNIVERSAL MUSIC GROUP NV,Comunicación,Holanda
NXT.L,20.067114,0.50808996,101.646,0.153,-0.01849055849965009,-0.032366061290478476,0.06719828831252017,43.64331087108437,-0.03584842129246324,-0.20543705260757525,1.6814139243806183,-0.06094725456019391,0.23885356908215274,-0.44398634316509195,-0.3991470471179687,-0.25934253396661916,-0.6469187023827965,-0.6394997566455326,0.20543705260757525,0.06094725456019391,9,-0.022471398071940936,0,-0.022471398071940936,NEXT PLC,Consumo discrecional,Reino Unido
NN.AS,18.992805,0.05593,64.708,-0.015,0.1147393131325476,0.2546803732166525,0.4356950727815816,83.7499026459635,0.1887109979841961,-0.2596427881863294,-0.47815899483108587,-0.13188109071597032,-0.32466691837379136,0.5824370138267091,0.7028263264076008,0.49849264540701704,2.252681165916697,0.9092961817309786,0.2596427881863294,0.13188109071597032,9,0.5038256998873805,0,0.5038256998873805,NN GROUP NV,Financieros,Holanda
LDO.MI,22.616072,0.13074,41.68,0.069,-0.05503640097666096,-0.09691662052184458,0.06291279662236726,56.91285372738788,-0.04062842995778482,-0.07682587709908553,-0.1208570123949861,-0.17610287800806024,-0.042906674645819286,-0.7255411165788468,-0.6469571188274066,-0.26815589815483215,0.31243393806350367,-0.6724676812603255,0.07682587709908553,0.17610287800806024,9,-0.21239142318795187,0,-0.21239142318795187,LEONARDO FINMECCANICA SPA,Industriales,Italia
NSIS B.CO,,,,,0.08828167515682361,0.007540759079276427,-0.0612372531326546,47.17286614104905,0.053598216452960035,,,,,0.3786033145487659,-0.2459444701723727,-0.5234777332175263,-0.3917412479286473,-0.022582462827317063,,,5,-0.1610285199194195,4,-0.36102851991941953,NOVOZYMES B,Materials,Dinamarca
ACA.PA,8.499999,0.09276,,-0.011,0.1249265259200174,0.10530955424054089,0.184550464810175,63.0434800636556,0.11568808394160812,-0.7890717211238413,-0.30225427603518223,,-0.3112497639105546,0.6609208629785803,0.12939065361824342,-0.01800092265751524,0.7556619095903575,0.4056540141395134,0.7890717211238413,,8,0.26364927485591044,1,0.21364927485591045,CREDIT AGRICOLE SA,Financieros,Francia
GEBN.SW,28.779133,,89.302,-0.006,-0.04399258372082948,-0.11933191983927693,-0.1432570126340651,36.647752149015766,-0.08603563175157714,0.23413982729483884,,-0.08465203753455375,-0.29447832083150866,-0.6404578552736919,-0.7330096177892172,-0.6921561634607964,-1.1526789839606648,-0.9856430979843298,-0.23413982729483884,0.08465203753455375,8,-0.5809889786325617,1,-0.6309889786325618,GEBERIT AG,Industriales,Suiza
PKN.WA,26.82734,0.04403,26.222,0.029,0.2369972830058602,0.6002317347249637,0.9682743654077746,95.83671984818449,0.34855543843968273,0.1356594317452684,-0.5349948936546334,-0.20578762648648333,-0.17707821927818695,1.5243311575274467,2.029400545040536,1.5937730949761546,3.0,2.0117501377795537,-0.1356594317452684,0.20578762648648333,9,1.057478890792454,0,1.057478890792454,ORLEN SA,Energía,Polonia
LGEN.L,37.1,0.17860001,2477.336,0.139,0.011106654998727317,-0.012204577186538446,-0.004647999592924501,31.000061322538983,-0.017592801881417652,0.653980596001032,0.10772842340786869,4.501205683252259,0.1918935284608241,-0.21596487272132833,-0.32174696133934183,-0.4070986251374064,-1.5609920031413551,-0.5135899672122928,-0.653980596001032,-3.0,9,-0.7081945637426738,0,-0.7081945637426738,LEGAL AND GENERAL GROUP PLC,Financieros,Reino Unido
BMW.DE,5.143879,0.0709,112.684,-0.081,-0.24705786342100855,-0.3056352620008782,-0.2958645136833351,47.619051223256925,-0.25054561681789855,-0.9584093635438234,-0.4066603893362535,-0.03975044684219457,-0.546049967017198,-2.2049039027317554,-1.4482295187554772,-1.0060024107165737,-0.3594832537099138,-2.1202755151584785,0.9584093635438234,0.03975044684219457,9,-0.7881605718932924,0,-0.7881605718932924,BMW AG,Consumo discrecional,Alemania
SHB A.ST,,,,,0.07522293274761038,0.11775805920279758,0.31058628424046764,47.8068722376678,0.11808788109742929,,,,,0.2779967609467391,0.1771805557369092,0.24119910798339886,-0.34590429412874196,0.4222055179679242,,,5,0.15453552970124587,4,-0.04546447029875414,SVENSKA HANDELSBANKEN-A SHS,Financieros,Suecia
MTX.DE,18.181818,0.24299999,55.514,0.057,0.11996353742034382,-0.09987014284287288,-0.1188030681082487,24.99999999999993,-0.0273917807702877,-0.3005622507243954,0.4153108391657243,-0.14953677563708698,-0.08315813803552959,0.6226852386839792,-0.658295712743318,-0.6418651969797282,-1.9947804715875885,-0.581173944549807,0.3005622507243954,0.14953677563708698,9,-0.27457537329830944,0,-0.27457537329830944,MTU AERO ENGINES HOLDING AG,Industriales,Alemania
KNEBV.HE,25.502645,0.46552,41.717,0.013,-0.16377513405047528,-0.1904994557240779,-0.09131044384421327,35.060977028070624,-0.131819946882069,0.06882012676644228,1.4780944336678064,-0.176031825110292,-0.230746837131134,-1.5632809872947968,-1.0062223115442683,-0.5853250079775184,-1.2673986030581743,-1.3014194815529636,-0.06882012676644228,0.176031825110292,9,-0.4854541218385778,0,-0.4854541218385778,KONE,Industriales,Finlandia
AENA.MC,18.125,0.24395001,83.467,0.118,0.06102522394857024,0.06347153049752441,0.15702812988329296,40.13156945355065,0.07573239345980443,-0.30342908092326154,0.419848254342224,-0.09585727154746608,0.12145346752883103,0.1686154356585671,-0.031225827282826264,-0.07460221337473755,-0.9008082627059096,0.1300779045620038,0.30342908092326154,0.09585727154746608,9,0.02584945679987556,0,0.02584945679987556,AENA SME SA,Industriales,España
PHIA.AS,23.34,0.08364,70.914,-0.047,0.021448725953999492,-0.04463323340309122,0.09536625626852002,42.79280362911539,-0.001444381968089825,-0.04029909593458221,-0.34581254471339673,-0.11996340737678712,-0.43200415407968545,-0.13628797250286065,-0.44624081109300545,-0.20141346118167544,-0.7084081129176921,-0.4022136230200805,0.04029909593458221,0.11996340737678712,9,-0.27912424179966966,0,-0.27912424179966966,KONINKLIJKE PHILIPS NV,Cuidado de la Salud,Holanda
MRK.DE,23.027445,0.085260004,40.372,-0.028,0.21851248444822358,0.06335152580502079,0.21579983696462302,22.33772204475376,0.11416581163426587,-0.0560694875852316,-0.338075201567368,-0.17861469396159743,-0.36827267037931083,1.3819214354703302,-0.03168652618007672,0.04626523799867882,-2.1872560838694475,0.39515483679790286,0.0560694875852316,0.17861469396159743,9,-0.09636275446471801,0,-0.09636275446471801,MERCK,Cuidado de la Salud,Alemania
BESI.AS,126.052635,0.3127,113.605,0.283,0.0004779223497473062,0.3823745826734348,1.065888623902835,34.67261729056635,0.2323142829078717,5.14220792337466,0.7482068657506191,-0.03798180579234157,0.6749110891373474,-0.29785025857722747,1.193045335803711,1.7945225240454319,-1.2954759787185401,1.2100299064938742,-3,0.03798180579234157,9,0.11837458774750642,0,0.11837458774750642,BE SEMICONDUCTOR INDUSTRIES NV,Tecnología de la Información,Holanda
HBAN.SW,20.891474,0.06315,109.702,0.179,-0.0071619185741563784,0.1264893677349821,0.14385559793224711,71.73910159022915,0.0851466921930697,-0.1638428369939094,-0.44367536546083275,-0.045476926332598096,0.3260650730931917,-0.35670876434570004,0.21070011341761932,-0.1016922953908098,1.384332208347273,0.1950087263806186,0.1638428369939094,0.045476926332598096,9,0.1581499399297631,0,0.1581499399297631,HELVETIA BALOISE HOLDING N AG,Financieros,Suiza
CBK.DE,17.396313,0.08234,,0.043,0.12408736315294133,0.10960181442818007,0.31569755257590204,53.333329647632155,0.11679875547058494,-0.3401959839666836,-0.35202150845042296,,-0.1301181786568583,0.654455824366049,0.14586867205154583,0.2517107301170675,0.053643871620221245,0.41331436327334514,0.3401959839666836,,8,0.1721312197859539,1,0.12213121978595388,COMMERZBANK AG,Financieros,Alemania
KER.PA,,0.0025,119.652,,0.06515081677925005,-0.09421290873271515,0.14823584794962197,54.11290814799645,-0.0763850553731571,,-0.7333474044228626,-0.026369457878703047,,0.20039963533518304,-0.6365775493810082,-0.09268405516314684,0.11000532286677853,-0.9190826591212657,,0.026369457878703047,7,-0.2921310360010884,2,-0.39213103600108845,KERING SA,Consumo discrecional,Francia
PGHN.SW,13.978539,0.54798,113.666,0.201,-0.244083432972091,-0.3296829811747499,-0.36486869286419077,50.0,-0.20626088387619035,-0.5126444636051684,1.8719337796333297,-0.03786466452845338,0.39985942264099394,-2.1819884345329648,-1.5405488895538928,-1.1479135391471798,-0.18734699246329564,-1.8148418142113583,0.5126444636051684,0.03786466452845338,9,-0.4500374821667496,0,-0.4500374821667496,PARTNERS GROUP HOLDING AG,Financieros,Suiza
SGSN.SW,27.16185,0.76602995,492.161,0.019,0.07902601741037318,0.04542759196404367,0.17227547365039686,51.589255052141866,0.06804650318017935,0.1525375930642643,2.9133678045643876,0.688977674411949,-0.21062110543627885,0.3072963082528678,-0.10049664004024382,-0.043245159566619916,-0.07244808093895069,0.07706798992010168,-0.1525375930642643,-0.688977674411949,9,0.22548953880878347,0,0.22548953880878347,SGS SA,Industriales,Suiza
SCMN.SW,26.130653,0.10398,157.793,-0.041,-0.051632498101746416,0.08308939900007117,0.1647586063069355,60.38961038961039,0.009089493880710675,0.10050713263658033,-0.24866614285869454,0.04687455762883574,-0.4118784223848303,-0.6993169269662565,0.0440873142033308,-0.058704036690249574,0.5637941936662785,-0.3295610298554864,-0.10050713263658033,-0.04687455762883574,9,-0.1430696379057027,0,-0.1430696379057027,SWISSCOM AG,Comunicación,Suiza
BAMI.MI,11.394928,0.13722,,0.029,0.29431159613709235,0.299577042165452,0.6446065366110958,66.21620576689615,0.25061885106557935,-0.6430041038058562,-0.08990771622888621,,-0.17707821927818695,1.9658894129481586,0.875184968752417,0.9281312836180954,0.9850415358349625,1.3362772975305695,0.6430041038058562,,8,0.8083178333728733,1,0.7583178333728733,BANCO BPM,Financieros,Italia
FRE.DE,16.41791,0.07786,58.172,0.02,0.10432958628641709,-0.07247252912148927,0.07322166548560483,66.1501898936477,-0.011792277239287663,-0.3895626506402941,-0.3734185527134055,-0.14443248908930278,-0.20726681682046966,0.5022388822525078,-0.5531160721358904,-0.24695510668695747,0.9802687638564477,-0.4735835001706425,0.3895626506402941,0.14443248908930278,9,0.018018081923465195,0,0.018018081923465195,FRESENIUS SE AND CO KGAA,Cuidado de la Salud,Alemania
ANTO.L,35.95098,0.15127,53.078,0.318,-0.03662506782419972,-0.009117006235283998,0.7642936555267517,46.59451211549739,0.022853393875491568,0.5960052143420306,-0.0228031466094878,-0.1542147447982617,0.7923111906906692,-0.5836973832664395,-0.30989375374595896,1.1742748405092278,-0.43355470507138233,-0.2346308217314896,-0.5960052143420306,0.1542147447982617,9,-0.006642694307625556,0,-0.006642694307625556,ANTOFAGASTA PLC,Materials,Reino Unido
BAER.SW,19.083559,0.108660005,,0.018,0.11072665480938637,0.11425182970950587,0.3487667518385196,52.42841499941805,0.1614200681889526,-0.2550636705146779,-0.22631384952477046,,-0.21397539405208804,0.5515228789104005,0.1637201149210818,0.31971947160727276,-0.011779049617064611,0.7210694693644091,0.2550636705146779,,8,0.19487841401548986,1,0.14487841401548984,JULIUS BAER GRUPPE AG,Financieros,Suiza
KPN.AS,20.223812,0.23339,189.568,0.022,-0.09213624281321464,0.12259755495835356,0.10065296214964925,54.47152895640935,-0.0029301917529658272,-0.19753063987742073,0.3694123165325055,0.10789363402305836,-0.2005582395888513,-1.011363985994098,0.19575941554079299,-0.19054104147930595,0.1359326530842223,-0.41246131678161857,0.19753063987742073,-0.10789363402305836,9,-0.11379813253688785,0,-0.11379813253688785,KONINKLIJKE KPN NV,Comunicación,Holanda
BIRG.IR,15.904349,0.09264,,-0.032,0.11779215722716319,0.14072300657492587,0.5100378044963838,62.26015776108744,0.134706583411776,-0.41547507599422906,-0.30282741114936923,,-0.3816898248425476,0.6059565927738276,0.265343157623792,0.6513828192124371,0.6990297914061009,0.5368254200341912,0.41547507599422906,,8,0.31118695263158264,1,0.26118695263158265,BANK OF IRELAND GROUP PLC,Financieros,Irlanda
HLMA.L,36.897957,0.18306999,42.131,0.146,0.02235766059447286,0.24436500260257477,0.3981235916456214,57.241202407822016,0.17524594392966453,0.6437862390389862,0.12907761088881659,-0.1752368007947229,0.21537354877148837,-0.12928540068070674,0.6632255427424779,0.42122469804343793,0.33617267397722095,0.8164271268640991,-0.6437862390389862,0.1752368007947229,9,0.22040737359584123,0,0.22040737359584123,HALMA PLC,Tecnología de la Información,Reino Unido
GMAB.CO,21.43105,0.14957,94.175,0.253,-0.04590256265840609,-0.17082721488007835,0.19337794998238822,44.92973794151159,-0.09446751188377756,-0.1366177890974086,-0.03092256072713734,-0.07529417886361602,0.5742824306630718,-0.6551726258343297,-0.9307004342393227,0.0001533166489175146,-0.5539134481611189,-1.043798136609276,0.1366177890974086,0.07529417886361602,9,-0.26979549892201893,0,-0.26979549892201893,GENMAB,Cuidado de la Salud,Dinamarca
SAB.MC,14.195652,0.08727,,-0.107,0.19972197088472932,0.18003607885535566,0.34491058463521385,63.65347866535923,0.16182921451263832,-0.501689729102609,-0.328475207509239,,-0.6332614710282369,1.2371564381378501,0.4162663312869839,0.31178903832432703,0.7997631853878832,0.7238913690930747,0.501689729102609,,8,0.3786024265994065,1,0.3286024265994065,BANCO DE SABADELL,Financieros,España
CAP.PA,9.859802,0.13695,81.032,0.037,-0.07807480447166903,-0.3177075769756439,-0.307782445547237,47.79806773934354,-0.19679786348641892,-0.7204609938031201,-0.09119727023580713,-0.10053332036005246,-0.15024391035171342,-0.903032509202564,-1.4945752247449913,-1.030512334310225,-0.3465408359302684,-1.7495749570398256,0.7204609938031201,0.10053332036005246,9,-0.549409191961358,0,-0.549409191961358,CAPGEMINI,Tecnología de la Información,Francia
VNA.DE,5.231738,0.12595001,129.178,-0.338,-0.05364171495382064,-0.09230846980747953,-0.21843049438446704,43.317976400746964,-0.09347361308701119,-0.9539763170718923,-0.1437346079416923,-0.008076217226260422,-1.4081021412801602,-0.7147962416346955,-0.6292663943383798,-0.8467548232796034,-0.6704395189268361,-1.0369431740138635,0.9539763170718923,0.008076217226260422,9,-0.49866492967967535,0,-0.49866492967967535,VONOVIA SE,Inmobiliario,Alemania
HEXA B.ST,,,,,0.22798762083255286,-0.06837902687233055,-0.16385163059115193,51.87378924503119,-0.08981999573864241,,,,,1.4549193388414843,-0.5374010868904358,-0.7345101992392302,-0.05187701589159976,-1.0117440185842534,,,5,-0.17612259635280697,4,-0.376122596352807,HEXAGON CLASS B,Tecnología de la Información,Suecia
SAAB B.ST,,,,,0.09723355922921151,-0.17725670620786216,-0.0008634093624235728,47.23800429722957,-0.046894724734026894,,,,,0.4475700018870824,-0.9553832987406594,-0.39931539408338296,-0.38703193255868307,-0.7156865848777987,,,5,-0.40196944167468834,4,-0.6019694416746884,SAAB CLASS B,Industriales,Suecia
VOW3.DE,5.94267,0.03105,137.093,-0.025,-0.12475093627146172,-0.2655554687355689,-0.190357894848052,57.999992370605476,-0.1669022617347905,-0.9181052669303829,-0.5969890085058642,0.007123341850380695,-0.3582098045318833,-1.2626325846690984,-1.2943628975914958,-0.7890218812247195,0.3910311692715529,-1.5433837105653274,0.9181052669303829,-0.007123341850380695,9,-0.5047318658596482,0,-0.5047318658596482,VOLKSWAGEN NON-VOTING PREF AG,Consumo discrecional,Alemania
HNR1.DE,10.373793,0.21711001,27.857,-0.228,-0.05889993403243787,0.09861634622311377,-0.04074828582782153,54.06977079441933,0.015202826807577008,-0.6945268722088122,0.29165703380239083,-0.20264785654456188,-1.0391303935411491,-0.7553063675723106,0.10369537880552206,-0.4813409741817296,0.10688660698453398,-0.2873971106684274,0.6945268722088122,0.20264785654456188,9,-0.12930678862419953,0,-0.12930678862419953,HANNOVER RUECK,Financieros,Alemania
EPI A.ST,,,,,-0.01173885596252,0.008317071933791498,0.3980513717461098,55.41964625050923,0.13371364010440123,,,,,-0.39197019169192393,-0.24296419941349662,0.4210761735981581,0.2044790106639364,0.5299770474900607,,,5,0.1041195681293469,4,-0.09588043187065311,EPIROC CLASS A,Industriales,Suecia
BT.A.L,,,,,-0.0714285714285714,-0.03310937667259117,-0.0502982546579277,74.01993704338187,0.02997053979015929,,,,,-0.8518289108813187,-0.40200064033756966,-0.5009810433666041,1.5492305426833466,-0.1855435613485711,,,5,-0.07822472265014338,4,-0.2782247226501434,BT GROUP PLC,Comunicación,Reino Unido
ALFA.ST,28.578653,0.18301001,40.204,-0.033,0.013111294975681753,0.15557052437313112,0.3541587276324032,41.76333515305873,0.1280707982315099,0.2240243336437303,0.12879113885424215,-0.17893731252443704,-0.3850441134583568,-0.2005208190005089,0.322342887666294,0.33080838503924104,-0.7828359444908065,0.49105812526543696,-0.2240243336437303,0.17893731252443704,9,-0.015609706804861258,0,-0.015609706804861258,ALFA LAVAL,Industriales,Suecia
DSFIR.AS,69.40496,0.01663,28.644,,0.3455456561485153,0.3218247203739153,-0.014100352650322057,54.767722968788476,0.24869811695880562,2.283971706233033,-0.6658607447273394,-0.20113654220554525,,2.3606044661489998,0.96059396904391,-0.4265379417791429,0.15734669205582968,1.3230299120819664,-2.283971706233033,0.20113654220554525,8,0.203292648599592,1,0.15329264859959202,DSM FIRMENICH AG,Materials,Holanda
WRT1V.HE,27.263636,0.27256,22.797,-0.003,-0.17587248490998408,-0.052972568940537035,0.3887886435058172,33.557052134630666,-0.04786140727489696,0.15767334544241535,0.5564931700550566,-0.21236482040151755,-0.28441545498408105,-1.6564808330036014,-0.47825558156364345,0.4020268314781571,-1.3761283711578467,-0.7223538357899258,-0.15767334544241535,0.21236482040151755,9,-0.3893802888896425,0,-0.3893802888896425,WARTSILA,Industriales,Finlandia
TRN.MI,19.226416,0.13335,173.449,0.096,0.020994559855249006,0.16151199002542915,0.2250487126016869,52.329734892118545,0.08751803614050302,-0.24785562444266876,-0.10839132366141811,0.0769395351277484,0.04765911798102886,-0.13978693775742662,0.34515221800962737,0.06528609143032457,-0.01891335880333291,0.21136398721139954,0.24785562444266876,-0.0769395351277484,9,0.06369843152501369,0,0.06369843152501369,TERNA RETE ELETTRICA NAZIONALE,Servicios,Italia
WKL.AS,10.638298,1.11652,623.058,0.016,-0.06437032695334466,-0.2611558514387009,-0.5375789181072737,60.02885518352932,-0.19568356536317866,-0.6811809092789116,3.0,0.9403455435787329,-0.22068397128370643,-0.797451113320038,-1.2774727344261678,-1.5031022139013874,0.5377125521767064,-1.741889595129939,0.6811809092789116,-0.9403455435787329,9,-0.2513390789093726,0,-0.2513390789093726,WOLTERS KLUWER NV,Industriales,Holanda
ESSITY B.ST,,,,,0.0518429268002063,-0.03472312966653235,0.10475852941195551,42.76888635044817,0.006452038084344469,,,,,0.09787361065749703,-0.40819584995173464,-0.18209770239523962,-0.7101372685253992,-0.3477516755127365,,,5,-0.3100617771455226,4,-0.5100617771455226,ESSITY CLASS B,Productos básicos de consumo,Suecia
FBK.MI,22.122643,0.24597,,0.042,0.12819662996685577,0.08922347156335575,0.32093545076358265,69.40506976136004,0.14755448637752977,-0.101722514752581,0.4294959810031129,,-0.13347246727266746,0.6861142459065058,0.06763606389471712,0.26248277394458985,1.215587917593684,0.625437957393399,0.101722514752581,,8,0.40687562340199024,1,0.35687562340199025,FINECOBANK BANCA FINECO,Financieros,Italia
INF.L,,-0.02141,55.685,0.08,0.006750049905408728,-0.11862549601845795,-0.06450078558321848,29.739560862189123,-0.06460653429386765,,-0.847544575924629,-0.14920839602848235,-0.006009499871918198,-0.2495288262866109,-0.7302976515447893,-0.5301893784863669,-1.6521228324408717,-0.8378456944619892,,0.14920839602848235,8,-0.5880412578735866,1,-0.6380412578735867,INFORMA PLC,Comunicación,Reino Unido
EDP.LS,16.851852,0.07778,138.97,-0.008,0.04765294435740253,0.1269981362420345,0.23843356498388513,52.366871626954875,0.09303477990349207,-0.367667511245096,-0.37380064278953024,0.0107278361506783,-0.301186898063127,0.06559334353728156,0.2126532794585867,0.09281282282519368,-0.016228471689391094,0.24941320536801903,0.367667511245096,-0.0107278361506783,9,0.03179959041571671,0,0.03179959041571671,EDP ENERGIAS DE PORTUGAL SA,Servicios,Portugal
DSY.PA,19.472826,0.13416,26.856,-0.041,-0.056506719768466995,-0.23241563278351085,-0.3896441495711491,43.6079514667059,-0.1394427344780257,-0.23542266958148741,-0.1045226616406556,-0.2045701254814814,-0.4118784223848303,-0.7368686779706343,-1.1671388236019402,-1.198865714224186,-0.6494750932338179,-1.3539941742813024,0.23542266958148741,0.2045701254814814,9,-0.5758611969193775,0,-0.5758611969193775,DASSAULT SYSTEMES,Tecnología de la Información,Francia
STMN.SW,44.475338,0.17014,19.352,0.022,0.10765446151382019,0.026898171586371866,-0.04547933340818322,28.096526537189206,0.07395194678757444,1.026113400838316,0.06732235009642336,-0.2189804212883184,-0.2005582395888513,0.5278542307526651,-0.17163122116861235,-0.4910706501051016,-1.7709098422950806,0.11779808756154901,-1.026113400838316,0.2189804212883184,9,-0.3031475849218895,0,-0.3031475849218895,STRAUMANN HOLDING AG,Cuidado de la Salud,Suiza
BG.VI,17.071985,0.19031,,0.084,0.19045994513282571,0.3265867750324314,0.6880479795531789,42.948723591764555,0.3146336622100099,-0.3565603984961961,0.16365681053936054,,0.007407654591318578,1.1658003717516396,0.9788755319066175,1.017471150590604,-0.6971355144954557,1.7777901933859188,0.3565603984961961,,8,0.596303324595775,1,0.5463033245957749,BAWAG GROUP AG,Financieros,Austria
TIT.MI,42.22222,0.03105,108.632,0.014,0.16237496386886074,0.33182916949069785,0.8892171758584213,20.53229319518539,0.24592885816843602,0.9124292387064419,-0.5969890085058642,-0.047531699322112424,-0.2273925485153248,0.9494293702873995,0.9990011227938442,1.4311873630294494,-2.3177837857449166,1.3039302155265804,-0.9124292387064419,0.047531699322112424,9,0.07516502105409316,0,0.07516502105409316,TELECOM ITALIA,Comunicación,Italia
TEF.MC,,-0.08895001,230.558,-0.124,-0.05286751242646526,0.11353230672939696,-0.1704015835846644,57.59717671718397,-0.012520147125543946,,-1.1701241704541574,0.18660872265875258,-0.6902843774969932,-0.7088316666682538,0.16095786090778524,-0.7479805604769255,0.3619086693551787,-0.4786036499694422,,-0.18660872265875258,8,-0.43244582718269514,1,-0.48244582718269513,TELEFONICA SA,Comunicación,España
BOL.ST,12.272844,0.14731,28.514,0.317,-0.098099447814881,-0.17305390521003416,0.6306601364204427,29.9875227978157,-0.08192973129205805,-0.5987076466819211,-0.041716605377659866,-0.20138618752202833,0.78895690207486,-1.0573054315667398,-0.939248714795085,0.8994496963273725,-1.6341958442808742,-0.9573245265542585,0.5987076466819211,0.20138618752202833,9,-0.23792118777427054,0,-0.23792118777427054,BOLIDEN,Materials,Suecia
NESTE.HE,35.55914,0.095869996,67.65,0.029,0.325450849041502,0.6785811480070396,1.5470784928870902,84.65406122176256,0.4380628987517814,0.5762343891612128,-0.2874005434303387,-0.12623142516910002,-0.17707821927818695,2.2057909913914466,2.330184518952093,2.784117619698366,2.3180494251301593,2.6290869274467163,-0.5762343891612128,0.12623142516910002,9,1.261416417324238,0,1.261416417324238,NESTE,Energía,Finlandia
KRZ.IR,20.501253,0.105909996,43.555,,0.2148148148148148,0.12721420176727127,-0.07105033183799447,48.771937151022684,0.10411213170808264,-0.18353197330690413,-0.2394482388766902,-0.1725022244049393,,1.3534340217118914,0.21348275659930288,-0.543658903242073,-0.2761326687717099,0.32581417549067754,0.18353197330690413,0.1725022244049393,8,0.14869066757790528,1,0.09869066757790527,KERRY GROUP PLC,Productos básicos de consumo,Irlanda
IAG.L,7.129032,,187.872,0.019,-0.011692781659582763,-0.11092516695391297,-0.005495456635939533,39.71256108381472,-0.08684166028816631,-0.8582457433922929,,0.10463672281724871,-0.21062110543627885,-0.39161522819828304,-0.7007360316240137,-0.4088414700882249,-0.9311014529256698,-0.9912023113440103,0.8582457433922929,-0.10463672281724871,8,-0.3600635723801795,1,-0.4100635723801795,INTERNATIONAL AIRLINES GROUP SA,Industriales,España
SHL.DE,18.553762,0.11467,83.879,-0.039,-0.03808737003304585,-0.1967415816310264,-0.23835493677591113,50.93457083183549,-0.12966968787615762,-0.28179530553999865,-0.19760935643653302,-0.09506608792907363,-0.4051698451532119,-0.5949631836740535,-1.0301858788167981,-0.8877306038292093,-0.1197800080603959,-1.2865890530385842,0.28179530553999865,0.09506608792907363,9,-0.4605740595044126,0,-0.4605740595044126,SIEMENS HEALTHINEERS AG,Cuidado de la Salud,Alemania
EN.PA,15.110759,0.09117,101.941,-0.032,-0.05107610308923516,0.10065117290423808,0.2851337530738671,51.79154106329416,0.04767556119187044,-0.4555167490119023,-0.3098483162981604,-0.06038075172663622,-0.3816898248425476,-0.6950303744870053,0.1115070934021118,0.1888544896987494,-0.05782334058234395,-0.0634312699819109,0.4555167490119023,0.06038075172663622,9,-0.07684044915028537,0,-0.07684044915028537,BOUYGUES SA,Industriales,Francia
RTO.L,49.599995,0.05377,111.995,0.058,-0.0026109415724134832,0.033202820429855784,0.33917955013853396,58.99037271588965,0.10547514991766005,1.2846850057246304,-0.4884754268864525,-0.04107356701955473,-0.0798038494197204,-0.3216473397980798,-0.1474276278828178,0.30000283084887874,0.46263303299688435,0.3352149704950763,-1.2846850057246304,0.04107356701955473,9,-0.1314572053723674,0,-0.1314572053723674,RENTOKIL INITIAL PLC,Industriales,Reino Unido
PST.MI,14.675532,0.19018,723.591,0.085,0.2777846584651238,0.28299066966855047,0.5746782416164318,19.26227778203352,0.2338232716634605,-0.47747672484635445,0.16303591416565785,1.1334039482094294,0.010761943207127773,1.8385633513207251,0.8115097627309736,0.7843196569931062,-2.4096025208142984,1.2204374666097668,0.47747672484635445,-1.1334039482094294,9,0.19589981676110935,0,0.19589981676110935,POSTE ITALIANE,Financieros,Italia
ELE.MC,17.977777,0.24463,120.027,-0.013,0.07483829485253257,0.3629683351743802,0.650453270729384,73.57268787683029,0.2246973124116105,-0.310857419519616,0.4230959722280243,-0.025649327158078862,-0.317958341142173,0.2750334516328794,1.1185446089065993,0.9401554341291153,1.5168956179979158,1.1574953345514305,0.310857419519616,0.025649327158078862,9,0.6055298694423874,0,0.6055298694423874,ENDESA SA,Servicios,España
SGRO.L,21.20488,0.04531,42.174,0.078,-0.01636103749779616,-0.04383278867521723,0.06848846995455316,21.313411457276644,-0.053740981584174286,-0.14802950696987063,-0.5288814524366384,-0.17515422580542467,-0.012718077103536587,-0.4275801868825004,-0.4431678978947955,-0.2566891999964913,-2.261311013822552,-0.762905511773611,0.14802950696987063,0.17515422580542467,9,-0.4855632896816478,0,-0.4855632896816478,SEGRO REIT PLC,Inmobiliario,Reino Unido
RI.PA,11.617173,0.08565,82.292,-0.149,-0.012465790666482901,-0.15107158998603043,-0.3313789565900789,59.86754167175081,-0.09702849759166132,-0.6317904271972639,-0.3362125315507639,-0.09811368113875518,-0.7741415928922228,-0.3975706081001547,-0.854858444952886,-1.079039938708481,0.5260500145037624,-1.0614613647890923,0.6317904271972639,0.09811368113875518,9,-0.3608144842393133,0,-0.3608144842393133,PERNOD RICARD SA,Productos básicos de consumo,Francia
LOGN.SW,21.76804,0.32783002,3.986,0.074,0.09627332503788044,0.16887413489059422,0.11708328353728592,74.87308157972831,0.03940017514924721,-0.1196144959734709,0.82046974692022,-0.24848849769661502,-0.026135231566773363,0.4401722104602073,0.37341554630137225,-0.15675112503836197,1.610910622584327,-0.12050696216439741,0.1196144959734709,0.24848849769661502,9,0.36774197790740887,0,0.36774197790740887,LOGITECH INTERNATIONAL SA,Tecnología de la Información,Suiza
SRG.MI,17.133333,0.11226,193.101,0.03,-0.06759044303096473,0.11508712290260803,0.25500768680191177,48.18184248342457,0.05173632492475844,-0.35346500092781924,-0.20911981997978923,0.11467822558563233,-0.17372393066237776,-0.8222593812692754,0.16692681163364056,0.12689847325772624,-0.31879494309449197,-0.035424008489775054,0.35346500092781924,-0.11467822558563233,9,-0.11407889147357286,0,-0.11407889147357286,SNAM,Servicios,Italia
CCH.L,22.035873,0.25959,99.274,0.073,0.03429261740438583,0.1087404038745794,0.08475858405740344,42.02468083424216,0.036879526928408346,-0.10610061423435818,0.4945468164633412,-0.06550232141171543,-0.029489520182582555,-0.03733666362718781,0.1425617105999195,-0.22322875920233756,-0.7639413471389878,-0.13789198096737837,0.10610061423435818,0.06550232141171543,9,-0.04257520093434885,0,-0.04257520093434885,COCA COLA HBC AG,Productos básicos de consumo,Reino Unido
UPM.HE,23.009804,0.05178,35.405,-0.053,-0.10895978825388986,0.03669736983001992,0.07730508412846171,63.953475477631855,-0.026449060115302347,-0.05695958846062673,-0.4979799175300542,-0.18815306539983828,-0.45212988577454066,-1.1409751593456212,-0.13401202703042345,-0.2385573175335845,0.8214521566731674,-0.5746719597915274,0.05695958846062673,0.18815306539983828,9,-0.2190846062746799,0,-0.2190846062746799,UPM-KYMMENE,Materials,Finlandia
KNIN.SW,29.801136,0.32276002,144.88,-0.115,0.13799746694853043,0.2129706961422959,0.2530167214363095,64.4518119165482,0.2209803842989937,0.28570639182952434,0.7962547883458178,0.02207709630771545,-0.6600957799547105,0.7616213966139058,0.5427025693116074,0.12280393659265913,0.8574805552157662,1.1318595220675818,-0.28570639182952434,-0.02207709630771545,9,0.36053816667282085,0,0.36053816667282085,KUEHNE UND NAGEL INTERNATIONAL AG,Industriales,Suiza
CLNX.MC,,-0.02388,175.475,-0.084,-0.14474560178479778,-0.04151369851149944,-0.22621457112873755,38.27934470278367,-0.10981230986816914,,-0.8593416070249789,0.08083016136770729,-0.5561128328646255,-1.4166745532359044,-0.43426489369754756,-0.8627632321569071,-1.0347191837218648,-1.1496318659179268,,-0.08083016136770729,8,-0.7992922912484328,1,-0.8492922912484329,CELLNEX TELECOM,Comunicación,España
SCHP.SW,26.729559,0.23524,,-0.051,-0.05743742913455585,-0.12749006926215745,-0.12224444703943249,35.02538228336759,-0.07669646392206497,0.13072575714082382,0.37824814954288905,,-0.4454213085429222,-0.7440390056172892,-0.7643288134332724,-0.648942593932768,-1.26997200838846,-0.921230457228679,-0.13072575714082382,,8,-0.5683014743426658,1,-0.6183014743426658,SCHINDLER HOLDING PAR AG,Industriales,Suiza
UU..L,,,,,-0.02718596714856636,-0.030391867912778814,0.16566622404811926,77.24733379223954,0.034178461180614184,,,,,-0.5109771045198394,-0.39156810421923194,-0.05683746774668683,1.782562740055436,-0.1565213471856688,,,5,0.1333317432768018,4,-0.0666682567231982,UNITED UTILITIES GROUP PLC,Servicios,Reino Unido
KRX.IR,20.733696,0.15353,56.835,0.054,-0.054171929491855786,0.0752575211669777,0.022506734682327556,41.51515796054177,0.011177517828368178,-0.17180374260686126,-0.012009101958965276,-0.1469999951519015,-0.09322100388295718,-0.7188810957247626,0.014020677592452655,-0.35125332664998676,-0.8007784951512158,-0.3151598392050038,0.17180374260686126,0.1469999951519015,9,-0.217608716357964,0,-0.217608716357964,KINGSPAN GROUP PLC,Industriales,Irlanda
FGR.PA,11.46729,0.17296,177.447,0.096,-0.08011031959324799,0.04584504142975154,0.08789352071674328,41.10576279417632,0.0016062897528472675,-0.639352979745693,0.08079102527981859,0.08461708878389636,0.04765911798102886,-0.918714429771147,-0.09889404847072156,-0.21678157869578618,-0.8303766763464386,-0.38117300942245463,0.639352979745693,-0.08461708878389636,9,-0.1958615231648782,0,-0.1958615231648782,EIFFAGE SA,Industriales,Francia
SN..L,,,,,0.018197958277851756,-0.12862281544196397,-0.1473324647148705,60.93252755754967,-0.04587643917038242,,,,,-0.16133238506645892,-0.7686774343497903,-0.7005375689135899,0.6030456602952704,-0.7086634257061187,,,5,-0.3472330307481375,4,-0.5472330307481375,SMITH AND NEPHEW PLC,Cuidado de la Salud,Reino Unido
ENX.PA,22.427479,0.15467,69.096,0.149,0.03157923837109866,0.2343320978992065,0.02174803851407736,65.46389806512505,0.114737804165298,-0.08634159584481312,-0.006564318374188447,-0.12345460111037317,0.22543641461891595,-0.05824095169725686,0.624709147786328,-0.352813629672941,0.9306516907635969,0.39909989379750627,0.08634159584481312,0.12345460111037317,9,0.21911938268634967,0,0.21911938268634967,EURONEXT NV,Financieros,Francia
SY1.DE,49.22472,0.06534,70.286,-0.024,0.2023323253726781,0.21781022800404615,-0.002864960395751903,42.15976005801042,0.17186494938139774,1.2657499903619023,-0.4332156496269194,-0.1211693862902591,-0.3548555159160741,1.257267009315579,0.5612815677274365,-0.4034317007929608,-0.7541754786840729,0.7931082625702022,-1.2657499903619023,0.1211693862902591,9,-0.05317801216427252,0,-0.05317801216427252,SYMRISE AG,Materials,Alemania
SOON.SW,22.241953,0.20524,64.938,,0.10961762898214089,-0.05588290494366832,-0.10555168320411834,57.184766086280604,0.020868843634889167,-0.09570256489467131,0.23496437099613063,-0.13143941054065414,,0.542978773908675,-0.4894283828874788,-0.6146129492559387,0.33209247809751813,-0.24831834978998688,0.09570256489467131,0.13143941054065414,8,-0.001897760436969407,1,-0.051897760436969406,SONOVA HOLDING AG,Cuidado de la Salud,Suiza
CARL B.CO,,,,,0.16211524401562238,0.12670909396616747,0.07442621726723941,52.801374068345865,0.12024128763100528,,,,,0.9474284487194926,0.21154364403539955,-0.24447787553061198,0.015184898683861444,0.43705765511549555,,,5,0.27334735420472744,4,0.07334735420472743,CARLSBERG AS CL B,Productos básicos de consumo,Dinamarca
HEN3.DE,15.203253,0.09707,18.017,-0.063,0.18799946425094016,0.06807930724500766,0.12190327370545884,51.62036342058277,0.07815599885254554,-0.4508498372512997,-0.28166917318396456,-0.2215440866537405,-0.4856727719326326,1.1468444498126682,-0.013536538455409558,-0.146838533483623,-0.07019902867490975,0.1467936148207674,0.4508498372512997,0.2215440866537405,9,0.1075684380897707,0,0.1075684380897707,HENKEL & KGAA PREF AG,Productos básicos de consumo,Alemania
URW.PA,11.903669,0.070539996,108.251,-0.038,0.03688354128056037,0.18970785829334647,0.31497066143637475,62.13591873438011,0.11219401786264704,-0.6173348781695904,-0.40837981378331845,-0.04826335213426659,-0.40181555653740275,-0.017375788861542597,0.4533963636929889,0.2502158359949859,0.6900476403547151,0.38155529065267124,0.6173348781695904,0.04826335213426659,9,0.17924913353521715,0,0.17924913353521715,UNIBAIL RODAMCO WE STAPLED UNITS,Inmobiliario,Francia
SPSN.SW,27.599165,0.05565,83.042,-0.196,-0.025792189231477636,0.0849669151085981,0.17616428447891308,55.844162278116045,0.051787597926953755,0.17460292180545772,-0.4794963100975223,-0.09667341969750681,-0.931793157835255,-0.5002392257616232,0.05129511235457599,-0.035247592760100976,0.2351703898927926,-0.03507037639629942,-0.17460292180545772,0.09667341969750681,9,-0.19703451807904257,0,-0.19703451807904257,SWISS PRIME SITE AG,Inmobiliario,Suiza
MONC.MI,22.242426,0.16854,29.312,0.015,-0.029958744110520796,0.07040379301315847,0.06185428028101869,51.61289613739942,-0.007866567672451641,-0.09567869903026105,0.05968054857392949,-0.19985374934854006,-0.22403825989951562,-0.5323390033388652,-0.004612820493054287,-0.2703327988910804,-0.07073889337985748,-0.44650771304959247,0.09567869903026105,0.19985374934854006,9,-0.13259516578880387,0,-0.13259516578880387,MONCLER,Consumo discrecional,Italia
AGS.BR,7.7887793,0.18818001,77.615,0.195,0.07640441622427585,0.23877727931816994,0.2845547201021239,56.800012695358994,0.16259292079026055,-0.8249572875638513,0.15348371002380023,-0.10709515148638003,0.3797336909461388,0.2870990907883318,0.6417742319515405,0.18766367454242036,0.30427583169918565,0.7291586840189149,0.8249572875638513,0.10709515148638003,9,0.40169348366895147,0,0.40169348366895147,AGEAS SA,Financieros,Bélgica
KOG.OL,46.21035,0.32644,24.069,0.296,-0.08774408265053801,-0.14819863120990184,-0.11911954900602839,32.696624859884935,-0.110959366911068,1.1136558134011496,0.8138308363250346,-0.2099221369971603,0.718516841142867,-0.977526110723409,-0.8438291350784529,-0.6425160584473059,-1.4383349736669309,-1.1575431675006014,-1.1136558134011496,0.2099221369971603,9,-0.4923483827058653,0,-0.4923483827058653,KONGSBERG GRUPPEN,Industriales,Noruega
ITRK.L,26.944445,0.28238,146.182,0.02,-0.0012473403272387218,0.059550062318104224,-0.021866689205818135,16.095126577970518,-0.001720375097030491,0.14156812530080048,0.6033947268993621,0.024577390169722605,-0.20726681682046966,-0.31114194674677986,-0.04628037246910859,-0.44250986692115063,-2.6385791256011895,-0.4041171594582314,-0.14156812530080048,-0.024577390169722605,9,-0.401405119620899,0,-0.401405119620899,INTERTEK GROUP PLC,Industriales,Reino Unido
ADM.L,14.55967,0.52965,131.165,-0.041,0.011802896896511816,0.2939622982302874,0.026367248889017647,45.708099828324485,0.07032558261787814,-0.48332270113029663,1.7843873909412602,-0.0042604845812464175,-0.4118784223848303,-0.21060091839751735,0.8536299254844546,-0.34331395350045774,-0.49763995483711976,0.09278689847319388,0.48332270113029663,0.0042604845812464175,9,0.1949949057211696,0,0.1949949057211696,ADMIRAL GROUP PLC,Financieros,Reino Unido
DPLM.L,52.97872,0.18952999,47.45,0.168,-0.0028591939640495445,0.2624434053219611,0.3173850117693431,49.43545582845025,0.16194941916528327,1.4551632144553834,0.15993138453588532,-0.16502246665338946,0.28916789831929063,-0.323559914283686,0.7326286637630983,0.25518108859628635,-0.22816203390743564,0.7247204257338077,-1.4551632144553834,0.16502246665338946,9,0.03552964055058364,0,0.03552964055058364,DIPLOMA PLC,Industriales,Reino Unido
STLAM.MI,,-0.30152,78.657,0.065,-0.29393769040418916,-0.39518817007661655,-0.3556655193976399,47.77777409848008,-0.3120602061198524,,-2.185385216215712,-0.10509414825733897,-0.05632382910905606,-2.566073277120331,-1.7920237915904356,-1.128986674900917,-0.3480080121666659,-2.5445442738177952,,0.10509414825733897,8,-1.3145313658329467,1,-1.3645313658329468,STELLANTIS NV,Consumo discrecional,Italia
CA.PA,11.651409,0.08636,180.581,,0.06491661175709518,0.26634571030680587,0.3503455199142689,64.84516601750798,0.14690975229964542,-0.6300630028125903,-0.3328214821251573,0.09063546125972619,,0.19859528393771123,0.7476096413044453,0.3229663004489375,0.885919010064788,0.6209911988277743,0.6300630028125903,-0.09063546125972619,8,0.3728359367514204,1,0.3228359367514204,CARREFOUR SA,Productos básicos de consumo,Francia
NHY.OL,26.826923,0.061880004,30.684,-0.117,-0.18903095390408076,0.03416087122429001,0.41559681876959753,37.84994888825002,-0.028798379639360716,0.13563839143774395,-0.44974102631480833,-0.1972190310853497,-0.6668043571863289,-1.7578556955050015,-0.14374966383576634,0.45715941109884184,-1.0657633585612232,-0.5908753172304217,-0.13563839143774395,0.1972190310853497,9,-0.46178326309856693,0,-0.46178326309856693,NORSK HYDRO,Materials,Noruega
UNI.MI,12.891625,,46.738,-0.021,0.2392933120997831,0.41515397302395796,0.6561126515579936,58.07087235017161,0.302346627878215,-0.5674862017650889,,-0.16638975484828125,-0.3447926500686465,1.5420201176792754,1.3188856564776126,0.9517942816473443,0.39615560319425214,1.6930459910314792,0.5674862017650889,0.16638975484828125,8,0.786373119571836,1,0.7363731195718359,UNIPOL ASSICURAZIONI SPA,Financieros,Italia
KGH.WA,8.895501,0.20131001,16.957,0.328,-0.05009207956794681,-0.03791762794226983,1.359296093979442,40.02695857531936,0.08393648760458072,-0.7691161247052426,0.21619424376776483,-0.22357965615737155,0.8258540768487612,-0.6874493064149141,-0.4204595523303426,2.3979321386922567,-0.9083713508497424,0.18666189346978396,0.7691161247052426,0.22357965615737155,9,0.28922865822735355,0,0.28922865822735355,KGHM POLSKA MIEDZ SA,Materials,Polonia
BNZL.L,19.333334,0.16469999,105.926,0.003,-0.007355979742315166,0.18027207897765707,0.04888552909253119,41.964870982623516,0.05529201340348466,-0.24246092995848473,0.04134017715868487,-0.052728162602136544,-0.2642897232892259,-0.3582038413373914,0.4171723374924659,-0.29700379385604364,-0.7682654402668675,-0.010900272670888674,0.24246092995848473,0.052728162602136544,9,-0.104995718245405,0,-0.104995718245405,BUNZL,Industriales,Reino Unido
NTGY.MC,12.895927,0.22013001,167.752,-0.069,0.0385174218136084,0.12767306961873603,0.1119782088900958,67.36842052427993,0.08522257337066241,-0.567269138448613,0.30608093417609783,0.06599930922002577,-0.5057985036274878,-0.004788122739004539,0.2152443536564107,-0.16725000949007676,1.0683435969404225,0.1955320821144079,0.567269138448613,-0.06599930922002577,9,0.17873712891770635,0,0.17873712891770635,NATURGY ENERGY GROUP SA,Servicios,España
METSO.HE,26.24138,0.1757,55.153,0.033,-0.019293449789978045,-0.034636185853678336,0.35920962544956514,53.56125332902957,0.02140919079360648,0.10609401544537068,0.09387761038708915,-0.15023002147747455,-0.16366106481495019,-0.4501719407598489,-0.4078620720146478,0.34119585167285615,0.07012214731793898,-0.2445915522794197,-0.10609401544537068,0.15023002147747455,9,-0.07966166827320872,0,-0.07966166827320872,METSO CORPORATION,Industriales,Finlandia
LISP.SW,29.959204,0.14836,35.608,0.075,-0.05025380710659899,-0.1406536150109321,-0.2941765914241843,46.948356807511736,-0.14016160007636902,0.2936819297906347,-0.03670167312852334,-0.18776323463640707,-0.022780942950964167,-0.6886952801677048,-0.8148637623910691,-1.0025310999156523,-0.4079726753610961,-1.3589522211204825,-0.2936819297906347,0.18776323463640707,9,-0.49315737224330214,0,-0.49315737224330214,CHOCOLADEFABRIKEN LINDT & SPRUENGL,Productos básicos de consumo,Suiza
ASRNL.AS,32.240738,0.05647,239.303,0.095,0.13512008688086952,0.1906381416134899,0.2751788176779306,85.05749814380674,0.16027402069764385,0.40879986021655257,-0.4755798868172443,0.2034021710637086,0.044304829365219664,0.7394536194314495,0.45696772820198645,0.16838158309712908,2.3472168411148595,0.7131651307023164,-0.40879986021655257,-0.2034021710637086,9,0.37574531264616173,0,0.37574531264616173,ASR NEDERLAND NV,Financieros,Holanda
PEO.WA,9.45178,0.18752001,,-0.026,0.05804640664076488,0.24443010794180586,0.33702830754996405,56.4285594914322,0.17102158041600446,-0.7410483040111836,0.15033146689577143,,-0.36156409314769244,0.1456661704263401,0.6634754826186873,0.29557867470506316,0.2774207534309751,0.7872915106728139,0.7410483040111836,,8,0.3374060337016428,1,0.2874060337016428,BANK PEKAO SA,Financieros,Polonia
SOBI.ST,118.0203,0.023139998,47.201,0.111,0.12918896013609737,0.42813265136170164,0.7120765447360606,47.67440932063774,0.21770144966635452,4.736925432871488,-0.6347681743349448,-0.16550063345188393,0.09797344721816673,0.6937593096679503,1.3687108980846159,1.066887299585492,-0.35548101056804526,1.109244569385606,-3,0.16550063345188393,9,0.05686966361008053,0,0.05686966361008053,SWEDISH ORPHAN BIOVITRUM,Cuidado de la Salud,Suecia
ALE.WA,25.616476,0.17698,54.01,0.117,0.5091213082668671,0.5050909430579866,0.26430171837884986,80.23203285420941,0.4037354272475493,0.07456362615690168,0.0999910516050842,-0.15242497991393708,0.1180991789130219,3.0,1.664154345995526,0.1460121925195139,1.9983485404440435,2.3923288853581375,-0.07456362615690168,0.15242497991393708,9,1.0551995053991514,0,1.0551995053991514,ALLEGRO SA,Consumo discrecional,Polonia
CNA.L,,-0.01228,81.693,-0.0,0.018740960029306475,0.15174611374867664,0.30297638674909,64.1795551950882,0.14549567590518064,,-0.803938545986899,-0.09926396994316555,-0.2743525891366535,-0.15714901632375508,0.30766094714745973,0.22554890892208967,0.8377971186844296,0.6112382533340789,,0.09926396994316555,8,0.10575863082298949,1,0.055758630822989486,CENTRICA PLC,Servicios,Reino Unido
BVI.PA,20.656488,0.32172,175.987,0.018,0.09427077626768687,0.025728577359314775,0.012378553035767181,57.44676879223557,0.0263379843272471,-0.17569937825039064,0.7912875218336779,0.08181337984493285,-0.21397539405208804,0.4247442677168838,-0.1761213020095716,-0.3720825242938926,0.35103457659208437,-0.21059745205156769,0.17569937825039064,-0.08181337984493285,9,0.07646396579344267,0,0.07646396579344267,BUREAU VERITAS SA,Industriales,Francia
AGN.AS,13.366667,0.10421,56.935,-0.137,0.1935193152174517,0.24591412598790008,0.3656023586786479,83.33337154149282,0.2042898326207121,-0.543517305441217,-0.2475676338898361,-0.14680796029306842,-0.7338901295025128,1.1893702279263203,0.6691726388137649,0.35434288127402347,2.22256707538402,1.0167440718591092,0.543517305441217,0.14680796029306842,9,0.5734515997332417,0,0.5734515997332417,AEGON LTD,Financieros,Holanda
BKT.MC,13.142857,0.17694001,,0.061,0.11290151724235287,0.14119843124374598,0.3450490959234336,69.55602340916893,0.13810154069277214,-0.5548099462734924,0.09980005432828142,,-0.06974098357229284,0.5682783525297367,0.26716831642451544,0.31207389488584225,1.226501464667513,0.5602405858941036,0.5548099462734924,,8,0.439891453928899,1,0.389891453928899,BANKINTER SA,Financieros,España
TELIA.ST,35.864002,0.105579995,169.141,0.046,-0.029443534013613992,0.15890138676677434,0.34792108182221604,45.25068027878471,0.04756945920304689,0.5916166199346775,-0.24102436521683054,0.06866667340921771,-0.1200553128094307,-0.5283697457636342,0.3351300928966076,0.31798030178135506,-0.5307101711508851,-0.06416305994588976,-0.5916166199346775,-0.06866667340921771,9,-0.16572172817251143,0,-0.16572172817251143,TELIA COMPANY,Comunicación,Suecia
SMIN.L,35.486485,0.12528,73.095,-0.01,0.003558718861210064,-0.030496650409185144,0.09701851170618325,48.8389046120556,0.020574775078070484,0.5725684813837724,-0.14693466009049608,-0.11577512710563687,-0.30789547529474537,-0.27411532992523574,-0.39197036499369364,-0.19801550128420525,-0.2712910995283961,-0.2503465532288455,-0.5725684813837724,0.11577512710563687,9,-0.2552624820693059,0,-0.2552624820693059,SMITHS GROUP PLC,Industriales,Reino Unido
AC.PA,28.79503,0.09798,91.202,-0.012,0.10812525263899286,0.012961782715441128,-0.03938712120554,24.040960639385645,0.04044374232125225,0.23494193225579085,-0.27732289856804626,-0.08100337521672456,-0.31460405252636375,0.5314812777596285,-0.22513312055723625,-0.47854165956309586,-2.064116465514477,-0.11330943465639645,-0.23494193225579085,0.08100337521672456,9,-0.3439427678516726,0,-0.3439427678516726,ACCOR SA,Consumo discrecional,Francia
AKZA.AS,15.790055,0.13149999,120.894,-0.087,0.1138271250333922,-0.018806744530188713,0.014066867992919452,34.67739909380414,0.03429302865239059,-0.42124193668536924,-0.11722720443306099,-0.023984384931995735,-0.5661756987120531,0.5754093768600699,-0.347092730335758,-0.3686104058865742,-1.2951302670680376,-0.15573117042297083,0.42124193668536924,0.023984384931995735,9,-0.20325908648677998,0,-0.20325908648677998,AKZO NOBEL NV,Materials,Holanda
BCP.LS,15.228571,0.1359,,0.111,0.25048767155221774,0.2207999636961564,0.5985316391251014,55.08474975804538,0.23223806236670974,-0.4495723828006873,-0.09621220248494367,,0.09797344721816673,1.6282631791472113,0.5727591850413095,0.8333755634257742,0.18026688536311827,1.2095042101550042,0.4495723828006873,,8,0.609437831333291,1,0.559437831333291,BANCO COMERCIAL PORTUGUES SA,Financieros,Portugal
ORSTED.CO,,0.00727,65.163,0.334,0.04198594152483892,0.30970721111780275,-0.4285714285714286,51.80136243826819,0.17340714275804414,,-0.710565283633928,-0.13100733210827964,0.8459798085436163,0.021933884887197202,0.9140747618758659,-1.278921939154912,-0.057113281304780064,0.8037448363805325,,0.13100733210827964,8,0.08376751496273394,1,0.03376751496273393,ORSTED A/S,Servicios,Dinamarca
SGE.L,20.885,0.75564003,919.091,0.097,-0.012405816087933008,-0.1335277388535674,-0.29424712634625594,53.09479528270912,-0.0597408600271776,-0.16416949155245514,2.86374423801777,1.5088320972281712,0.051013406596838055,-0.39710855475209406,-0.7875074714065122,-1.002676159106324,0.0363984717368796,-0.8042869305233085,0.16416949155245514,-1.5088320972281712,9,-0.15389840056805193,0,-0.15389840056805193,THE SAGE GROUP PLC,Tecnología de la Información,Reino Unido
MNG.L,29.5,0.09645,216.813,0.37,0.03665983560493835,0.012726393222143306,0.17954054322282165,43.376908037227366,0.0294910617747568,0.27051216150171015,-0.2846303712739309,0.16021353131214078,0.9667341987127471,-0.019099251683633783,-0.22603678255348178,-0.028304119279081833,-0.6661789184166655,-0.18885054176911314,-0.27051216150171015,-0.16021353131214078,9,-0.09745460878633454,0,-0.09745460878633454,M&G PLC,Financieros,Reino Unido
WISE.L,25.086487,0.27232,25.125,0.268,0.026054002842254897,0.11076923076923073,0.058651026392961825,60.060539561120784,0.17825162899335112,0.047822303507972744,0.5553468998266824,-0.2078942488878826,0.6245967599002097,-0.10080821330464265,0.15035039197210634,-0.2769204777722748,0.5400032483696673,0.8371574655587387,-0.047822303507972744,0.2078942488878826,9,0.2766442244367108,0,0.2766442244367108,WISE PLC CLASS A,Financieros,Reino Unido
PSON.L,24.137257,0.08708999,40.513,0.032,0.04059729351376573,0.15087202929191879,0.054635140887929534,41.915792918903506,0.06025546812254157,-7.2399397262936e-05,-0.329334957941779,-0.1783439248106427,-0.16701535343075938,0.011235527711408483,0.3043053304883865,-0.28517938107976254,-0.7718136536851932,0.02333288723820486,7.2399397262936e-05,0.1783439248106427,9,-0.11511703072128762,0,-0.11511703072128762,PEARSON PLC,Consumo discrecional,Reino Unido
PZU.WA,9.704109,0.18290001,61.905,-0.047,0.06270615730789753,0.02815667299053759,0.25488151346835175,71.11514664613566,0.09306474979527546,-0.7283166978784493,0.1282657649995707,-0.13726382780906254,-0.43200415407968545,0.18156560396859384,-0.1667998250207507,0.12663899042123852,1.3392219261304845,0.2496199089960263,0.7283166978784493,0.13726382780906254,9,0.2546765267892211,0,0.2546765267892211,PZU SA,Financieros,Polonia
BEZ.L,11.704545,0.19274001,13.08,0.011,0.001962323390894749,0.10828735910179565,0.4170333098269763,49.5012456195825,0.14589261234365947,-0.6273819529789646,0.1752628443629074,-0.23102484763433145,-0.23745541436275241,-0.28641420537751494,0.14082246838470147,0.46011363893479373,-0.223405607064355,0.6139759409612108,0.6273819529789646,0.23102484763433145,9,0.16681182960580968,0,0.16681182960580968,BEAZLEY PLC,Financieros,Reino Unido
AKRBP.OL,14.76148,0.12066,83.373,0.42,0.016878834213514216,0.2781199741583682,0.46331599502556853,82.46488579914075,0.17061770360924466,-0.4731401005031508,-0.16900036198669688,-0.0960377843147692,1.1344486295032066,-0.1714951190976369,0.7928111268395808,0.5552966867052241,2.15977786710925,0.7845059550282145,0.4731401005031508,0.0960377843147692,9,0.6283914076576735,0,0.6283914076576735,AKER BP,Energía,Noruega
OMV.VI,17.710674,0.06813,36.964,-0.041,0.1536297336007959,0.37163673732032,0.4383459866173214,92.47311254583788,0.2316319565888898,-0.32433446810646754,-0.4198902582220709,-0.18515924195063002,-0.4118784223848303,0.882054775540405,1.15182266850779,0.5039444046811352,2.883346030655152,1.2053238726303621,0.32433446810646754,0.18515924195063002,9,0.7004685312738934,0,0.7004685312738934,OMV AG,Energía,Austria
SVT.L,24.227642,0.20542999,596.632,0.153,0.013954945152991671,0.13610518473585587,0.1975899153034486,56.98876766354545,0.08530789027199703,0.004488099872766054,0.23587178716566726,0.8895984117834936,0.23885356908215274,-0.19402120869155545,0.2476153056158842,0.00881546956078187,0.3179223136532354,0.19612051643921852,-0.004488099872766054,-0.8895984117834936,9,0.017454582352124975,0,0.017454582352124975,SEVERN TRENT PLC,Servicios,Reino Unido
FORTUM.HE,21.98913,0.09157,48.465,0.213,-0.048000021541819815,0.11313914729983887,0.33236689845819933,55.98631232756114,0.05165353820217833,-0.10845909647564786,-0.30793786591753697,-0.16307331283623333,0.44011088603070425,-0.6713317706409025,0.15944851896571435,0.28599221440451744,0.24544746022984193,-0.03599499206328353,0.10845909647564786,0.16307331283623333,9,0.04302965114677068,0,0.04302965114677068,FORTUM,Servicios,Finlandia
MKS.L,33.191666,0.07802,106.358,0.272,-0.027233483764117716,-0.0649584504396411,-0.04912173941901177,43.703563014973696,-0.06235711077626915,0.45678023804307494,-0.37265437256115613,-0.051898572011977485,0.6380139143634465,-0.5113431798109854,-0.5242694688043062,-0.49856147099935993,-0.642562632700613,-0.8223313240607506,-0.45678023804307494,0.051898572011977485,9,-0.3487322445116469,0,-0.3487322445116469,MARKS AND SPENCER GROUP PLC,Productos básicos de consumo,Reino Unido
G1A.DE,23.144531,0.16649,9.675,0.012,-0.005272102564575887,-0.003634738010333871,-0.013379111814395772,41.346149261176784,0.004276300857160242,-0.05016175270078584,0.04988949037323435,-0.23756363457759905,-0.2341011257469432,-0.34214933207359327,-0.28884728570397306,-0.42505466783673035,-0.812997374411037,-0.36275782841111887,0.05016175270078584,0.23756363457759905,9,-0.23647697072575294,0,-0.23647697072575294,GEA GROUP AG,Industriales,Alemania
IMI.L,24.016129,0.28247,58.038,0.091,-0.04933981931897147,0.008938658841952885,0.24267627926843627,46.93306356884296,0.026560277116283837,-0.006184078941214876,0.6038245782350024,-0.14468981580013915,0.03088767490198289,-0.6816537781251596,-0.24057792270080358,0.10153821277804374,-0.4090783358240634,-0.20906428915909367,0.006184078941214876,0.14468981580013915,9,-0.07258332946141526,0,-0.07258332946141526,IMI PLC,Industriales,Reino Unido
TEL.OL,11.295823,0.25035998,128.144,-0.051,-0.15999205218010748,-0.06582851949518387,-0.13717474091454596,40.66852237454102,-0.12701204592069326,-0.6480045826481002,0.45046307840793615,-0.010061857666594827,-0.4454213085429222,-1.5341355445679772,-0.5276096703085783,-0.6796476161034505,-0.8619879952614465,-1.2682591825769445,0.6480045826481002,0.010061857666594827,9,-0.4676146442931876,0,-0.4676146442931876,TELENOR,Comunicación,Noruega
RXL.PA,19.150755,0.10777,94.537,-0.002,0.11590566390206525,0.1149567985310862,0.48492548080211084,54.341731905688185,0.12911303343153024,-0.2516732040772284,-0.2305646255022874,-0.07459901267464013,-0.2810611663682719,0.5914227589723868,0.16642649541272983,0.5997378574829652,0.12654867168562117,0.49824646610557694,0.2516732040772284,0.07459901267464013,9,0.19966985272673213,0,0.19966985272673213,REXEL SA,Industriales,Francia
BEAN.SW,56.18243,0.35181,21.038,0.205,0.14699792960662528,-0.03961320161662585,-0.054669670500565815,37.69968051118211,0.04946978919270206,1.6168108010724649,0.9350011517160766,-0.21574271356839209,0.41327657710423066,0.8309623408242613,-0.42696887213847573,-0.5099711155974801,-1.0766273623838718,-0.051056402567483714,-1.6168108010724649,0.21574271356839209,9,-0.14293908561631286,0,-0.14293908561631286,BELIMO N AG,Industriales,Suiza
SDLF.L,,-0.22272,587.461,1.279,-0.009610421316964324,0.05663702340207433,0.17507141501514445,43.98386435017157,0.0362881315076824,,-1.8090264912328933,0.8719868948799087,3.0,-0.37557240486480714,-0.057463550295443824,-0.037495142700870156,-0.6222975920014178,-0.14197086052872224,,-0.8719868948799087,8,-0.11447661706300787,1,-0.16447661706300787,STANDARD LIFE PLC,Financieros,Reino Unido
INDU C.ST,,,,,0.05700567688135716,0.06462021792056616,0.43321092360974855,46.49554459351049,0.11701096844965764,,,,,0.13764822880194555,-0.026816007816267924,0.4933838474131908,-0.440709793574786,0.414778005284521,,,5,0.11565685602172068,4,-0.08434314397827933,INDUSTRIVARDEN SERIES,Financieros,Suecia
EVO.ST,11.700034,0.26685,2.13,-0.012,0.07952409011227579,0.1632928302737675,-0.17904764811197915,55.65437678835043,0.08226870783084106,-0.627609561677389,0.5292214908716567,-0.2520526646765576,-0.31460405252636375,0.3111335367095925,0.3519888768224815,-0.7657616976213766,0.22144940397061794,0.17515914489662282,0.627609561677389,0.2520526646765576,9,0.1542498810530197,0,0.1542498810530197,EVOLUTION,Consumo discrecional,Suecia
TEL2 B.ST,,,,,0.020675108365355355,0.05975240461064435,0.19815279692227494,53.21506456704177,0.09225448169179695,,,,,-0.14224804101179195,-0.04550357891966006,0.009973068515638409,0.045093620977405616,0.24403145516182106,,,5,0.02226930494468261,4,-0.1777306950553174,TELE2 B,Comunicación,Suecia
MICC.AS,32.95,0.17879999,539.652,-0.041,0.40703874713026855,0.13621356117484718,,52.35600749813834,,0.4445866482152182,0.10868355307566133,0.7801769492203843,-0.4118784223848303,2.834356666793166,0.24803136356236594,,-0.01701391929517213,,-0.4445866482152182,-0.7801769492203843,7,0.21963080633079832,2,0.11963080633079831,MAGNUM ICE CREAM NV,Productos básicos de consumo,Holanda
HOT.DE,43.46442,0.641,532.595,0.053,0.010132737569422456,0.28732686236381655,1.5413788068156182,36.93843648927962,0.20427177917691508,0.9751061451978966,2.316209015647312,0.7666250492325313,-0.09657529249876637,-0.22346808191137857,0.8281564383842139,2.772395882091969,-1.131663279622663,1.0166195564835503,-0.9751061451978966,-0.7666250492325313,9,0.41554922712708997,0,0.41554922712708997,HOCHTIEF AG,Industriales,Alemania
ACLN.SW,37.9602,0.57523,118.362,0.267,-0.05052918476884383,0.1371326103296957,0.1438561783621486,34.90813890061443,0.06418564700508744,0.6973831680215999,2.002083211813302,-0.028846707557650255,0.6212424712844006,-0.690816831896751,0.25155960002816014,-0.10169110170278582,-1.2784483929962138,0.05043949942124088,-0.6973831680215999,0.028846707557650255,9,0.020647999498600356,0,0.020647999498600356,ACCELLERON N AG,Industriales,Suiza
LI.PA,8.370044,0.13191,74.272,0.015,0.11251176851511513,0.23016706672288167,0.20061359114919997,84.18206166824656,0.15793747392952895,-0.7956287790719149,-0.11526894503166249,-0.11351487681717108,-0.22403825989951562,0.5652756685813574,0.608719562463331,0.01503383569994448,2.283925113323898,0.6970498675085481,0.7956287790719149,0.11351487681717108,9,0.5266489442816652,0,0.5266489442816652,KLEPIERRE REIT SA,Inmobiliario,Francia
COLO B.CO,,,,,0.07711725531355351,-0.2132954110692431,-0.26872955675050736,66.03773813625861,-0.09867023306366451,,,,,0.29259091241997953,-1.0937361517965705,-0.950197785490022,0.9721388010127912,-1.0727844846970331,,,5,-0.37039774171017104,4,-0.5703977417101711,COLOPLAST B,Cuidado de la Salud,Dinamarca
SPIE.PA,46.923077,0.083680004,139.616,0.026,0.09002377225555369,0.05808681936302462,0.027128349983084554,45.600006510421075,0.041516064939394415,1.1496174327321231,-0.3456214805708306,0.011968381338740258,-0.18714108512561453,0.3920246976843785,-0.05189777293696403,-0.3417487046069709,-0.5054548141030497,-0.10591357960405631,-1.1496174327321231,-0.011968381338740258,9,-0.2563709503704412,0,-0.2563709503704412,SPIE SA,Industriales,Francia
FME.DE,13.235474,0.07852,77.75,-0.055,0.15380172832412575,0.20058158237813872,-0.020461318356598368,76.71688388697518,0.1075016516104923,-0.5501368283790156,-0.3702663095853768,-0.10683590442695531,-0.45883846300615905,0.8833798492580504,0.4951406704393147,-0.43961963961254746,1.7442126233445114,0.3491918395174569,0.5501368283790156,0.10683590442695531,9,0.3177970336845801,0,0.3177970336845801,FRESENIUS MEDICAL CARE AG,Cuidado de la Salud,Alemania
CON.DE,,-0.044439998,143.78,-0.104,0.1295456269037092,0.13330511836580516,0.2952249895618857,48.04847481662014,0.10691912689125593,,-0.9575387470367721,0.019964712860551185,-0.6231986051808094,0.6965071251274606,0.2368658302245652,0.209607707464321,-0.3284370705350924,0.34517414156444576,,-0.019964712860551185,8,-0.05512304140405407,1,-0.10512304140405407,CONTINENTAL AG,Consumo discrecional,Alemania
ABVX.PA,,-1.5706799,7.964,0.352,0.1965288473686415,0.126923047579252,1.0561402973375826,49.61636459354083,0.17307920199025761,,-3.0,-0.24084935101223365,0.9063570036281816,1.2125561250209813,0.2123650135298284,1.7744745205823487,-0.21508281155976597,0.8014830148510151,,0.24084935101223365,8,0.24162527713310283,1,0.19162527713310284,ABIVAX SA,Cuidado de la Salud,Francia
ERF.PA,27.31765,0.094969995,96.838,0.043,0.13391168511190443,-0.014818906416546263,0.0224334228091021,54.95147558372258,0.09736498342861033,0.16039869597150033,-0.2916990615628674,-0.07018029057289014,-0.1301181786568583,0.7301439069390431,-0.33178339048379324,-0.35140409680304546,0.17063151718017128,0.27927880465416705,-0.16039869597150033,0.07018029057289014,9,-0.0016854337924214697,0,-0.0016854337924214697,EUROFINS SCIENTIFIC,Cuidado de la Salud,Francia
SKF B.ST,,,,,0.04953034267579093,0.005913997228182755,0.09491733343882314,47.57525689580562,0.026206447577073577,,,,,0.0800571080126448,-0.2521896208848365,-0.20233669722472108,-0.3626494670551624,-0.2115046666545989,,,5,-0.1897246687613348,4,-0.3897246687613348,SKF B,Industriales,Suecia
HEIO.AS,20.958702,0.100760005,94.807,-0.028,0.20074712255111682,0.17928779401767647,0.10819858212782751,72.5274679209058,0.1381823997979661,-0.16045075595252514,-0.26404524454208356,-0.07408051855579072,-0.36827267037931083,1.245054363745285,0.41339366029090896,-0.17502303288151824,1.441328996342447,0.5607982746078907,0.16045075595252514,0.07408051855579072,9,0.34308506907688163,0,0.34308506907688163,HEINEKEN HOLDING NV,Productos básicos de consumo,Holanda
SKA B.ST,,,,,0.021310828776812674,-0.012110239140131207,0.17373901885546128,47.40107719135255,0.03550692354088736,,,,,-0.13735035349740618,-0.3213847968852538,-0.04023529329438236,-0.3752421962236608,-0.14735888535483244,,,5,-0.2043143050511071,4,-0.4043143050511071,SKANSKA B,Industriales,Suecia
GAW.L,32.275642,0.67894995,15.602,0.109,0.03134635551330178,0.1257273797828764,0.2868343638032669,48.577776125153086,0.09628132026003677,0.4105609894583635,2.4974627567026637,-0.22618172849456025,0.09126486998654834,-0.06003511693780904,0.20777483606446379,0.19235189508049866,-0.29016999431162294,0.2718047333394957,-0.4105609894583635,0.22618172849456025,9,0.30289719099560386,0,0.30289719099560386,GAMES WORKSHOP GROUP PLC,Consumo discrecional,Reino Unido
ADDT B.ST,,,,,0.07493855478837763,0.06968211168202032,0.06751446298357666,51.53835250811406,0.08967994368307775,,,,,0.275805869549831,-0.007383360431828444,-0.2586923022721996,-0.07612819942888893,0.22627475618235093,,,5,0.03197535271985299,4,-0.16802464728014702,ADDTECH CLASS B,Industriales,Suecia
MAERSK B.CO,,,,,0.12436462216197897,0.14894985497924873,0.26699846877204103,52.00617283950617,0.11768684876780311,,,,,0.6565918702792228,0.29692608916293955,0.15155821735360994,-0.04230603426196406,0.4194395808040171,,,5,0.29644194466756507,4,0.09644194466756506,A P MOLLER MAERSK B,Industriales,Dinamarca
PNDORA.CO,11.480144,1.2942799,420.796,-0.032,-0.007194256889340167,0.0031143783197566943,-0.5033652135977716,35.20580429290426,-0.20047226722201128,-0.6387044135276596,3.0,0.5519319974056958,-0.3816898248425476,-0.3569579036837761,-0.26293737846768706,-1.4327397304638365,-1.2569279771721618,-1.7749174770729295,0.6387044135276596,-0.5519319974056958,9,-0.26437754173121936,0,-0.26437754173121936,PANDORA,Consumo discrecional,Dinamarca
ORNBV.HE,18.313398,0.53653,10.458,0.252,0.04220566687974259,0.13190788390093644,0.13078593729555443,63.403255775572866,0.14236715203536732,-0.29392320117026116,1.8172471374879833,-0.23606000163293575,0.5709281420472626,0.023626682708237295,0.23150183683617379,-0.12857081653511612,0.7816727362581591,0.5896606901292543,0.29392320117026116,0.23606000163293575,9,0.4906721790816835,0,0.4906721790816835,ORION CLASS B,Cuidado de la Salud,Finlandia
TEN.MI,14.850299,0.11625,2.73,0.061,-0.048403483707795236,0.33952606320380796,0.604600258761931,68.00005798348691,0.17418275755175583,-0.46865861591317776,-0.19006307743307035,-0.25090045552355894,-0.06974098357229284,-0.6744401050237722,1.0285495543751917,0.8458560344769762,1.1140093045580108,0.8090942848521882,0.46865861591317776,0.25090045552355894,9,0.3980915648522187,0,0.3980915648522187,TENARIS SA,Energía,Italia
WEIR.L,25.810528,0.1314,93.081,0.055,-0.13210685510570563,-0.18181002405645708,-0.020199101180617074,53.78633798833373,-0.0823776695511591,0.08435478624262055,-0.11770476926695744,-0.0773950402192503,-0.08986671526714798,-1.3193037111297439,-0.9728635194546557,-0.4390803746610745,0.0863951692724838,-0.9604139759239348,-0.08435478624262055,0.0773950402192503,9,-0.4244219602727112,0,-0.4244219602727112,WEIR GROUP PLC,Industriales,Reino Unido
HSX.L,13.744361,0.15819,22.848,0.047,-0.007051282051282026,0.027360643240347926,0.18454526648937808,38.185321369719176,0.00856523249232466,-0.5244602361122976,0.01024764497529785,-0.21226688262351268,-0.11670102419362151,-0.35585640361140397,-0.16985578908715485,-0.018011613308125007,-1.0415168205218495,-0.3331768831187135,0.5244602361122976,0.21226688262351268,9,-0.14312708556997336,0,-0.14312708556997336,HISCOX LTD,Financieros,Reino Unido
MOWI.OL,10.633117,0.19492,75.01,0.141,-0.03609909857043114,-0.08479694623026834,0.04724924978504563,74.92066629173578,-0.07487582319958219,-0.6814423237472197,0.18567475117604576,-0.11209765955898268,0.1986021056924424,-0.5796452354972215,-0.6004296000722917,-0.30036889790784793,1.6143508706473992,-0.9086734201410912,0.6814423237472197,0.11209765955898268,9,0.04478339524484863,0,0.04478339524484863,MOWI,Productos básicos de consumo,Noruega
GALP.LS,19.334953,0.16070999,87.31,0.048,0.04422174357376352,0.2859121248153158,0.2273641061514564,66.75601709146474,0.11491391086477232,-0.2423792410906619,0.022283434611966038,-0.08847737192250943,-0.11334673557781232,0.03915884665074008,0.8227252505290102,0.0700478336220192,1.0240684582523902,0.40031450925093637,0.2423792410906619,0.08847737192250943,9,0.2884564678169357,0,0.2884564678169357,GALP ENERGIA SGPS SA CLASS B,Energía,Portugal
QIA.DE,20.55814,0.11934,50.036,0.018,0.10042393594635923,-0.22367921441246552,-0.15586627401377395,58.11099596869487,-0.03602837818572446,-0.1806616616183036,-0.17530484824275425,-0.1600564452039651,-0.21397539405208804,0.4721491532437955,-1.1335996492122564,-0.7180878466184362,0.3990564340511542,-0.6407409270505133,0.1806616616183036,0.1600564452039651,9,-0.18553166345098107,0,-0.18553166345098107,QIAGEN NV,Cuidado de la Salud,Alemania
DHER.DE,,-0.30992,257.86,0.101,0.9804024102434556,0.5106216133213071,0.4376639027367848,62.014414630009696,0.5643587585070546,,-2.2255046742088043,0.23903807981736994,0.06443056106007483,3.0,1.6853866298188505,0.5025416593065749,0.681263216911111,3.0,,-0.23903807981736994,8,0.8086349141338047,1,0.7586349141338047,DELIVERY HERO,Consumo discrecional,Alemania
RBI.VI,17.758064,0.06126,,-0.063,0.23807359003305062,0.41985288907409246,1.300901608071456,49.33333062065903,0.3505489048668504,-0.3219433405918724,-0.45270224350927846,,-0.4856727719326326,1.5326231918773143,1.3369248297583087,2.277840464713958,-0.23554541469241105,2.0254991611589004,0.3219433405918724,,8,0.790113819745754,1,0.740113819745754,RAIFFEISEN BANK INTERNATIONAL AG,Financieros,Austria
STB.OL,17.26795,0.15183,196.577,1.279,0.13922582319445165,0.18702641029948497,0.3776262277830744,73.87755966345941,0.175712685727619,-0.3466727153690042,-0.020128516076614953,0.12135335727867144,3.0,0.7710848414560728,0.4431022651203919,0.3790706709958446,1.5389370369576723,0.8196462650470842,0.3466727153690042,-0.12135335727867144,9,0.7952257690656426,0,0.7952257690656426,STOREBRAND,Financieros,Noruega
STJ.L,10.777778,0.38612,29.909,1.282,-0.03817097415506954,-0.18899321366042432,0.044620347917764924,46.64645187476982,-0.06179134754920168,-0.67414325437839,1.0988700331140526,-0.19870730124130637,3.0,-0.5956072826477642,-1.0004398371823051,-0.3057753882820228,-0.42979959867911655,-0.8184292308375518,0.67414325437839,0.19870730124130637,9,0.20240769456722102,0,0.20240769456722102,ST JAMESS PLACE PLC,Financieros,Reino Unido
TREL B.ST,,,,,0.02704083189672346,0.06334575639314166,0.18712631212563724,47.426750102108436,0.052700151826560404,,,,,-0.09320553097480486,-0.03170867499471927,-0.012703542070694098,-0.3733861130873904,-0.028776453042680693,,,5,-0.10795606283405787,4,-0.30795606283405785,TRELLEBORG B,Industriales,Suecia
ELI.BR,24.972776,0.09034,198.675,0.146,0.0014629695474170923,0.2404990749496303,0.35207196781506944,54.852321490080186,0.1284585053912064,0.04208485888226838,-0.31381250083795403,0.12538224861699024,0.21537354877148837,-0.29026130394535016,0.6483842180458802,0.3265168414840989,0.16346294004251152,0.49373215816128097,-0.04208485888226838,-0.12538224861699024,9,0.1195476438025219,0,0.1195476438025219,ELIA GROUP SA,Servicios,Bélgica
SECU B.ST,,,,,0.0580858287244741,0.024586256367443493,0.12102054986815602,51.46140820215074,0.07083940228330587,,,,,0.1459698842031734,-0.1805066807000364,-0.1486539066585711,-0.08169106801393214,0.0963307347256916,,,5,-0.03371020728873493,4,-0.23371020728873493,SECURITAS B,Industriales,Suecia
IGG.L,16.609526,,30.835,0.081,0.007806739604653945,0.11822086340093496,0.345031655810937,40.6515002402456,0.07098251841991865,-0.379894402279107,,-0.1969290584485117,-0.002655211256109004,-0.24138792683883412,0.17895726445784813,0.3120380282749539,-0.8632186502779139,0.09731781285323574,0.379894402279107,0.1969290584485117,8,0.007234347242599932,1,-0.042765652757400074,IG GROUP HOLDINGS PLC,Financieros,Reino Unido
BNR.DE,36.797466,0.05017,74.834,-0.101,-0.0004106448564528131,0.1840985408479905,0.051147114241838265,70.80290598903412,0.11598152898683978,0.6387158276638191,-0.5056694803120636,-0.11243564091052898,-0.6131357393333817,-0.30469591656313777,0.4318621527593179,-0.2923527117855086,1.316647757442921,0.40767791719223534,-0.6387158276638191,0.11243564091052898,9,-0.009549578594767535,0,-0.009549578594767535,BRENNTAG,Industriales,Alemania
LIFCO B.ST,,,,,0.08686281823145925,-0.047662604688822885,-0.10773998234751125,48.17932193942066,-0.04527274654315705,,,,,0.36767222326584376,-0.45787058974234196,-0.619113314371053,-0.3189771717192227,-0.7044997317845444,,,5,-0.34655771687026365,4,-0.5465577168702637,LIFCO CLASS B,Industriales,Suecia
SBRY.L,19.63889,0.064109996,107.333,0.026,-0.04673444029951923,0.049201265055005994,0.0736783198524944,49.160938769057836,-0.0014123664888597842,-0.22704368246218545,-0.43909030365184026,-0.05002623213835461,-0.18714108512561453,-0.6615815387195345,-0.08600948128570053,-0.24601597028569377,-0.24800888685689976,-0.4019928108877888,0.22704368246218545,0.05002623213835461,9,-0.22141890691250357,0,-0.22141890691250357,SAINSBURY(J) PLC,Productos básicos de consumo,Reino Unido
ORK.OL,16.562986,0.1358,37.017,0.013,-0.061632504513641884,-0.008532948996207712,0.02312885441511181,53.63637246374998,-0.005384204337112841,-0.3822426418766858,-0.09668981508009947,-0.18505746347544846,-0.230746837131134,-0.7763585094994391,-0.3076515537089439,-0.34997390105074927,0.07555306087859963,-0.4293867467426266,0.3822426418766858,0.18505746347544846,9,-0.17199491077580648,0,-0.17199491077580648,ORKLA,Productos básicos de consumo,Noruega
SDR.L,17.279411,0.12297,12.871,0.155,0.0017271157167531026,0.27002710531271323,0.439809332899999,49.31248355962404,0.15414210364023861,-0.34609443487850455,-0.15796751103859652,-0.23142620048929266,0.24556214631377113,-0.2882262813596129,0.7617425438116845,0.5069538618578554,-0.2370526017346502,0.6708730359704967,0.34609443487850455,0.23142620048929266,9,0.23104509213208285,0,0.23104509213208285,SCHRODERS PLC,Financieros,Reino Unido
EXO.AS,,-0.10617,11.155,,-0.009547968551340213,-0.03958281936740682,-0.24924390305487398,47.78322901484612,-0.03458810440200877,,-1.2523690115787371,-0.2347215186668689,,-0.3750912591835872,-0.4268522344602385,-0.9101243995446889,-0.34761363622803365,-0.6308072970404499,,0.2347215186668689,7,-0.5297337599098381,2,-0.629733759909838,EXOR NV,Financieros,Holanda
BEI.DE,18.475294,0.11161,2.518,-0.002,0.07551305591907953,-0.19385477906476534,-0.2826686426861985,59.86511531264132,-0.06877678536536747,-0.2857545162134581,-0.21222430184830235,-0.25130756942428517,-0.2810611663682719,0.28023191433953504,-1.0191034225302145,-0.9788643305878284,0.525874595196288,-0.8666080948206748,0.2857545162134581,0.25130756942428517,9,-0.2238547467757473,0,-0.2238547467757473,BEIERSDORF AG,Productos básicos de consumo,Alemania
PSPN.SW,16.344444,0.07381,61.981,0.005,-0.06186222423120957,0.0299728434542339,0.07398870436157456,66.37170890058579,0.009079854049165004,-0.39326947853620553,-0.3927618628172179,-0.1371178813163494,-0.2575811460576075,-0.7781283054227135,-0.15982753325125582,-0.24537764639786805,0.9962839986325378,-0.32962751618677755,0.39326947853620553,0.1371178813163494,9,-0.07073696129426085,0,-0.07073696129426085,PSP SWISS PROPERTY AG,Inmobiliario,Suiza
HM B.ST,,,,,0.043257017708446366,-0.10781394450782278,0.2972072139269255,47.92781763176267,-0.037060190392192216,,,,,0.03172645067884195,-0.6887920257679809,0.21368426775073746,-0.3371602639514237,-0.6478573800574376,,,5,-0.28567979026945256,4,-0.48567979026945257,HENNES & MAURITZ,Consumo discrecional,Suecia
GTT.PA,17.096483,0.78683996,21.431,0.196,-0.03661270023971119,0.10288966001459698,0.26422427209305765,59.21051773007285,0.05229455693606955,-0.3553243182714114,3.0,-0.21498801657317793,0.383087979561948,-0.5836021014994223,0.12010066188461606,0.14585291970531628,0.4785489317527648,-0.03157385838440264,0.3553243182714114,0.21498801657317793,9,0.4536363186517122,0,0.4536363186517122,GAZTRANSPORT & TECHNIGAZ SA,Energía,Francia
NKT.CO,24.47263,0.13352,13.178,0.032,0.0005361930294907058,0.17432347388294533,0.6339754816112084,48.61910241657077,0.1041975483974047,0.016849305771597576,-0.10757938224965313,-0.23083665347267499,-0.16701535343075938,-0.2974013323268027,0.3943355987771901,0.9062678975253815,-0.2871822134045683,0.32640329805751395,-0.016849305771597576,0.23083665347267499,9,0.10909065118326439,0,0.10909065118326439,NKT,Industriales,Dinamarca
UHR.SW,,0.00209,0.326,-0.021,0.02610017316431934,0.15689295070823306,0.3575364371565066,37.34177052194725,0.03959367807960734,,-0.7353056160630016,-0.25551697352990704,-0.3447926500686465,-0.10045251006492471,0.32741969209423794,0.3377548421345427,-1.102503302266116,-0.11917236416102218,,0.25551697352990704,8,-0.1851918668581279,1,-0.23519186685812793,THE SWATCH GROUP AG,Consumo discrecional,Suiza
ABF.L,15.157894,0.08452,8.369,0.011,-0.00488593681454208,-0.024740562993714188,-0.1804361828487585,48.113600216456135,-0.07451334180708735,-0.45313848787241207,-0.3416095538760252,-0.24007160983395953,-0.23745541436275241,-0.3391742519309118,-0.3698727030651424,-0.7686173004805165,-0.3237286774148953,-0.906173370442702,0.45313848787241207,0.24007160983395953,9,-0.28815790820739706,0,-0.28815790820739706,ASSOCIATED BRITISH FOODS PLC,Productos básicos de consumo,Reino Unido
YAR.OL,7.301561,0.17942,41.749,0.081,-0.13111227608023357,0.11133368156138634,0.19881051581894993,58.252427184466036,0.007246381829294268,-0.8495405558218017,0.1116447989268872,-0.17597037395546541,-0.002655211256109004,-1.31164132183512,0.15251732271517204,0.011325705876524164,0.4092815346262763,-0.34227305266175145,0.8495405558218017,0.17597037395546541,9,0.005967856241016274,0,0.005967856241016274,YARA INTERNATIONAL,Materials,Noruega
MRO.L,16.22069,0.13049,67.563,0.083,-0.02298161498854645,-0.23000718166990985,-0.048335244946699385,48.778354288642305,-0.11895170044305792,-0.3995136565155514,-0.12205104388287574,-0.12639849549628485,0.004053365975509384,-0.4785861308951192,-1.1578927620607704,-0.49694399913902876,-0.2756687267967558,-1.2126666343868688,0.3995136565155514,0.12639849549628485,9,-0.35709375324156367,0,-0.35709375324156367,MELROSE INDUSTRIES PLC,Industriales,Reino Unido
TLX.DE,10.789474,0.20076999,,-0.035,-0.020434145642749924,0.08077218336173941,-0.013655158684106827,47.663550735488116,0.03990499307350848,-0.6735531166402446,0.21361504023140415,,-0.3917526906899752,-0.4589600364936722,0.035191506322828386,-0.42562237436183453,-0.35626605738145956,-0.11702521130649972,0.6735531166402446,,8,-0.1034083383798705,1,-0.1534083383798705,TALANX AG,Financieros,Alemania
SUBC.OL,19.483484,0.108830005,19.244,0.17,0.15248880463999215,0.5426268110368544,0.7583205180309938,36.85897796425237,0.28996500975012385,-0.2348849055584751,-0.22550190811300555,-0.21918781893585818,0.295876475550909,0.8732648839065655,1.8082548192722832,1.1619907340629716,-1.1374079195561067,1.6076494401805403,0.2348849055584751,0.21918781893585818,9,0.5375776944220545,0,0.5375776944220545,SUBSEA SA,Energía,Noruega
ZAL.DE,64.15909,0.04276,52.176,0.238,0.281306651454033,0.13005202199946164,0.034432254957045494,74.52473082252112,0.20516633160328746,2.0192841330110656,-0.5410605736131129,-0.1559468992249364,0.5239681014259339,1.8656973252763385,0.22437716934508548,-0.3267277970458782,1.5857257897421446,1.0227893229048084,-2.0192841330110656,0.1559468992249364,9,0.2768257893610212,0,0.2768257893610212,ZALANDO,Consumo discrecional,Alemania
DCC.L,21.840277,0.10375,98.36,0.013,0.11527379522659364,0.2652573046270348,0.21409802588045368,43.34250188387905,0.11330174818555339,-0.11596967895992775,-0.24976465182755306,-0.0672575200214501,-0.230746837131134,0.5865547458225582,0.7434312438937227,0.04276536401717386,-0.6686663917546507,0.38919535416218787,0.11596967895992775,0.0672575200214501,9,0.08844400290707587,0,0.08844400290707587,DCC PLC,Energía,Reino Unido
EBP.WA,11.833861,0.16262,,0.004,0.1316849329562626,0.3437979416960666,0.42886842619119525,64.6569691417202,0.2469517259622005,-0.6208571366532126,0.031405882940702456,,-0.26093543467341673,0.7129886669408214,1.0449493273300048,0.48445324761199987,0.8723128767061707,1.3109849785357721,0.6208571366532126,,8,0.6021270852556584,1,0.5521270852556583,ERSTE BANK POLSKA SA,Financieros,Polonia
KBX.DE,29.88304,0.17864999,70.51,-0.009,0.037800003077420596,0.04874610913457533,0.1850473664962673,46.666666666666664,0.06937928155579032,0.28983897060047603,0.10796713418292761,-0.12073922820647291,-0.3045411866789362,-0.010315226672569688,-0.08775682821226426,-0.01697901529147572,-0.42833812301320084,0.08626021949368813,-0.28983897060047603,0.12073922820647291,9,-0.09142252984287046,0,-0.09142252984287046,KNORR BREMSE AG,Industriales,Alemania
TRYG.CO,20.819891,0.121479996,19.387,0.053,-0.03244270657531334,-0.027643907479375396,-0.00862084007627062,49.783582596053286,-0.011504760961960736,-0.1674546555395364,-0.1650839578109226,-0.21891320908772682,-0.09657529249876637,-0.5514758309925956,-0.3810186639019821,-0.41526900384140897,-0.20299339491763388,-0.47160048808424027,0.1674546555395364,0.21891320908772682,9,-0.2108498630466985,0,-0.2108498630466985,TRYG,Financieros,Dinamarca
LTMC.MI,31.628206,0.38969,548.164,0.026,-0.03728617989345706,0.21878453952717836,0.038633823163984005,51.64176963015134,0.07152152741332074,0.37789371717435005,1.1159208027611167,0.796522956404259,-0.18714108512561453,-0.5887906920054005,0.56502195683157,-0.3180870264070148,-0.06865141668149456,0.10103538098027595,-0.37789371717435005,-0.796522956404259,9,-0.061678750358352304,0,-0.061678750358352304,LOTTOMATICA GROUP,Consumo discrecional,Italia
AED.BR,6.083551,0.11067,67.042,0.234,0.016246817711800476,-0.000232762566009459,0.14435845505793488,45.736462533696546,0.04481287386287103,-0.9109969226513436,-0.21671386024276743,-0.12739899711080538,0.5105509469626973,-0.17636427112349876,-0.2757870769490018,-0.10065814031509057,-0.49558940670719975,-0.08317534717216142,0.9109969226513436,0.12739899711080538,9,0.022295418246125173,0,0.022295418246125173,AEDIFICA NV,Inmobiliario,Bélgica
ICG.L,11.262195,0.1844,46.983,-0.218,0.03412220194140314,-0.019311055637348473,-0.12429641567943195,56.66463845148666,0.017585308206038652,-0.6497013295580139,0.13542990616564915,-0.16591926944414012,-1.0055875073830571,-0.03864957048099678,-0.34902878438574986,-0.6531625873978497,0.29448863407574594,-0.27096503436060215,0.6497013295580139,0.16591926944414012,9,-0.11909492719607852,0,-0.11909492719607852,ICG PLC,Financieros,Reino Unido
IG.MI,13.943662,0.19504999,263.311,0.01,-0.002614789998631628,0.039837761746610134,0.43210753703313,46.47389638182452,0.035791745868624325,-0.5144042305249096,0.18629559978848886,0.24950589997236303,-0.2408097029785616,-0.3216769886636801,-0.12195603936257671,0.49111466841502127,-0.4422749016773617,-0.14539445355420297,0.5144042305249096,-0.24950589997236303,9,-0.0366448319422585,0,-0.0366448319422585,ITALGAS,Servicios,Italia
EDEN.PA,12.608491,,,0.041,0.35391684853494065,0.566325187658991,0.04978335635384368,81.99403613062611,0.39393330369772817,-0.5817721164668692,,,-0.13682675588847665,2.4250974157107885,1.8992330614448978,-0.29515735960668205,2.1257366889289333,2.3247232191592775,0.5817721164668692,,7,1.2749397694593725,2,1.1749397694593724,EDENRED,Financieros,Francia
ACKB.BR,14.847982,0.11017,30.484,-0.073,-0.012326954339268226,0.140762395838129,0.29509454173153227,37.755136994299754,0.0677844783782986,-0.4687755233293271,-0.2191019232185467,-0.1976031008030159,-0.5192156580907245,-0.39650099174981024,0.2654943732949679,0.209339433875293,-1.0726180062150188,0.0752607936323038,0.4687755233293271,0.1976031008030159,9,-0.11010703937102138,0,-0.11010703937102138,ACKERMANS & VAN HAAREN NV,Industriales,Bélgica
MRL.MC,11.007299,0.09432,59.369,0.103,-0.006256568157690934,0.2244338480018233,0.30791169524360695,44.49539939901059,0.09233015919135812,-0.6625624572001374,-0.29480351955075074,-0.14213383182907038,0.07113913829169317,-0.34973380593481307,0.586709693620847,0.2356986593563991,-0.5853149690807332,0.24455340611949797,0.6625624572001374,0.14213383182907038,9,0.0792160990945942,0,0.0792160990945942,MERLIN PROPERTIES REIT SA,Inmobiliario,España
BAB.L,26.353659,0.33682,174.511,0.089,-0.027839151568714082,-0.2434662998624484,0.054721891308118664,51.92425695595327,-0.08624847805594371,0.11175920654499565,0.863407023702213,0.07897894532855605,0.024179097670364504,-0.5160093374346442,-1.2095624158043448,-0.28500097376926325,-0.04822833467818655,-0.987111108067199,-0.11175920654499565,-0.07897894532855605,9,-0.2610071333616235,0,-0.2610071333616235,BABCOCK INTERNATIONAL GROUP PLC,Industriales,Reino Unido
KCR.HE,16.630304,0.21146,20.956,-0.077,-0.11426723887947388,-0.0623605333879762,0.28815247667235067,61.27661767618233,-0.0029427472177685488,-0.37884601976173504,0.2646718744148252,-0.2159001821526352,-0.5326328125539612,-1.181864572668929,-0.5142960461332378,0.19506267125190016,0.6279224603053714,-0.4125479123604347,0.37884601976173504,0.2159001821526352,9,-0.10654868175889952,0,-0.10654868175889952,KONECRANES,Industriales,Finlandia
KGF.L,20.992857,0.039189998,38.016,0.018,-0.01331510017070403,-0.09461158257129687,0.03634617540270679,52.86561529589392,-0.05445327398096855,-0.1587274185340613,-0.558111352812429,-0.18313903523570566,-0.21397539405208804,-0.4041138187312833,-0.6381080611798836,-0.322791707762672,0.019829368500277098,-0.7678182229600088,0.1587274185340613,0.18313903523570566,9,-0.28258030391425787,0,-0.28258030391425787,KINGFISHER PLC,Consumo discrecional,Reino Unido
ANA.MC,17.123474,0.17834,214.845,-0.017,0.0703611545607652,0.42321448820906804,0.4983813178363685,37.89447929178342,0.19925811966650686,-0.35396245030883616,0.10648658289920392,0.15643428529030506,-0.33137549560540974,0.24054087641907468,1.3498300335646902,0.6274105729645171,-1.0625439288738159,0.982040131976951,0.35396245030883616,-0.15643428529030506,9,0.23443521537374915,0,0.23443521537374915,ACCIONA SA,Servicios,España
SRT3.DE,92.42554,0.06177,110.543,0.018,0.016286645413707834,-0.1616199683650995,0.1443997016722094,43.52941176470588,-0.057327454539832234,3.4455066764786113,-0.45026641927398364,-0.04386191316981157,-0.21397539405208804,-0.17605743240188026,-0.8953537471417663,-0.10057331424158136,-0.6551533047072293,-0.7876415694491823,-3,0.04386191316981157,9,-0.6927954742330998,0,-0.6927954742330998,SARTORIUS PREF AG,Cuidado de la Salud,Alemania
SPX.L,30.968468,0.13457,83.768,0.051,-0.03507340946166393,-0.009190039815872075,0.14510880803301873,52.681907361596856,0.007903218320613803,0.34460573059017735,-0.1025644500005166,-0.0952792466223784,-0.10328386973038475,-0.5717431693512961,-0.3101741301990561,-0.09911499555662129,0.00654777366710617,-0.3377428232320082,-0.34460573059017735,0.0952792466223784,9,-0.19637801648561956,0,-0.19637801648561956,SPIRAX GROUP PLC,Industriales,Reino Unido
IPN.PA,30.546139,0.10436,22.376,0.093,-0.0089235606693574,0.2060526386507895,0.4671122972339883,44.68085994495714,0.13016271363286913,0.32329654105416883,-0.2468512149971023,-0.21317328715720496,0.03759625213360128,-0.3702807251306365,0.5161440957139506,0.5631040041265132,-0.5719066650887143,0.5054861554388709,-0.32329654105416883,0.21317328715720496,9,0.03590762758883544,0,0.03590762758883544,IPSEN SA,Cuidado de la Salud,Francia
LAND.L,15.054348,0.05264,69.088,0.004,-0.014214070640409693,-0.07529409533737175,0.008867184083644286,32.77399895276832,-0.05073767762584258,-0.4583630434669736,-0.4938724492117138,-0.12346996389907984,-0.26093543467341673,-0.411039625054201,-0.563948085593506,-0.37930385981657067,-1.4327410326311585,-0.7421915956646478,0.4583630434669736,0.12346996389907984,9,-0.4113554528087957,0,-0.4113554528087957,LAND SECURITIES GROUP REIT PLC,Inmobiliario,Reino Unido
SAVE.ST,28.25886,0.42763,1029.226,0.268,0.14205814439740938,0.4006533576671174,0.41855638516679816,52.777764532288586,0.24161662510221693,0.20788873876559322,1.2971270213632506,1.7203296890040238,0.6245967599002097,0.7929054782367237,1.2632176874592504,0.4632459324092579,0.013477992048000719,1.2741885592655944,-0.20788873876559322,-1.7203296890040238,9,0.4222823336569634,0,0.4222823336569634,NORDNET,Financieros,Suecia
GBLB.BR,,,57.73,0.062,0.023327034177857087,0.024600622511152803,0.08111170729132677,12.698424231855412,0.029651590771757164,,,-0.14528128316534517,-0.06638669495648364,-0.12181719797626196,-0.18045152896866204,-0.23072877446612147,-2.8841516671607277,-0.1877433663972375,,0.14528128316534517,7,-0.503713992394307,2,-0.603713992394307,GROUPE BRUXELLES LAMBERT NV,Financieros,Bélgica
SPM.MI,29.026667,0.11609,46.529,0.003,0.06814137393308939,0.5929682743706861,0.8681414093121225,55.58311143031752,0.3175529169001954,0.24662949511922758,-0.19082725758531977,-0.16679110770324249,-0.2642897232892259,0.2234393461411326,2.0015160673119907,1.3878438170496274,0.21629710821019948,1.7979244180904972,-0.24662949511922758,0.16679110770324249,9,0.5657850431681019,0,0.5657850431681019,SAIPEM,Energía,Italia
LPP.WA,22.618792,,135.418,0.105,-0.15537679932260795,0.010167940024443212,0.35628328666063847,79.59183673469387,0.021631788892465087,-0.07668863576463314,,0.003906757964926034,0.07784771552331156,-1.4985789289732518,-0.23585870319889157,0.33517766488132267,1.9520640644593301,-0.24305628365202003,0.07668863576463314,-0.003906757964926034,8,0.057547175854938515,1,0.007547175854938512,LPP SA,Consumo discrecional,Polonia
RILBA.CO,18.832718,0.20374,,-0.024,-0.0037617554858934144,0.03417480923866112,0.14350188386203566,46.172376552068464,0.03600843060506875,-0.2677201975644469,0.2278001820687927,,-0.3548555159160741,-0.3305133866228332,-0.14369615569607058,-0.10241972905412358,-0.46407398307419956,-0.1438999696407945,0.2677201975644469,,8,-0.13049229504635698,1,-0.180492295046357,RINGKJOBING LANDBOBANK,Financieros,Dinamarca
FRES.L,18.070423,0.33900002,16.769,0.307,-0.03412462908011871,-0.21887969868074397,1.3075862628789943,53.748849724766295,0.03880660915970813,-0.30618283839032323,0.8738190737991298,-0.22394068169197778,0.7554140159167682,-0.5644336198310348,-1.1151742730139578,2.291587848106789,0.08368486756664328,-0.12460081223186645,0.30618283839032323,0.22394068169197778,9,0.30338006893275254,0,0.30338006893275254,FRESNILLO PLC,Materials,Reino Unido
SQN.SW,17.024794,0.28899,32.528,0.088,0.003145041384029934,-0.06806311951937705,-0.16972892715910526,64.45396530422619,-0.041058209928374056,-0.3589414851925722,0.6349649194391646,-0.19367790828846707,0.020824809054555308,-0.27730236463177155,-0.5361883162386998,-0.7465972032146501,0.8576362394150756,-0.6754318921359518,0.3589414851925722,0.19367790828846707,9,-0.018830490536804287,0,-0.018830490536804287,SWISSQUOTE GROUP HOLDING SA,Financieros,Suiza
TKA.DE,,0.0051700003,7.837,-0.023,0.357811505537613,0.12828429845364586,0.47513971046993797,70.61611170910324,0.23041524385889334,,-0.7205951466993633,-0.2410932352829517,-0.3515012273002649,2.4551024503628556,0.2175908656496992,0.5796128487242684,1.3031430280326814,1.19693215278864,,0.2410932352829517,8,0.6151722758551835,1,0.5651722758551835,THYSSENKRUPP AG,Materials,Alemania
ALSYDB.CO,19.514132,0.08076,,0.653,-0.004533091568449721,0.032989620395249775,0.21202675837924123,44.825515724392126,0.03479028512243376,-0.23333851863998364,-0.35956778745388557,,1.9159978769867483,-0.3364558780590781,-0.14824610438392452,0.038505681315807144,-0.56144843714073,-0.1523015712388659,0.23333851863998364,,8,0.07872778733325687,1,0.02872778733325687,AL SYDBANK,Financieros,Dinamarca
G24.DE,19.584488,0.1766,25.206,0.14,0.03587340039560272,-0.15473705133765048,-0.40928824821541376,33.46152672400841,-0.09678493109211994,-0.22978861006397913,0.09817612374349197,-0.2077387006522278,0.1952478170766333,-0.025158069107486587,-0.8689301780441117,-1.239264951468981,-1.3830346041684771,-1.0597814762035704,0.22978861006397913,0.2077387006522278,9,-0.42724644749514384,0,-0.42724644749514384,SCOUT24 N,Comunicación,Alemania
SSAB B.ST,,,,,0.09415118771221298,0.2319629908682188,0.7475622548755807,46.63003942021345,0.2062251960960444,,,,,0.42382293915097347,0.6156141284677175,1.1398657369619025,-0.4309861754727079,1.030092356689611,,,5,0.5556817971594994,4,0.3556817971594994,SSAB CLASS B,Materials,Suecia
LHA.DE,6.8846154,0.13717,105.017,0.076,0.24874281939422427,0.03611980915934332,0.21385633279257799,32.0843833888069,0.11280122974675111,-0.8705781185196148,-0.09014652252646425,-0.054473759468929586,-0.019426654335154975,1.614820570612646,-0.1362292866935647,0.04226830805271666,-1.4825984029523207,0.3857432570397578,0.8705781185196148,0.054473759468929586,9,0.13772034968735114,0,0.13772034968735114,DEUTSCHE LUFTHANSA AG,Industriales,Alemania
REC.MI,22.72124,0.2336,115.133,0.049,0.041329270813811325,0.11602844280999047,0.006170674425181266,51.51523558514841,0.04975783461076255,-0.07151948126758216,0.3704153029823329,-0.035047513149371566,-0.10999244696200312,0.016874793052958376,0.17054054568223134,-0.3848493895656251,-0.07779949144898696,-0.04906974097476548,0.07151948126758216,0.035047513149371566,9,0.004742951909232849,0,0.004742951909232849,RECORDATI INDUSTRIA CHIMICA E FARM,Cuidado de la Salud,Italia
ALO.PA,26.608332,0.03408,32.966,0.041,-0.06218834936181317,-0.39610879972283985,-0.27340910651467065,62.85714039869052,-0.26818662034556306,0.12460908241594905,-0.5825173468726417,-0.19283679560677797,-0.13682675588847665,-0.7806408234282673,-1.7955580955742432,-0.9598215531438488,0.7421900476324897,-2.2419462725043156,-0.12460908241594905,0.19283679560677797,9,-0.6318770096209416,0,-0.6318770096209416,ALSTOM SA,Industriales,Francia
STERV.HE,12.466667,0.059860002,44.865,-0.002,-0.0577519123388458,-0.003985872249492539,0.13718459304287056,68.91565046839148,-0.023545176638948284,-0.5889280411056104,-0.4593888102892087,-0.1699865677542255,-0.2810611663682719,-0.7464618324376584,-0.29019529263097216,-0.11541160692897477,1.180204204976055,-0.5546437510074869,0.5889280411056104,0.1699865677542255,9,-0.056449293980742436,0,-0.056449293980742436,STORA ENSO CLASS R,Materials,Finlandia
EMSN.SW,38.91946,0.25291002,1.748,-0.054,0.16729182295573897,0.30318257956448913,0.25731867014978427,85.8267716535433,0.25031639593888255,0.7457839483476287,0.4626423906294488,-0.25278623783730014,-0.4554841743903498,0.9873096065135637,0.889026653348889,0.13165114561140176,2.402833268958912,1.3341912515598502,-0.7457839483476287,0.25278623783730014,9,0.5843524924134874,0,0.5843524924134874,EMS-CHEMIE HOLDING AG,Materials,Suiza
JYSK.CO,12.208043,0.10288999,,-0.081,-0.019944598337950148,-0.01802894404919342,0.4058489081220693,45.10376730214524,0.03158238382444378,-0.6019772701061303,-0.25387216790715295,,-0.546049967017198,-0.4551884890032861,-0.34410674856788165,0.43711226299487255,-0.5413315884507245,-0.17442660396759113,0.6019772701061303,,8,-0.15948575397660392,1,-0.2094857539766039,JYSKE BANK,Financieros,Dinamarca
RNO.PA,,-0.40432,315.505,0.034,-0.10384009720411846,-0.14431011632847435,-0.19626795361320792,45.060646719841,-0.12932289775817285,,-2.676370964035938,0.34973657419171966,-0.160306776199141,-1.1015322745804508,-0.828901097845562,-0.8011762625739459,-0.5444490918145651,-1.2841972267329498,,-0.34973657419171966,8,-0.9683337834967839,1,-1.0183337834967838,RENAULT SA,Consumo discrecional,Francia
NEX.PA,28.378948,0.1144,94.34,,0.01754166716098693,0.08425256617399479,0.13443286530221865,40.75343897427537,0.027123975954408186,0.2139479436816663,-0.1988989104434538,-0.07497732134654136,,-0.16638855244907086,0.04855272154003461,-0.12107069589206838,-0.8558487510497161,-0.2051764341149063,-0.2139479436816663,0.07497732134654136,8,-0.20472515559303825,1,-0.25472515559303827,NEXANS SA,Industriales,Francia
AMUN.PA,11.492248,,172.547,-0.01,0.21402815344148496,0.25715379712490694,0.33499882658343516,70.27029893129412,0.22462347783274184,-0.6380936895893464,,0.07520738070107366,-0.30789547529474537,1.3473734618859534,0.7123218189853714,0.2914049284550903,1.278141684347835,1.1569860942967491,0.6380936895893464,-0.07520738070107366,8,0.6301523526955658,1,0.5801523526955658,AMUNDI SA,Financieros,Francia
SCA B.ST,,,,,0.014762012388763512,-0.1130986503721989,-0.17832743607247648,47.33040163787233,-0.09619156160411202,,,,,-0.18780343897287,-0.7090800504544964,-0.764280539458952,-0.3803518506842924,-1.055688981415583,,,5,-0.6194409721972388,4,-0.8194409721972389,SVENSKA CELLULOSA B,Materials,Suecia
GET.PA,31.84746,0.12177,190.824,0.124,0.011195119530076347,0.2221502864735403,0.22983200310140806,63.99997820175373,0.12079635958638923,0.38895647877141787,-0.1636988621804668,0.1103055918500023,0.1415791992236862,-0.21528332840900885,0.5779430841163742,0.07512320797145068,0.8248141798911015,0.44088601017971235,-0.38895647877141787,-0.1103055918500023,9,0.1313446022412699,0,0.1313446022412699,GETLINK,Industriales,Francia
ELISA.HE,16.028168,0.28131,119.001,-0.003,-0.1504159210320093,-0.03890835679522997,-0.20976997970474087,46.5986622254134,-0.1216802648754256,-0.4092276183506407,0.5982842721311943,-0.027619604809706624,-0.28441545498408105,-1.4603595620528873,-0.42426296768444793,-0.8289439685519705,-0.43325466316721256,-1.231485660211135,0.4092276183506407,0.027619604809706624,9,-0.4030656423733548,0,-0.4030656423733548,ELISA,Comunicación,Finlandia
KESKOB.HE,19.291264,0.16302,152.56,0.071,-0.006199991509735936,0.006769327291456406,0.023173735195924916,70.25419855943659,0.03294254208939584,-0.24458362956893026,0.033316333321325955,0.03682537346609877,-0.03619809741420094,-0.3492979307650041,-0.24890600248030237,-0.3498816011013021,1.2769776703029687,-0.16504553412383796,0.24458362956893026,-0.03682537346609877,9,0.0409692326491643,0,0.0409692326491643,KESKO CLASS B,Productos básicos de consumo,Finlandia
ISS.CO,18.726446,0.23275,143.046,-0.0,0.033795506709801026,0.027074847661862744,0.28671328556241904,42.04696586112794,0.02708195474427777,-0.2730822972316985,0.36635559592350814,0.018555176996716095,-0.2743525891366535,-0.041166480632047454,-0.1709529604152111,0.1921028906000298,-0.7623301989919263,-0.20546625620201933,0.2730822972316985,-0.018555176996716095,9,-0.07125365317992637,0,-0.07125365317992637,ISS A S,Industriales,Dinamarca
DIM.PA,60.36232,0.065910004,63.109,0.023,0.04686516428952303,-0.208144739821725,-0.05158363395129095,37.943937814908416,-0.10483534085288904,1.8277128898460662,-0.4304932387300272,-0.1349517281087118,-0.1972039509730421,0.05952416511702189,-1.073962686990103,-0.50362450102595,-1.0589682092528494,-1.1153054973286187,-1.8277128898460662,0.1349517281087118,9,-0.668088342324547,0,-0.668088342324547,SARTORIUS STEDIM BIOTECH SA,Cuidado de la Salud,Francia
IMCD.AS,23.902174,0.102180004,87.662,-0.015,-0.07262128860385675,0.15305442189562912,-0.21624692575873106,68.28596024044825,0.05038742789483441,-0.011933834921921517,-0.2572631504669962,-0.08780140921941684,-0.32466691837379136,-0.8610177868593566,0.3126835517472476,-0.842264186750594,1.1346792769975753,-0.044727409112933034,0.011933834921921517,0.08780140921941684,9,-0.08698237540861219,0,-0.08698237540861219,IMCD NV,Industriales,Holanda
AM.PA,22.651756,0.1504,3.047,0.222,-0.05838159616280569,-0.09998385243442898,0.09074341212430137,44.1176523386766,-0.0411720161279473,-0.07502539188636531,-0.026958376187343706,-0.25029170502105796,0.470299483572987,-0.7513130131564736,-0.6587322447017255,-0.21092061041310772,-0.6126250764202705,-0.6762168183716398,0.07502539188636531,0.25029170502105796,9,-0.23790550653001674,0,-0.23790550653001674,DASSAULT AVIATION SA,Industriales,Francia
BEIJ B.ST,,,,,0.05896609751056192,-0.0017090612781370806,-0.2223285655632946,47.483986071884665,-0.05504307623141658,,,,,0.1527516098882787,-0.28145459856419996,-0.8547714345378924,-0.36924810476804226,-0.7718861143576696,,,5,-0.42492172846790516,4,-0.6249217284679052,BEIJER REF CLASS B,Industriales,Suecia
ABDN.L,11.695239,0.07823,13.863,0.016,0.007759486552840533,-0.042058423656907484,0.020354827492705896,36.31487590336543,-0.03122830083775696,-0.6278514999857343,-0.37165138611132886,-0.22952121468966813,-0.22068397128370643,-0.2417519715945352,-0.43635609753765164,-0.3556788495847175,-1.1767450507924093,-0.6076345878714563,0.6278514999857343,0.22952121468966813,9,-0.2836810222333781,0,-0.2836810222333781,ABERDEEN GROUP PLC,Financieros,Reino Unido
BBY.L,16.769232,0.23138,88.802,0.142,0.008690211693660022,0.14759883443679378,0.5302269029599198,46.590323312586236,0.0760036622186786,-0.37183621677908746,0.3598123033698728,-0.08561221182871932,0.2019563943082516,-0.234581522416937,0.29173951136263443,0.692902880445944,-0.4338575443761451,0.1319488568173405,0.37183621677908746,0.08561221182871932,9,0.16304103423541866,0,0.16304103423541866,BALFOUR BEATTY PLC,Industriales,Reino Unido
AUTO.L,14.411765,0.60195,51.83,0.027,-0.020222009938299812,-0.13054188779024167,-0.40862054018096106,49.68199142929635,-0.11261248135288826,-0.49078545097301,2.129701297238948,-0.156611339836499,-0.18378679650980534,-0.4573257105033221,-0.7760447672111176,-1.237891770862296,-0.210338165956825,-1.168944768651023,0.49078545097301,0.156611339836499,9,-0.13969265462732575,0,-0.13969265462732575,AUTOTRADER GROUP PLC,Comunicación,Reino Unido
TPRO.MI,,0.07974,1.176,0.001,0.7022440942662409,0.9389026562563172,3.197031177042626,35.36377852734215,0.6732124801583972,,-0.3644394359244753,-0.2538846772298256,-0.2709983005208443,3.0,3.0,3.0,-1.2455068603656791,3.0,,0.2538846772298256,8,1.2966175100523532,1,1.246617510052353,TECHNOPROBE SPA,Tecnología de la Información,Italia
INDT.ST,32.77174,0.15694,60.751,0.107,-0.04361617816457575,0.08827458314019054,-0.007931386004934593,69.82758067876267,0.09634447627843112,0.4355922951712906,0.004277487535849577,-0.1394799100799967,0.08455629275492994,-0.6375579691602615,0.06399327425836389,-0.4138511012386125,1.2461343326900454,0.2722403231049496,-0.4355922951712906,0.1394799100799967,9,0.03596447276155227,0,0.03596447276155227,INDUTRADE,Industriales,Suecia
FRO.OL,9.085771,0.35009,92.619,0.669,0.0764219195970095,0.4162342032637034,0.9755478391953738,59.1382933533419,0.25140632335749613,-0.7595157906220602,0.9267862150793957,-0.0782822412670593,1.9696664948396954,0.2872339394553751,1.32303266831394,1.6087314190235047,0.4733273014922686,1.3417085276755056,0.7595157906220602,0.0782822412670593,9,0.9742538441965338,0,0.9742538441965338,FRONTLINE PLC,Energía,Noruega
BLND.L,9.6888895,0.077989995,53.102,0.069,-0.01507798299008245,-0.05954127009358656,0.07745385023111262,38.74082185432374,-0.02240383129412571,-0.7290846186467208,-0.37279768022033266,-0.15416865643214175,-0.042906674645819286,-0.4176953382455022,-0.503472873608173,-0.23825137134670094,-1.0013556135800872,-0.5467718432512225,0.7290846186467208,0.15416865643214175,9,-0.24888867997988612,0,-0.24888867997988612,BRITISH LAND REIT PLC,Inmobiliario,Reino Unido
VOE.VI,18.303278,0.05559,31.892,-0.019,0.05151000471459399,0.12015467906773702,0.8061823383425786,70.36957221570394,0.11842787028983337,-0.2944338196646208,-0.47978287765461586,-0.19489924999064567,-0.3380840728370281,0.09530872786849107,0.18638119702743916,1.2604213655086143,1.2853188786608323,0.424550437998371,0.2944338196646208,0.19489924999064567,9,0.32482741402526333,0,0.32482741402526333,VOESTALPINE AG,Materials,Austria
AVOL.SW,34.47059,0.14833,558.313,-0.002,-0.045358797038038245,0.0106430212831643,0.1024354514318111,18.444084538180206,0.01293969315340826,0.5213101043751291,-0.03684495690707011,0.816012574227232,-0.2810611663682719,-0.6509833721284077,-0.23403486275206434,-0.1868752480672277,-2.46875571526765,-0.3030060404691471,-0.5213101043751291,-0.816012574227232,9,-0.6109871156180222,0,-0.6109871156180222,AVOLTA AG,Consumo discrecional,Suiza
FHZN.SW,20.602837,0.11332,53.754,0.036,-0.011904775034388915,-0.03306514956015283,0.03156289041985283,25.423701051693328,-0.01748645046839281,-0.17840641311609096,-0.20405712647113708,-0.15291658915254985,-0.1535981989675226,-0.39324845765923494,-0.4018308521275936,-0.33262881295803826,-1.9641480129487556,-0.5128564569589084,0.17840641311609096,0.15291658915254985,9,-0.4034494350913944,0,-0.4034494350913944,FLUGHAFEN ZUERICH AG,Industriales,Suiza
HWDN.L,15.755101,0.23082,59.191,0.048,-0.061893203883495174,-0.0967802302003613,-0.1545070279990397,41.71261847647832,-0.05996309323840365,-0.4230055887458284,0.35713767283699993,-0.14247565387779332,-0.11334673557781232,-0.7783669774135206,-0.6464335153799741,-0.7152924777283841,-0.7865026252588609,-0.805819682505069,0.4230055887458284,0.14247565387779332,9,-0.32479367760033323,0,-0.32479367760033323,HOWDEN JOINERY GROUP PLC,Industriales,Reino Unido
IDR.MC,19.719845,0.26506,71.136,0.163,-0.022770824745634966,-0.06472894477184254,0.379119920334565,55.53631560479639,-0.0028554211498119653,-0.2229589867891733,0.5206722254183669,-0.11953708999017762,0.2723964552402447,-0.4769621705467401,-0.5233883948574325,0.38214253704840434,0.21291389454099352,-0.4119456207273284,0.2229589867891733,0.11953708999017762,9,0.035369444766206605,0,0.035369444766206605,INDRA SISTEMAS SA,Tecnología de la Información,España
SCR.PA,7.0,0.1317,53.443,-0.065,0.06567941329636984,0.28753095450949506,0.14912350378768502,61.764707257314626,0.14094505449660755,-0.864756230108124,-0.11627193148148975,-0.15351381756352084,-0.49238134916425097,0.2044720239440537,0.8289399496327323,-0.09085853904031337,0.6632100382953816,0.5798524224596054,0.864756230108124,0.15351381756352084,9,0.28835918470192934,0,0.28835918470192934,SCOR,Financieros,Francia
LMP.L,14.746154,0.06671,68.252,0.18,-0.005230183133435595,-0.04885346958475245,-0.018616163033581823,55.10786274586045,-0.007897789362232288,-0.47391339487514245,-0.42667235707328405,-0.12507537531892468,0.3294193617090009,-0.34182637834927393,-0.4624423288375652,-0.4358249698240303,0.1819378928823001,-0.4467230503820334,0.47391339487514245,0.12507537531892468,9,-0.11146033996453543,0,-0.11146033996453543,LONDONMETRIC PROPERTY REIT PLC,Inmobiliario,Reino Unido
SYENS.BR,,-0.008,41.677,-0.069,0.27386522259147195,-0.027921901746979616,-0.00038203880938059154,73.14810890235805,0.08955011349982045,,-0.7834967269142281,-0.17610863905382526,-0.5057985036274878,1.8083674164476964,-0.38208588594018156,-0.39832542740040056,1.4861996878781805,0.22537931184447685,,0.17610863905382526,8,0.20329356391773512,1,0.15329356391773513,SYENSQO NV,Materials,Bélgica
CTEC.L,30.742857,0.109139994,100.0,0.071,-0.048913056623582474,-0.10241637263661796,-0.12334480098437195,45.95507582867554,-0.07645150718194027,0.3332222178302001,-0.2240213616054078,-0.06410814833658701,-0.03619809741420094,-0.6783659328914021,-0.6680707076510317,-0.6512055361466036,-0.4797842471741315,-0.9195409800942744,-0.3332222178302001,0.06410814833658701,9,-0.43625565916340725,0,-0.43625565916340725,CONVATEC GROUP PLC,Cuidado de la Salud,Reino Unido
NDX1.DE,31.469696,0.27468002,35.374,0.106,-0.09023212758767185,0.2580254494139611,1.0863888113453046,32.641763139934795,0.13919644214031246,0.3698958774963912,0.5666186525948799,-0.18821259620607655,0.08120200413912075,-0.9966943903699548,0.7156680985347397,1.8366823579502012,-1.4423013300413399,0.5677921681004319,-0.3698958774963912,0.18821259620607655,9,0.12747603106864044,0,0.12747603106864044,NORDEX,Industriales,Alemania
GJF.OL,21.673183,0.27246,22.964,0.06,0.05319148689471831,0.05441920223771657,0.044669915318077624,60.62175059770028,0.05826508855291723,-0.12440063614337896,0.5560155574599005,-0.21204412218726626,-0.07309527218810204,0.10826312437807978,-0.06597778205923537,-0.3056734500255976,0.5805773130243802,0.009605154047624008,0.12440063614337896,0.21204412218726626,9,0.1273510447741883,0,0.1273510447741883,GJENSIDIGE FORSIKRING,Financieros,Noruega
GALE.SW,24.494535,0.12109999,70.088,0.058,0.0395738762784994,-0.046878354764758545,0.033171085465754535,81.93554484267189,0.012677858987205415,0.017954552621295965,-0.1668989143292706,-0.12154961531074868,-0.0798038494197204,0.0033509644272427673,-0.4548598485150829,-0.32932146583197114,2.1215079244455106,-0.30481192193450457,-0.017954552621295965,0.12154961531074868,9,0.09919532794796183,0,0.09919532794796183,GALENICA AG,Cuidado de la Salud,Suiza
BMED.MI,13.023255,0.27824,,0.06,0.22085721858277152,0.17992666850587535,0.6194482765384877,60.66352210354268,0.21074346819633138,-0.5608446293923065,0.5836215654599093,,-0.07309527218810204,1.3999856267222741,0.4158463041505297,0.8763918510411625,0.5835972817497002,1.0612550729984864,0.5608446293923065,,8,0.6760558824157834,1,0.6260558824157834,BANCA MEDIOLANUM,Financieros,Italia
WDP.BR,13.39394,0.07672,72.496,0.01,-0.023544787184993643,0.028073898602369418,0.1439843095129254,52.23882296591465,0.011152567054578455,-0.5421412087814669,-0.37886333629818236,-0.11692541591004724,-0.2408097029785616,-0.4829248958384465,-0.16711759650579916,-0.1014275925007389,-0.02548604916623671,-0.3153319257611116,0.5421412087814669,0.11692541591004724,9,-0.11698827492861809,0,-0.11698827492861809,WAREHOUSES DE PAUW NV,Inmobiliario,Bélgica
BTRW.L,19.06,0.027609998,3.238,0.154,-0.015594541910331383,-0.3397438015196733,-0.3344929280141049,46.51319780028574,-0.22904467874270928,-0.25625237220525293,-0.6134188913314778,-0.2499249184406867,0.24220785769796194,-0.42167498736255377,-1.5791724528633144,-1.085444002982994,-0.43943351369720635,-1.9719826238186082,0.25625237220525293,0.2499249184406867,9,-0.5958601470791393,0,-0.5958601470791393,BARRATT REDROW PLC,Consumo discrecional,Reino Unido
AIXA.DE,80.07547,0.06691,0.311,-0.472,-0.08366355977071072,1.0492934929067466,1.7910706189430012,34.92429307873557,0.3485220525012418,2.8223669384711063,-0.4257171318829724,-0.255545778758732,-1.8575768157985917,-0.9460891368579926,3.0,3.0,-1.2772804889016582,2.011519873531353,-2.8223669384711063,0.255545778758732,9,0.1042261267086405,0,0.1042261267086405,AIXTRON,Tecnología de la Información,Alemania
NDA.DE,8.311996,0.17108,9.085,0.214,-0.08219893690179159,0.1670755872578502,0.8804606649129172,49.38488854515649,0.12628622812842405,-0.7985576706095223,0.07181190849088843,-0.2386966402447144,0.4434651746465134,-0.9348054577293876,0.36651090870953307,1.413179086369357,-0.23181791393837575,0.4787498687856572,0.7985576706095223,0.2386966402447144,9,0.29381643179871364,0,0.29381643179871364,AURUBIS AG,Materials,Alemania
P911.DE,131.52942,0.00773,50.398,-0.052,0.0907659380025263,0.07410711275234894,0.035893925822088946,53.2760513980398,0.04815363067834455,5.4185466299587866,-0.7083682656962111,-0.15936127901498923,-0.44877559715873144,0.39774245638308053,0.009604251226532506,-0.3237217854634666,0.049502806582666675,-0.060134004245751216,-3,0.15936127901498923,9,-0.4360876510396545,0,-0.4360876510396545,DR ING HC F PORSCHE PRF AG,Consumo discrecional,Alemania
NIBE B.ST,,,,,-0.0379497987918358,0.08835360143801418,-0.10263266975814167,52.201214812560536,0.06771756957920383,,,,,-0.5939033137402434,0.06429662608495068,-0.6086098274604173,-0.028205018584647346,0.07479932077753144,,,5,-0.21832444258456518,4,-0.4183244425845652,NIBE INDUSTRIER CLASS B,Industriales,Suecia
WTB.L,19.713114,0.065799996,174.279,0.02,-0.06628708657032079,-0.16539436521823114,-0.29105450931587096,48.18626369372645,-0.10626470701013824,-0.2232986086355699,-0.4310186507937062,0.07853342445606322,-0.20726681682046966,-0.8122181232743394,-0.9098436844246014,-0.9961103555447566,-0.31847530135377694,-1.1251638969714899,0.2232986086355699,-0.07853342445606322,9,-0.5172590716670703,0,-0.5172590716670703,WHITBREAD PLC,Consumo discrecional,Reino Unido
EVK.DE,48.794117,0.01936,46.361,-0.093,0.006887236507782779,0.33137100889115123,-0.02050722051683762,67.5572605220896,0.15557834081419863,1.2440233247960193,-0.6528219208795845,-0.16711372626608212,-0.5863014304069082,-0.24847191966936366,0.9972422408820525,-0.43971404008849374,1.0819962263099814,0.680778825310084,-1.2440233247960193,0.16711372626608212,9,-0.02713351300801882,0,-0.02713351300801882,EVONIK INDUSTRIES AG,Materials,Alemania
BRBY.L,181.08333,0.02142,160.994,0.009,0.02387593673489996,-0.017147636971978297,-0.13982430453879946,53.50072480112266,0.010033747609884403,7.918857194566718,-0.6429831014193736,0.05302159346008377,-0.2441639915943708,-0.11758836852263385,-0.3407234042157449,-0.6850965985887144,0.0657460958066966,-0.3230484714188288,-3,-0.05302159346008377,9,-0.5934310481570059,0,-0.5934310481570059,BURBERRY GROUP PLC,Consumo discrecional,Reino Unido
BGEO.L,7.9218106,0.2744,,0.142,-0.017210154863616323,0.12502331647930776,0.4756886029174672,46.620776138773856,0.10106853766144885,-0.8182450106756396,0.5652812418059242,,0.2019563943082516,-0.4341219172499305,0.20507193186312342,0.5807416781305534,-0.4316558860727268,0.3048223769160394,0.8182450106756396,,8,0.2262926037971093,1,0.17629260379710932,LION FINANCE GROUP PLC,Financieros,Reino Unido
LOTB.BR,51.056587,0.20872,36.325,0.103,0.07619527136582183,0.16357869890917653,0.44828416657494197,30.434782608695656,0.1356448673049362,1.3581793549278194,0.2515852893075545,-0.18638634469857362,0.07113913829169317,0.28548780673407265,0.35308632861660577,0.5243828527443453,-1.601860150038825,0.5432968042560228,-1.3581793549278194,0.18638634469857362,9,-0.08274166003530853,0,-0.08274166003530853,LOTUS BAKERIES NV,Productos básicos de consumo,Bélgica
ANDR.VI,16.038544,0.20696,32.285,0.017,0.07000002179827014,0.09569543053842056,0.16846926762836856,59.25926972483286,0.11168657666787607,-0.40870408302480316,0.24317930763281145,-0.1941445529954315,-0.21732968266789723,0.23775865425028656,0.0924819620063485,-0.05107284475956632,0.4820735712528982,0.37805544698564636,0.40870408302480316,0.1941445529954315,9,0.19644389452452912,0,0.19644389452452912,ANDRITZ AG,Industriales,Austria
PAH3.DE,2.9880042,0.07837,18.342,,-0.10120645067077805,-0.23342411686432774,-0.19427170035671804,53.116522900574004,-0.15225547477658108,-1.0671869865086312,-0.37098272847811065,-0.22091997336253288,,-1.0812422579140397,-1.1710104014063911,-0.7970708510521414,0.03796932069490395,-1.4423641932179263,1.0671869865086312,0.22091997336253288,8,-0.44207426893781765,1,-0.49207426893781764,PORSCHE AUTOMOBIL HOLDING PREF,Consumo discrecional,Alemania
JMT.LS,16.156862,0.18574,157.89,0.063,-0.17602791882408308,-0.17283113474979728,-0.21399893929511338,46.81441131094533,-0.15278862931595782,-0.4027341858888702,0.1418299149407376,0.04706083144190382,-0.06303240634067445,-1.6576783197079368,-0.9383934973595832,-0.8376410711721506,-0.41765657835597797,-1.4460413829246577,0.4027341858888702,-0.04706083144190382,9,-0.5403266651636973,0,-0.5403266651636973,JERONIMO MARTINS SA,Productos básicos de consumo,Portugal
MYCR.ST,39.03262,0.23685,5.329,0.169,0.2907225051774218,0.6512984492268208,0.6583235386643074,63.88889997008078,0.4466020236836499,0.7514935915118318,0.3859377123248984,-0.24590946954248624,0.29252218693509985,1.9382385059387754,2.2254460376490868,0.9563411002286848,0.8167835193019971,2.6879816380510118,-0.7514935915118318,0.24590946954248624,9,0.977518508717801,0,0.977518508717801,MYCRONIC,Tecnología de la Información,Suecia
AZA.ST,21.702961,0.39111,4.35,0.254,0.0693408439238914,0.21974729041013452,0.14364275028685536,49.23077589824677,0.12204172349372167,-0.12289814626936323,1.12270290161233,-0.24778949081046248,0.577636719278881,0.2326802468452085,0.56871796455303,-0.10213002901651058,-0.24295984824161954,0.44947533841938353,0.12289814626936323,0.24778949081046248,9,0.33075677005894766,0,0.33075677005894766,AVANZA BANK HOLDING,Financieros,Suecia
MBK.WA,15.72327,0.18546,,0.041,0.16521015397419903,0.41385576927996204,0.7056530468091617,56.611570247933884,0.25125572442668287,-0.4246116655535321,0.1404925996743013,,-0.13682675588847665,0.9712721095318316,1.3139018427551008,1.053677000584779,0.2906519441646151,1.3406698403956812,0.4246116655535321,,8,0.6748062808464206,1,0.6248062808464205,MBANK SA,Financieros,Polonia
RED.MC,16.404255,0.09794,117.492,0.069,0.07176292180545674,0.10956372965061689,-0.05973266912526942,69.16667130258412,0.0554714022546845,-0.39025163241306887,-0.2775139436061086,-0.030517410829498347,-0.042906674645819286,0.25134030618201475,0.14572246431033725,-0.520383468249211,1.1983523433631549,-0.00966302007634916,0.39025163241306887,0.030517410829498347,9,0.12952411672450956,0,0.12952411672450956,REDEIA CORPORACION SA,Servicios,España
ATS.VI,,-0.02407,203.91,0.213,1.015712785401226,3.4236456367848085,7.412178121523388,43.548388559224506,1.3598510732647338,,-0.860249070955775,0.13543527347690382,0.44011088603070425,3.0,3.0,3.0,-0.6537813329576521,3.0,,-0.13543527347690382,8,1.3488306510800467,1,1.2988306510800467,AT & S AUSTRIA TECHNOLOGIE & SYSTE,Tecnología de la Información,Austria
SW.PA,17.393442,0.11902001,149.792,-0.037,0.24122595118633594,0.24589001774936103,0.05721103756031831,62.686565822408916,0.1580831066818329,-0.34034084421345295,-0.1768331607859935,0.03150984857359812,-0.39846126792159353,1.5569094655017326,0.6690800871086784,-0.27988189898753657,0.7298579596381375,0.6980543028423654,0.34034084421345295,-0.03150984857359812,9,0.3452840536706272,0,0.3452840536706272,SODEXO SA,Consumo discrecional,Francia
CAST.ST,23.037636,0.03486,74.806,-0.24,0.02881157416119695,0.21963947998800437,0.14202720007385206,49.743613419272855,0.12732221092817042,-0.05555528668839184,-0.5787919686304259,-0.11248941067100225,-1.0793818569308593,-0.07956346109061456,0.5683040795494418,-0.105452502473701,-0.20588306004747342,0.48589508655315733,0.05555528668839184,0.11248941067100225,9,-0.09186988730123123,0,-0.09186988730123123,CASTELLUM,Inmobiliario,Suecia
EDPR.LS,66.66667,0.02773,82.776,-0.1,0.03211588951655364,0.08777707721353312,0.36682919262552316,44.13407702172298,0.07224282079187616,2.1458075247191974,-0.6128457466650388,-0.09718423242200291,-0.6097814507175726,-0.05410650899680862,0.062083345346377945,0.35686593700578917,-0.6114376155393891,0.10601017232362275,-2.1458075247191974,0.09718423242200291,9,-0.3790927955044682,0,-0.3790927955044682,EDP RENEWABLES SA,Servicios,Portugal
EMG.L,26.763636,0.10954001,18.297,0.143,0.0453808622761378,-0.020929901558459862,0.4381545392701873,39.90756233830172,0.025827813375219,0.13244515896219683,-0.2221108348067692,-0.2210063890490078,0.2053106829240608,0.048088874842371745,-0.35524354578478373,0.5035506820198506,-0.917003381092428,-0.21411612297138033,-0.13244515896219683,0.2210063890490078,9,-0.09588471275358522,0,-0.09588471275358522,MAN GROUP PLC,Financieros,Reino Unido
SB1NO.OL,12.432594,0.11844,,-0.052,0.019164799770726493,0.1300800529326136,0.18994374886463428,81.17154330879586,0.11830070758844236,-0.5906472411014912,-0.179603361599157,,-0.44877559715873144,-0.1538836899755029,0.22448478030364544,-0.00690931871119296,2.066272646428317,0.4236733913972452,0.5906472411014912,,8,0.31448826147326436,1,0.2644882614732644,SPAREBANK SR-NORGE,Financieros,Noruega
TE.PA,17.336735,0.15003,51.308,-0.02,-0.1260811463499273,0.0892636704063976,-0.05412248444173695,61.56584741051568,-0.008009137077298445,-0.3432020737549204,-0.02872554278942044,-0.15761376179960787,-0.34143836145283735,-1.2728807270527542,0.06779038754884893,-0.5088457954793119,0.648833000505064,-0.4474910203447162,0.3432020737549204,0.15761376179960787,9,-0.1535491359456221,0,-0.1535491359456221,TECHNIP ENERGIES NV,Energía,Francia
LEG.DE,3.3951824,0.1566,110.296,-0.215,-0.08916960908969529,-0.09293338776737559,-0.23515639537531452,34.9753811218812,-0.10731050839847511,-1.0466422513880715,0.002653604712319615,-0.04433623927112937,-0.9955246415356295,-0.9885085849631182,-0.6316654589831848,-0.8811526164539664,-1.2735869593190843,-1.1323768339652802,1.0466422513880715,0.04433623927112937,9,-0.5343536666498603,0,-0.5343536666498603,LEG IMMOBILIEN N,Inmobiliario,Alemania
ELIS.PA,17.260275,0.09894,108.105,0.054,-0.0032297567957675355,0.07631304605112077,0.017927997088301062,32.520332452412234,0.012717572805521549,-0.3470599680314755,-0.27273781765454996,-0.04854372302816295,-0.09322100388295718,-0.3264147871515245,0.018072845386895072,-0.360669768182505,-1.4510804456421942,-0.30453801402761926,0.3470599680314755,0.04854372302816295,9,-0.26610947778831295,0,-0.26610947778831295,ELIS SA,Industriales,Francia
AYV.PA,10.540541,0.09259,309.966,-0.015,0.1344070635323451,0.0176023419800877,0.3377350812530573,57.54188574981449,0.10953202012156504,-0.6861133729304052,-0.3030662174469471,0.3390997633609534,-0.32466691837379136,0.7339603782383153,-0.20731797940528832,0.29703219614306425,0.357911279534508,0.3631953781509569,0.6861133729304052,-0.3390997633609534,9,0.1404513029344744,0,0.1404513029344744,AYVENS SA,Industriales,Francia
CRDA.L,65.97727,0.02876,31.633,0.039,-0.027119807758324788,0.025540934963411477,-0.01966420474919739,48.02267894562444,-0.01208058443519755,2.111022901200273,-0.6079263369349334,-0.19539662027502344,-0.14353533312009503,-0.5104674024342909,-0.176841662547702,-0.43798032888011795,-0.33030204336952446,-0.47557196725640666,-2.111022901200273,0.19539662027502344,9,-0.5109168172742578,0,-0.5109168172742578,CRODA INTERNATIONAL PLC,Materials,Reino Unido
HAG.DE,87.56322,0.10305,167.139,0.256,-0.02252629054323596,-0.08309223912651809,-0.22845001910897023,59.76331377642144,-0.05116976593512068,3.2001716451056192,-0.25310793999364406,0.06482213553537877,0.5843452965104994,-0.47507824156106476,-0.5938852169615306,-0.8673605616112765,0.5185146150046841,-0.7451717272511362,-3,-0.06482213553537877,9,-0.5440628790443165,0,-0.5440628790443165,HENSOLDT AG,Industriales,Alemania
BARN.SW,25.028236,0.09427,207.705,-0.073,0.03454715219421112,-0.11146752205292698,0.17764294597047448,42.42424242424243,-0.09891793939736204,0.044883169326654225,-0.2950423258483287,0.1427229963696206,-0.5192156580907245,-0.03537568858275538,-0.7028181368385775,-0.03220663896099286,-0.7350541073494431,-1.074492925896145,-0.044883169326654225,-0.1427229963696206,9,-0.397979071918138,0,-0.397979071918138,BARRY CALLEBAUT AG,Productos básicos de consumo,Suiza
DIE.BR,21.878172,,7910.915,0.034,-0.013171736185861538,-0.06346608709419244,-0.02201732277643964,41.964262602253314,0.038582328520585296,-0.11405763470659204,,14.935571445488096,-0.160306776199141,-0.40300932061242306,-0.5185402749436205,-0.44281965366508685,-0.7683094245488334,-0.12614768541157473,0.11405763470659204,-3.0,8,-0.663134437584261,1,-0.7131344375842611,DIETEREN (D) SA,Consumo discrecional,Bélgica
SBMO.AS,7.0151844,0.17978,141.237,0.195,-0.09563753717756551,0.08192298569980916,0.474995715629124,66.76136579149,0.09828588615892575,-0.8639900803585435,0.1133642042694483,0.015081266400425033,0.3797336909461388,-1.0383384945727354,0.039609444963736064,0.5793167149162778,1.0244551550322076,0.2856303102509782,0.8639900803585435,-0.015081266400425033,9,0.24807553775157443,0,0.24807553775157443,SBM OFFSHORE NV,Energía,Holanda
GL9.IR,35.4375,0.09165,58.411,-0.002,0.31014494965041894,0.4639817446289163,0.7655473928100438,22.875831659729016,0.29697853597000257,0.5700968759543052,-0.3075557758414123,-0.14397352577669162,-0.2810611663682719,2.0878719958816023,1.5063358308357797,1.1768532245250887,-2.1483521905276493,1.6560220310878164,-0.5700968759543052,0.14397352577669162,9,0.36266562215726,0,0.36266562215726,GLANBIA PLC,Productos básicos de consumo,Irlanda
TUB.BR,99.52381,0.050040003,,,-0.0013250265380803095,-0.05350810521665572,0.47557028908824317,35.68626852596509,-0.03516619145532607,3.803659634972493,-0.5062903623573883,,,-0.31174045322544797,-0.4803115092669543,0.5804983588241949,-1.2221916915579252,-0.6347943882214384,-3,,7,-0.7964042922578514,2,-0.8964042922578513,FINANCIERE DE TUBIZE SA,Cuidado de la Salud,Bélgica
UMI.BR,12.553458,0.18576999,125.095,0.441,0.1953939219755778,0.005751303274423636,0.3882777895994196,43.2432362770324,0.0758478978524757,-0.5845488820400011,0.14197315095802487,-0.015917000512416547,1.2048886904351996,1.2038124857934391,-0.25281420417005995,0.4009762305554208,-0.6758430310002597,0.13087454330826595,0.5845488820400011,0.015917000512416547,9,0.30603708315916095,0,0.30603708315916095,UMICORE SA,Materials,Bélgica
SIGN.SW,,-0.030050002,93.795,-0.048,0.1776429980512484,0.17866439439074067,-0.09096987786142963,45.871566589663026,0.21293531398375398,,-0.8888103136983474,-0.07602391132718185,-0.4353584426954947,1.0670566464242068,0.41100042453750696,-0.5846246141246297,-0.48582174295042785,1.0763723273271748,,0.07602391132718185,8,0.029479774518396368,1,-0.020520225481603635,SIG GROUP N AG,Materials,Suiza
ALK B.CO,,,,,-0.02181500901646649,0.023112833834288304,0.17474422846554516,14.285731585920175,-0.0128421589682165,,,,,-0.4695984196297755,-0.1861631606430028,-0.038168020967261206,-2.769393569024854,-0.4808245794483609,,,5,-0.788829549942651,4,-0.9888295499426509,ALK-ABELLO CLASS B,Cuidado de la Salud,Dinamarca
LAGR B.ST,,,,,0.0966144073084938,0.2007233714639809,0.19727712131206632,59.036827244295694,0.1973588148369314,,,,,0.44279996056552784,0.4956849997828332,0.008172190431744874,0.465991571792805,0.9689405451715485,,,5,0.4763178535488919,4,0.2763178535488919,LAGERCRANTZ GROUP CLASS B,Tecnología de la Información,Suecia
RMV.L,15.682144,2.6607902,8.729,0.079,-0.015367000474842185,-0.1531311531298286,-0.44978619683346177,48.26430369750974,-0.12483652009270185,-0.42668673434790305,3.0,-0.23938028434216033,-0.009363788487727393,-0.4199219732583721,-0.8627651230116369,-1.3225513502891029,-0.312833216731821,-1.2532544877078546,0.42668673434790305,0.23938028434216033,9,-0.0571803245329391,0,-0.0571803245329391,RIGHTMOVE PLC,Comunicación,Reino Unido
PSN.L,12.005681,0.080240004,0.407,0.193,-0.048604872753628015,-0.2482219000011725,-0.10899444419110549,50.44541656468666,-0.1372601113897708,-0.6121877226511504,-0.36205135384419224,-0.2553614252942522,0.3730251137145204,-0.6759916371085265,-1.2278191997180927,-0.6216931884875323,-0.15514456001644772,-1.338940529304018,0.6121877226511504,0.2553614252942522,9,-0.3490073563132096,0,-0.3490073563132096,PERSIMMON PLC,Consumo discrecional,Reino Unido
BCVN.SW,25.539999,0.10876001,,-0.007,0.07382989780010396,0.2584104006195709,0.3911875878484672,92.37292519047624,0.18898811463707976,0.07070487412200648,-0.22583621304898485,,-0.2978326094473179,0.26726460614009223,0.717145929044695,0.4069604007597424,2.87610275144453,0.9112074671619136,-0.07070487412200648,,8,0.573038432241583,1,0.523038432241583,BC VAUD N,Financieros,Suiza
BBOX.L,11.757143,,,,-0.026502817923872102,-0.08213463800940535,0.052838710413908974,37.01510953930201,-0.023961508619234295,-0.6247280486739915,,,,-0.5057140181567991,-0.590208979229024,-0.2888738453678924,-1.1261200221203813,-0.5575152105176703,0.6247280486739915,,6,-0.40728400445296264,3,-0.5572840044529627,TRITAX BIG BOX REIT PLC,Inmobiliario,Reino Unido
ENT.L,,-0.40644002,311.21,0.037,-0.053035338705431645,-0.15466589901008831,-0.43124555031774825,53.32657142238361,-0.11495273952889062,,-2.6864964465757613,0.34148867700483726,-0.15024391035171342,-0.7101246260514443,-0.868657023735219,-1.284421426853859,0.053155269917273804,-1.1850856295840455,,-0.34148867700483726,8,-0.8966703087799507,1,-0.9466703087799507,ENTAIN PLC,Consumo discrecional,Reino Unido
BKG.L,10.072508,0.08842,18.241,-0.003,-0.01092233009708743,-0.1882470119521913,-0.10586944596818426,48.83516493981915,-0.12815152543616615,-0.7097286205361975,-0.3229826626649466,-0.22111392856995432,-0.28441545498408105,-0.38567955124019665,-0.9975751633354971,-0.6152664469564713,-0.27156146788044044,-1.2761182216282227,0.7097286205361975,0.22111392856995432,9,-0.3580840466204116,0,-0.3580840466204116,BERKELEY GROUP HOLDINGS (THE) PLC,Consumo discrecional,Reino Unido
AAK.ST,14.481268,0.18711,28.46,-0.009,-0.160735150343425,-0.17207658077430654,-0.19448750082246724,29.464275577438656,-0.17306189635349345,-0.4872785816831408,0.14837320749437294,-0.20148988634579817,-0.3045411866789362,-1.5398604867451524,-0.9354967590973353,-0.7975146573255274,-1.6720252260396018,-1.5858669745052696,0.4872785816831408,0.20148988634579817,9,-0.666462623874279,0,-0.666462623874279,AAK,Productos básicos de consumo,Suecia
GETI B.ST,,,,,0.033681446204919974,-0.004855269713554211,0.059339277612628916,33.90673040545424,-0.010449422474205106,,,,,-0.042045220248665804,-0.2935329158906083,-0.2755050489042535,-1.350847562613494,-0.4643217733070409,,,5,-0.48525050419281246,4,-0.6852505041928125,GETINGE B,Cuidado de la Salud,Suecia
GFC.PA,12.487562,0.04261,66.028,-0.0,0.07939460770884432,0.04592215046803427,-0.0737307618924542,79.97731170515327,0.054606793659360164,-0.587873755192602,-0.5417769925058467,-0.12934623057937317,-0.2743525891366535,0.31013598442215656,-0.09859802630555642,-0.5491713643454901,1.9799328791382407,-0.015626262611608672,0.587873755192602,0.12934623057937317,9,0.16975151271413524,0,0.16975151271413524,GECINA SA,Inmobiliario,Francia
MAP.MC,12.151351,0.18323,35.919,-0.015,0.1157810418182621,0.17783216457380058,0.3725361610512379,69.94538509242322,0.13437068695032361,-0.6048377428020035,0.12984183880232555,-0.18716600622543608,-0.32466691837379136,0.5904626513325201,0.40780548814856793,0.3686026511994087,1.2546512783395927,0.5345087277445146,0.6048377428020035,0.18716600622543608,9,0.41702327402450867,0,0.41702327402450867,MAPFRE SA,Financieros,España
AKE.PA,,0.00543,59.855,-0.084,-0.0632892361225954,0.11144333198598688,-0.10810106246873785,44.95413614617637,0.021876633701576775,,-0.719353355384796,-0.14120054241514143,-0.5561128328646255,-0.7891222238141313,0.15293827150177877,-0.6198558967488945,-0.5521495228834531,-0.24136757851060908,,0.14120054241514143,8,-0.3979778245361986,1,-0.4479778245361986,ARKEMA SA,Materials,Francia
TEMN.SW,19.882006,0.53041,188.334,0.089,-0.10660115262747205,-0.07411393543340161,0.11602337669769769,42.380954110975075,-0.03741942261888542,-0.2147769308935358,1.788017246664445,0.1055239238650577,0.024179097670364504,-1.1228038688690254,-0.5594174430411587,-0.15893088541552783,-0.7381837372156125,-0.6503350201200481,0.2147769308935358,-0.1055239238650577,9,-0.1453579559220094,0,-0.1453579559220094,TEMENOS AG,Tecnología de la Información,Suiza
LUND B.ST,,,,,0.06376811594202891,0.014205683982791095,0.16166868598558315,47.13419552736965,0.04004446923398275,,,,,0.18974709609853252,-0.22035777444200583,-0.0650586384661001,-0.3945370304015445,-0.11606323825037614,,,5,-0.1212539170922988,4,-0.3212539170922988,LUNDBERGFORETAGEN CLASS B,Financieros,Suecia
INVP.L,8.42,0.12372,,0.094,0.008821170809943935,0.04658901830282858,0.1290298407717978,52.04249793315386,0.05633000257620924,-0.7931081805043033,-0.15438541657492755,,0.04095054074941047,-0.23357259330728583,-0.09603791578244272,-0.13218233169662835,-0.039679826646317654,-0.003741216862973552,0.7931081805043033,,8,0.021807427547892274,1,-0.02819257245210773,INVESTEC PLC,Financieros,Reino Unido
INPST.AS,67.391304,0.15086001,322.425,0.308,0.01839682838756307,0.14985167109497954,0.18230361601157385,73.68418410881851,0.14844589208136227,2.1823699280830113,-0.02476131048836731,0.3630253864229713,0.7587683045325773,-0.15980025925177127,0.3003881678647982,-0.02262169856134488,1.524956498897585,0.6315860207344451,-2.1823699280830113,-0.3630253864229713,9,0.05145782324688217,0,0.05145782324688217,INPOST SA,Industriales,Holanda
ALLN.SW,16.340363,0.081429996,97.439,0.042,0.0,0.04703322308349489,0.2177452093810477,65.85365853658537,0.05471043932478481,-0.39347539099425705,-0.35636780217084507,-0.06902616107130312,-0.13347246727266746,-0.30153224563162684,-0.09433261036198859,0.05026601009842423,0.9588303357618628,-0.014911414015379215,0.39347539099425705,0.06902616107130312,9,0.06344237316370445,0,0.06344237316370445,ALLREAL HOLDING AG,Inmobiliario,Suiza
AZM.MI,9.31217,0.26435,3.153,0.127,-0.00032338604363335577,0.002092591385938647,0.2564959800844546,43.954276068923726,0.05012130337320886,-0.7480925182401902,0.5172811759927601,-0.2500881480706949,0.15164206507111377,-0.30402366129122305,-0.2668600260226625,0.12995923539805676,-0.6244367460061019,-0.046562881343506675,0.7480925182401902,0.2500881480706949,9,0.06168664756770238,0,0.06168664756770238,AZIMUT HOLDING,Financieros,Italia
A2A.MI,9.658334,0.1148,109.904,0.147,0.006626983728448943,-0.014608076924324198,0.0980972362556527,63.1285042698898,0.011377732535446272,-0.7306263383507134,-0.19698846006283036,-0.0450890159177552,0.21872783738729756,-0.2504769469816149,-0.33097401451233566,-0.19579704118659602,0.7618089334657041,-0.3137789497899677,0.7306263383507134,0.0450890159177552,9,0.05202630139868065,0,0.05202630139868065,A2A,Servicios,Italia
VER.VI,14.987277,0.1347,18.085,-0.155,-0.03818953200552755,0.018806602036533615,-0.07207635470171048,70.50001926422854,-0.015176739987068033,-0.46174720285780296,-0.10194355362681402,-0.22141350294973397,-0.794267324587078,-0.5957502551728616,-0.20269481619031088,-0.5457689792420196,1.2947498531710848,-0.49692628478521633,0.46174720285780296,0.22141350294973397,9,-0.08438229495840877,0,-0.08438229495840877,VERBUND AG,Servicios,Austria
SECT B.ST,,,,,0.10030863725127048,0.3672099897518877,-0.18267820023690295,51.53156383241607,0.11069426982854846,,,,,0.4712608744199858,1.134828352030362,-0.7732281403063004,-0.07661900261830752,0.37121146418891326,,,5,0.2254907095429306,4,0.02549070954293059,SECTRA CLASS B,Cuidado de la Salud,Suecia
AALB.AS,29.735292,0.05954,45.342,0.003,0.29449420368102386,0.3704211286092376,0.5073648082436879,58.198607502711205,0.2694596964269369,0.2823841424083174,-0.4609171801459593,-0.16907056147759156,-0.2642897232892259,1.967296249462808,1.1471559377241847,0.6458856461569232,0.40539051484069644,1.4662234154233118,-0.2823841424083174,0.16907056147759156,9,0.5326034754713348,0,0.5326034754713348,AALBERTS NV,Industriales,Holanda
ENG.MC,13.5,0.14795999,118.493,0.074,0.028642127048356336,0.2863663090942359,0.37117189089159686,58.904134643396965,0.15534872679979927,-0.536789805865283,-0.038612171270406205,-0.028595141892578873,-0.026135231566773363,-0.08086890762646785,0.8244688673166677,0.36579694986164724,0.4563982498209474,0.6791951676125286,0.536789805865283,0.028595141892578873,9,0.3050697635451118,0,0.3050697635451118,ENAGAS SA,Servicios,España
SOF.BR,70.30675,0.01069,11.929,-0.345,0.05329999054047141,-0.05134383237904672,-0.13707420155448824,52.87355414660672,-0.007243064787261666,2.3294727588050255,-0.6942309328795976,-0.2332351688595006,-1.4315821615908244,0.10909905310003488,-0.47200284992344144,-0.6794408510320178,0.020403326282840795,-0.442207386929856,-2.3294727588050255,0.2332351688595006,9,-0.6317999325464875,0,-0.6317999325464875,SOFINA SA,Financieros,Bélgica
VEND.OL,,-0.37695998,16.901,0.001,-0.06569922788781579,-0.12642886343208126,-0.27761391329738927,48.68913097831913,-0.09154237820857125,,-2.5456960624787746,-0.22368719567831807,-0.2709983005208443,-0.8076891698576514,-0.760254836445605,-0.9684689841031292,-0.2821193347246121,-1.0236233642930619,,0.22368719567831807,8,-0.8043953570931701,1,-0.8543953570931702,VEND MARKETPLACES ASA,Comunicación,Noruega
BZU.MI,8.2239685,0.13445,6.178,0.029,-0.1096221373389249,-0.16290459917194788,-0.07354156443836257,33.18536037237533,-0.11420921137749229,-0.8029992189802972,-0.10313758511470368,-0.24427909359099312,-0.17707821927818695,-1.1460779982437848,-0.900285454258729,-0.5487822687207748,-1.4030006965584467,-1.179957484059517,0.8029992189802972,0.24427909359099312,9,-0.4901157104069836,0,-0.4901157104069836,BUZZI,Materials,Italia
CVC.AS,18.727274,0.6032,79.323,0.089,0.12862106760082548,-0.035892329070157714,-0.13650498830034596,74.035090537173,0.09139933865584249,-0.2730405193548872,2.135671454678396,-0.10381519609751041,0.024179097670364504,0.6893841785106258,-0.41268441506263526,-0.6782702306989903,1.5503260999634985,0.23813349699518763,0.2730405193548872,0.10381519609751041,9,0.4359550441676493,0,0.4359550441676493,CVC CAPITAL PARTNERS PLC,Financieros,Holanda
VK.PA,15.637037,0.14524001,36.586,-0.147,-0.15118617217536612,0.19501837057908666,0.27552879658627205,63.72797058933745,0.0783144673488203,-0.42896266996302945,-0.05160313833612665,-0.1858851337170192,-0.7674330156606045,-1.4662936949512035,0.47378345942094763,0.16910133518170173,0.8051487532807879,0.14788657883083464,0.42896266996302945,0.1858851337170192,9,-0.008284657617068255,0,-0.008284657617068255,VALLOUREC SA,Energía,Francia
JMAT.L,,-0.04222,70.337,0.264,0.013685275368432004,-0.12044105894162793,0.12852686612015374,52.45634545312699,-0.006356231784453326,,-0.9469357569765638,-0.1210714485122542,0.6111796054369729,-0.19609878605582048,-0.7372676109617347,-0.13321672847134722,-0.009759752132237825,-0.43609086170373934,,0.1210714485122542,8,-0.21588980529402704,1,-0.26588980529402706,JOHNSON MATTHEY PLC,Materials,Reino Unido
UNI.MC,13.783334,0.09184,,0.021,0.23432836020064518,0.21768304969672791,0.705796434263882,65.38461318030224,0.24742887724939466,-0.5224937998889105,-0.3066483119106161,,-0.20391252820466046,1.5037693670541852,0.5607933292701452,1.0539718852677606,0.9249196045549063,1.314275911412148,0.5224937998889105,,8,0.6712078821665974,1,0.6212078821665974,UNICAJA BANCO SA,Financieros,España
INCH.L,11.152777,0.19403,225.821,0.053,0.039611297945337354,0.030370292262131393,0.034349838541435807,58.294763432631434,0.05352818134699566,-0.655222164974599,0.1814239990791586,0.17751203139582789,-0.09657529249876637,0.003639266685808935,-0.1583017243541882,-0.32689729122259636,0.4123423327188625,-0.02306549795454881,0.655222164974599,-0.17751203139582789,9,0.05225288067027792,0,0.05225288067027792,INCHCAPE PLC,Consumo discrecional,Reino Unido
R3NK.DE,38.929825,0.24204001,103.927,0.04,-0.2111080709870108,-0.21920279289531952,-0.3732257213645268,49.790657533400584,-0.18929423476821505,0.7463069286533637,0.4107258537747471,-0.05656693943021053,-0.14018104450428584,-1.927941190231889,-1.1164146340803258,-1.1651002568052669,-0.20248189577266537,-1.6978221081979714,-0.7463069286533637,0.05656693943021053,9,-0.7254394738934233,0,-0.7254394738934233,RENK GROUP AG,Industriales,Alemania
BGN.MI,15.8518505,0.28243,,0.116,0.19835527777366369,0.18688084571456787,0.45799983661046584,40.259717097414715,0.1958415585403157,-0.4181239598900926,0.60363353319694,,0.1147448902972127,1.2266272248777021,0.44254344160815295,0.5443636961449597,-0.8915435290342771,0.958475963470883,0.4181239598900926,,8,0.4271211475564582,1,0.3771211475564582,BANCA GENERALI,Financieros,Italia
NEM.DE,27.164179,0.23862,32.754,0.107,-0.14508189480282174,-0.28097763309090074,-0.5578127715772562,42.36641132458534,-0.26982046406709603,0.1526551059568891,0.3943914552591571,-0.19324390950750422,0.08455629275492994,-1.4192654062050192,-1.3535686999937848,-1.5447143164220039,-0.7392351419756347,-2.253214962671058,-0.1526551059568891,0.19324390950750422,9,-0.7544957750780887,0,-0.7544957750780887,NEMETSCHEK,Tecnología de la Información,Alemania
ZAB.WA,29.417393,0.58837,395.549,0.159,0.35863463250331984,0.521817477628765,0.6422330681841013,79.42858731017111,0.44812154474313526,0.26634411190056734,2.064841506816782,0.503448956596099,0.2589793007770079,2.4614439467031337,1.7283676352495847,0.9232501070463632,1.9402615654461217,2.6984618399182474,-0.26634411190056734,-0.503448956596099,9,1.2562014259400638,0,1.2562014259400638,ZABKA GROUP SOCIETE ANONYME SA,Productos básicos de consumo,Polonia
GF.SW,,-0.39063,7670.37,0.05,0.2523518209482323,0.08743007041763051,-0.11640841910411004,78.6075300565479,0.10951571320039921,,-2.6109857997591,14.473641194307977,-0.10663815834619393,1.6426248718933678,0.06075118370439945,-0.6369404613128945,1.8809013107070645,0.3630829086168335,,-3.0,8,-0.3009005180620655,1,-0.3509005180620655,GEORG FISCHER AG,Industriales,Suiza
HUBN.SW,47.61194,0.11249,,-0.097,-0.14553574153355175,0.22156808151740415,1.1263338544807122,26.780626470994818,0.03999697522115708,1.1843749611787686,-0.20802131101093072,,-0.599718584870145,-1.4227619109993919,0.5757079950071914,1.918831674322732,-1.8660459156879448,-0.11639080649221849,-1.1843749611787686,,8,-0.36284672761368447,1,-0.41284672761368446,HUBER & SUHNER AG,Industriales,Suiza
PLUS.L,14.20906,0.46408,3.944,0.016,0.010709504685408211,0.08299843143691321,0.35469058900473294,45.21805268132717,0.12235887480368923,-0.5010132100539555,1.471216812297562,-0.24856915233732493,-0.22068397128370643,-0.21902457962364155,0.04373808905922928,0.33190218904375135,-0.5330690596304112,0.4516627445959349,0.5010132100539555,0.24856915233732493,9,0.230591620761111,0,0.230591620761111,PLUS500 LTD,Financieros,Reino Unido
AG1.DE,73.393936,0.10702,238.808,0.254,0.29657381786250325,-0.17953933137610434,-0.027309249622226472,51.18482726857521,0.03989332109326971,2.4852409670192652,-0.23414671996595635,0.20245159851248465,0.577636719278881,1.9833179159498449,-0.9641463135520477,-0.4537028105864893,-0.10168713357520673,-0.11710571345441606,-2.4852409670192652,-0.20245159851248465,9,-0.22194740238190447,0,-0.22194740238190447,AUTO1 GROUP,Consumo discrecional,Alemania
ING.WA,13.202347,0.22552,,0.046,0.035895089471765784,0.3308826415002082,0.4954206262495078,53.10346230693248,0.20769241674974426,-0.551808296646076,0.3318242052937393,,-0.1200553128094307,-0.024990973139498232,0.9953673948758952,0.621321737635787,0.03702507452670664,1.040211840416779,0.551808296646076,,8,0.42906403293075673,1,0.37906403293075674,ING BANK SLASKI SA,Financieros,Polonia
VAR.OL,17.296297,0.97445,1081.588,0.45,0.09222059061925747,0.43405001130992615,0.5568454528101461,79.67627213476584,0.2505736678054684,-0.34524242856469467,3.0,1.8208829817862198,1.2350772879774825,0.4089493231602551,1.3914276864526944,0.7476454843182607,1.9581685192158633,1.3359656666492292,0.34524242856469467,-1.8208829817862198,9,0.9557326016169179,0,0.9557326016169179,VAR ENERGI,Energía,Noruega
CDR.WA,45.18591,0.16363001,0.744,0.061,-0.21221429857310792,-0.1286792683151532,-0.1355298067383861,60.32257080078131,-0.0696775146459353,1.0619662866855597,0.0362298179130362,-0.25471426781998463,-0.06974098357229284,-1.9364637371547997,-0.7688941573452192,-0.6762647128082588,0.5589474097752221,-0.8728204632700319,-1.0619662866855597,0.25471426781998463,9,-0.504028760591991,0,-0.504028760591991,CD PROJEKT SA,Comunicación,Polonia
BFT.WA,23.060158,0.38054,126.1,0.454,0.34742740703005603,0.43360433604336035,0.7064516129032259,84.14179104477613,0.3708925054421064,-0.05441890825657677,1.0722192503043555,-0.013987050181143738,1.2484944424407192,2.3751017634381952,1.3897167358260556,1.055319298440943,2.281013654400471,2.1658098461633544,0.05441890825657677,0.013987050181143738,9,1.2951201054946457,0,1.2951201054946457,BENEFIT SYSTEMS SA,Industriales,Polonia
BIM.PA,21.077845,0.09544,11.237,-0.025,-0.025710763675334425,-0.3177181519893194,-0.4304335250268134,50.97403626837248,-0.22884305060682109,-0.15443923230889972,-0.2894542584850051,-0.23456405008262576,-0.3582098045318833,-0.49961191079345924,-1.494615822300279,-1.2827514493725134,-0.11692676200978726,-1.9705919859244956,0.15443923230889972,0.23456405008262576,9,-0.6247954123362107,0,-0.6247954123362107,BIOMERIEUX SA,Cuidado de la Salud,Francia
DEMANT.CO,24.307419,0.24199,211.594,0.034,-0.018779342723004744,-0.06278026905829592,-0.23161764705882348,31.71225854167426,-0.06134914090337962,0.008513357938430841,0.4104869997159097,0.15019123202964046,-0.160306776199141,-0.446211181096335,-0.5159074144590817,-0.873874973667883,-1.5095020392371823,-0.8153793126502924,-0.008513357938430841,-0.15019123202964046,9,-0.45215547639578635,0,-0.45215547639578635,DEMANT,Cuidado de la Salud,Dinamarca
RAA.DE,27.873945,0.26775,1.765,0.076,-0.019993307974244923,-0.02952935651550259,-0.07784581727384632,41.09589041095891,-0.02908622756087842,0.1884673239675266,0.5335200042280595,-0.25275359191129854,-0.019426654335154975,-0.4555637555091457,-0.3882569166206376,-0.5576342163011265,-0.8310904233842745,-0.5928606166810205,-0.1884673239675266,0.25275359191129854,9,-0.24966959007328093,0,-0.24966959007328093,RATIONAL AG,Industriales,Alemania
TW..L,,,,,-0.05078507801926613,-0.3341437958031108,-0.22513378241727278,13.580835462393765,-0.19324719504374321,,,,,-0.6927882727298932,-1.5576739897249765,-0.8605405269894847,-2.8203556831435166,-1.7250858446247161,,,5,-1.5312888634425172,4,-1.7312888634425172,TAYLOR WIMPEY PLC,Consumo discrecional,Reino Unido
CCC.L,33.328766,0.183,22.53,0.348,-0.015151504520715564,0.1206896401553037,0.6877150609800353,43.425224625772614,0.11922137711774883,0.46369780677595107,0.12874332983346704,-0.21287755347460197,0.8929398491649448,-0.41826175938934257,0.18843491657766792,1.0167864840827032,-0.6626857576273154,0.43002328859670363,-0.46369780677595107,0.21287755347460197,9,0.14724001088194216,0,0.14724001088194216,COMPUTACENTER PLC,Tecnología de la Información,Reino Unido
SAGA B.ST,,,,,-0.03729202459089942,-0.1330381637118434,-0.17796708232737113,50.266530032046234,-0.08436314660175448,,,,,-0.5888357204505674,-0.785627988836223,-0.7635394509160673,-0.16807758033879835,-0.9741078962306726,,,5,-0.6560377273544656,4,-0.8560377273544657,SAGAX CLASS B,Inmobiliario,Suecia
WPP.L,,-0.05287,246.465,-0.083,0.022521732692292185,-0.1759229810290196,-0.3863381365270867,50.38073675139218,-0.08453474006396466,,-0.997801498360663,0.21715570765333636,-0.5527585442488163,-0.12802136408463982,-0.9502631179684833,-1.1920667051314244,-0.15982073841532593,-0.9752913836932745,,-0.21715570765333636,8,-0.6466473824444955,1,-0.6966473824444955,WPP PLC,Comunicación,Reino Unido
EVD.DE,18.843649,0.25445998,9.565,0.23,0.023985591170391896,-0.18264507495720017,-0.43051855717233145,65.42371426051692,-0.11490144574475414,-0.26716865895161646,0.4700451948093264,-0.23777487292231547,0.49713379249946055,-0.11674357394009917,-0.9760692860050657,-1.2829263229507024,0.9277465086129036,-1.1847318541566312,0.26716865895161646,0.23777487292231547,9,-0.12895577880631956,0,-0.12895577880631956,CTS EVENTIM AG,Comunicación,Alemania
DRX.L,38.9,0.035889998,62.9,-0.087,0.04318394085801547,-0.004477939976297529,0.3197484910871131,59.58196982602432,0.09852443919271159,0.7448020673298186,-0.5738725684525724,-0.13535308096367304,-0.5661756987120531,0.031163455419454922,-0.29208434425372237,0.26004172198094083,0.5054039299173076,0.287275620748329,-0.7448020673298186,0.13535308096367304,9,-0.10641076330205122,0,-0.10641076330205122,DRAX GROUP PLC,Servicios,Reino Unido
RS1.L,19.647058,0.116960004,35.038,0.011,-0.006557451863197228,-0.06912442093806559,0.03871983776393839,49.17824398065276,-0.023408883462486818,-0.22663155480784453,-0.18667200890295993,-0.18885783333175582,-0.23745541436275241,-0.35205186013156625,-0.5402626601917533,-0.3179101323538439,-0.2467577661049,-0.5537037311285082,0.22663155480784453,0.18885783333175582,9,-0.22436935389296486,0,-0.22436935389296486,RS GROUP PLC,Industriales,Reino Unido
CWK.L,18.724136,0.15245,23.262,0.087,-0.003710603379408872,0.052941098175835366,0.0094520358432304,45.9038748844073,0.027360613858352645,-0.273198851453237,-0.017167317986648566,-0.21147185830794357,0.017470520438746112,-0.330119302952168,-0.07165223442541731,-0.3781010779828797,-0.4834859392074591,-0.20354433235014543,0.273198851453237,0.21147185830794357,9,-0.10910321941164348,0,-0.10910321941164348,CRANSWICK PLC,Productos básicos de consumo,Reino Unido
PIRC.MI,12.950981,0.08705,46.615,-0.026,0.16705437355273411,0.07658506266088039,0.19025940022709276,62.34523345633585,0.12809536319869275,-0.5644913132916491,-0.32952595521858186,-0.16662595772464597,-0.36156409314769244,0.9854802599086163,0.019117119152658738,-0.006260163231497482,0.7051805378001706,0.491227550896843,0.5644913132916491,0.16662595772464597,9,0.24830805857520133,0,0.24830805857520133,PIRELLI & C,Consumo discrecional,Italia
HER.MI,12.087501,0.11613,120.506,-0.182,-0.020893472980430428,-0.015642323531865676,0.016063232581275733,73.47829196767043,0.004537618298595669,-0.6080593822155274,-0.19063621254725743,-0.024729480184268238,-0.8848331172139263,-0.46249876472424256,-0.3349444948463861,-0.364504765404278,1.5100710449375998,-0.3609555108186268,0.6080593822155274,0.024729480184268238,9,-0.05061255091303576,0,-0.05061255091303576,HERA,Servicios,Italia
TCAP.L,14.525001,0.091809995,235.704,0.017,0.025291888667043905,0.2189834144009155,0.025562343647709707,44.00601981369574,0.1229299774410253,-0.48507197312446204,-0.3067916195697926,0.19649083649430477,-0.21732968266789723,-0.10667965775285647,0.5657854389347283,-0.3449692881835114,-0.6206958109406541,0.45560166396057966,0.48507197312446204,-0.19649083649430477,9,-0.031833091065471844,0,-0.031833091065471844,TP ICAP GROUP PLC,Financieros,Reino Unido
ZEG.L,,,,,0.014656144306651742,0.11801242236024834,1.203421387903238,54.034975310614314,0.1572632050290037,,,,,-0.18861906290846484,0.17815705776940408,2.077366693299637,0.1043709860904737,0.692399406005437,,,5,0.5727350160512973,4,0.3727350160512973,ZEGONA COMMUNICATIONS PLC,Comunicación,Reino Unido
SALM.OL,32.55783,0.097559996,108.969,0.249,-0.07996910491458942,-0.09490204104519462,0.2169661863720891,77.99441843226458,-0.10882849960972274,0.4247991724313236,-0.27932889057220467,-0.046884541847844845,0.5608652761998351,-0.9176264902366454,-0.6392231333977281,0.048663903739257615,1.8365749716602668,-1.1428464844036572,-0.4247991724313236,0.046884541847844845,9,-0.10120394195492831,0,-0.10120394195492831,SALMAR,Productos básicos de consumo,Noruega
ITV.L,12.35,0.12312,48.327,0.02,0.009345794392523255,-0.005112362140707427,-0.05424001945533086,48.683619169762885,0.02350409064892589,-0.5948146347697857,-0.15725109214586275,-0.16333832094142303,-0.20726681682046966,-0.22953081279521936,-0.2945198956095669,-0.509087513105798,-0.28251782381721513,-0.23014293819912188,0.5948146347697857,0.16333832094142303,9,-0.128018215198005,0,-0.128018215198005,ITV PLC,Comunicación,Reino Unido
CPR.MI,19.386208,0.0863,69.829,-0.028,-0.10506205676517832,-0.06582122862268369,-0.09657607822376368,64.13503552891481,-0.03231483438969762,-0.23979309969457463,-0.33310804968225083,-0.12204698559512644,-0.36827267037931083,-1.1109464383817478,-0.52758168059542,-0.596154092905063,0.834578465279581,-0.6151284563432226,0.23979309969457463,0.12204698559512644,9,-0.26164142641308147,0,-0.26164142641308147,DAVIDE CAMPARI MILANO NV,Productos básicos de consumo,Italia
VALMT.HE,16.028986,0.10457,61.235,0.051,-0.12776024026575306,-0.20095606221590612,-0.12760637657266483,66.86390966624253,-0.13118878495421638,-0.4091863450375591,-0.245848228547275,-0.13855046136324442,-0.10328386973038475,-1.2858167240080338,-1.0463653007829767,-0.6599697154732196,1.0318688043244824,-1.2970663306877501,0.4091863450375591,0.13855046136324442,9,-0.3398605065004838,0,-0.3398605065004838,VALMET CORP,Industriales,Finlandia
VSURE.ST,,-0.02044,59.206,0.108,,,,,,,-0.8429117337516173,-0.14244684864896834,0.08791058137073915,,,,,,,0.14244684864896834,3,-0.20418476791063658,6,-0.5041847679106366,VERISURE PLC,Industriales,Suecia
KBCA.BR,21.216543,0.08821999,2.775,,0.19121400464730165,0.1850817214932836,0.46392433663139077,69.52384481632375,0.20697426204722125,-0.14744103429203295,-0.32393793561651785,-0.25081403983708406,,1.1716097618586623,0.4356365904886665,0.5565477767809027,1.224175038026733,1.0352586966565376,0.14744103429203295,0.25081403983708406,8,0.5621931252905127,1,0.5121931252905126,KBC ANCORA NV,Financieros,Bélgica
BALD B.ST,,,,,0.016129043797332265,-0.19037654232455758,-0.20276631790663602,51.96134295978619,-0.11400279547307157,,,,,-0.17727161941689237,-1.0057504460993851,-0.8145405286340716,-0.04554711528080462,-1.178533824720653,,,5,-0.6443287068303614,4,-0.8443287068303613,FASTIGHETS BALDER CLASS B,Inmobiliario,Suecia
OCTV SDB.ST,,,,,,,,48.148148148148145,,,,,,,,,-0.32123095387990974,,,,1,-0.32123095387990974,8,-0.7212309538799098,OCTAVE INTELLIGENCE SDR PLC,Tecnología de la Información,Suecia
FLS.CO,18.571428,0.12665,24.245,-0.116,-0.08769843691871271,-0.09180867899973555,0.17673007732882495,46.50608288342943,-0.05243722632371628,-0.28090394325527945,-0.14039136753686074,-0.20958415564561403,-0.6634500685705197,-0.9771744490073201,-0.6273476937510956,-0.034084006688328124,-0.43994790325429756,-0.7539134558690371,0.28090394325527945,0.20958415564561403,9,-0.34953564953072946,0,-0.34953564953072946,FLSMIDTH AND CO CLASS B,Industriales,Dinamarca
MNDI.L,22.850002,0.03735,55.423,0.021,0.036086607270101156,-0.11320200226557753,-0.3505993298647847,52.156755424987544,-0.06561999368518967,-0.06502261777245046,-0.566899415011045,-0.1497115273586251,-0.20391252820466046,-0.023515490658859373,-0.7094768191334117,-1.1185677599600337,-0.03141931400707888,-0.8448355673163328,0.06502261777245046,0.1497115273586251,9,-0.3648769721289274,0,-0.3648769721289274,MONDI PLC,Materials,Reino Unido
ADEN.SW,12.144579,0.085839994,94.902,0.015,0.06385219186054347,-0.03780129230254403,-0.17020706500102734,81.13925752914199,0.02956376800021232,-0.6051794333596916,-0.3353050962767235,-0.07389808543989926,-0.22403825989951562,0.19039482986474165,-0.420012938953695,-0.7475805216382299,2.0639384704664754,-0.18834908381627857,0.6051794333596916,0.07389808543989926,9,0.11312499094959616,0,0.11312499094959616,ADECCO GROUP AG,Industriales,Suiza
MANTA.HE,29.421053,0.06083,27.563,-0.714,-0.11154010058331176,-0.031343103896604996,0.08986221234662373,63.06306538513419,-0.023399182575948863,0.26652878222560256,-0.4547559776684487,-0.20321243902953123,-2.669314660824416,-1.1608542811281908,-0.3952199061582308,-0.212732849270341,0.7570778762199499,-0.5536368236983188,-0.26652878222560256,0.20321243902953123,9,-0.5280836628582297,0,-0.5280836628582297,MANDATUM,Financieros,Finlandia
TUI1.DE,5.233846,0.38056,146.42,-0.001,0.014008921331818192,-0.25974546779615015,-0.14325119369139883,30.603420590857397,-0.09864281283410825,-0.9538699550376918,1.0723147728233866,0.02503443313374542,-0.27770687775246267,-0.19360536793459926,-1.2720582612479325,-0.6921441964650312,-1.5896680726463812,-1.0725953661986736,0.9538699550376918,-0.02503443313374542,9,-0.3440697608353054,0,-0.3440697608353054,TUI N AG,Consumo discrecional,Reino Unido
DNP.WA,18.729559,0.19067,10.137,0.148,-0.12437512036598664,-0.24968501594743409,-0.41744911367611537,57.55814920573313,-0.19806219043366668,-0.27292522654267276,0.16537621588192164,-0.23667643352979004,0.22208212600310676,-1.259737241315668,-1.2334361125981614,-1.25604824836848,0.3590870841230525,-1.7582950741784649,0.27292522654267276,0.23667643352979004,9,-0.4723743989311367,0,-0.4723743989311367,DINO POLSKA SA,Productos básicos de consumo,Polonia
FTK.DE,24.426666,,13.851,0.185,0.09744599552633026,-0.04434289193811736,0.45035022985249706,47.999993575244126,0.08216868347995598,0.014530129044844154,,-0.2295442588727281,0.34619080478804687,0.44920664368943664,-0.4451261880732805,0.5286318326555247,-0.33194213528599315,0.17446927266196635,-0.014530129044844154,0.2295442588727281,8,0.11705554503294811,1,0.06705554503294811,FLATEXDEGIRO N,Financieros,Alemania
LOOMIS.ST,19.498825,0.13317001,137.88,-0.023,0.1901910275947547,0.38718391735277957,0.2846320635140309,65.09008529114399,0.2257172601739914,-0.23411085434088907,-0.1092509785714391,0.008634656189397329,-0.3515012273002649,1.1637285898096528,1.2115084070141613,0.18782273579045913,0.9036260218588894,1.16452995797903,0.23411085434088907,-0.008634656189397329,9,0.4884377449702201,0,0.4884377449702201,LOOMIS CLASS B,Industriales,Suecia
RAND.AS,20.292994,0.07401,51.104,-0.025,0.24210530542600872,0.16239782543478865,-0.21093293186710615,76.66666997803566,0.1481179611986594,-0.1940399670832717,-0.39180663762690615,-0.1580055129116274,-0.3582098045318833,1.5636841453810442,0.34855294666217584,-0.8313356476593985,1.7405822913391116,0.6293242673827734,0.1940399670832717,0.1580055129116274,9,0.33920411566020175,0,0.33920411566020175,RANDSTAD HOLDING,Industriales,Holanda
SFZN.SW,19.114584,0.15979,51.013,0.05,-0.09477092419283917,-0.12897085637163608,-0.1793529496663565,52.45901229271636,-0.06397329338178404,-0.25349826154358035,0.017889446497791582,-0.15818026463316553,-0.10663815834619393,-1.0316619752749376,-0.7700135660389168,-0.7663895681157094,-0.00956694672594682,-0.8334782047534386,0.25349826154358035,0.15818026463316553,9,-0.34313116073117844,0,-0.34313116073117844,SIEGFRIED HOLDING AG,Cuidado de la Salud,Suiza
KGX.DE,14.603572,0.06136,127.552,-0.006,-0.10456738741336646,-0.3682187831684508,-0.21668672498132346,54.39430265929458,-0.2221228441697103,-0.48110756544458755,-0.4522246309141227,-0.01119870403088687,-0.29447832083150866,-1.1071354298559015,-1.688488116868897,-0.8431686595622684,0.13034939728926095,-1.924242434129361,0.48110756544458755,0.01119870403088687,9,-0.6318979917108138,0,-0.6318979917108138,KION GROUP AG,Industriales,Alemania
IP.MI,17.693878,0.09994,31.498,0.006,-0.03460763108980136,-0.2631677656960195,0.02108801369005242,55.21628770414231,-0.11827419619530932,-0.325181933346711,-0.26796169170299133,-0.19565586733444812,-0.25422685744179835,-0.5681547413643565,-1.2851964880592286,-0.35417100930822515,0.1897767288651515,-1.2079938585553054,0.325181933346711,0.19565586733444812,9,-0.3585655685428439,0,-0.3585655685428439,INTERPUMP GROUP,Industriales,Italia
BKW.SW,20.250738,0.066989996,31.963,-0.106,-0.10830123528434765,-0.08391880782397332,-0.21740782545817872,62.130199953411015,-0.10826888945523183,-0.19617205157908804,-0.4253350609113515,-0.19476290524087417,-0.6299071824124277,-1.1359015663032102,-0.5970584202711253,-0.844651644848046,0.6896341877073822,-1.1389868291857126,0.19617205157908804,0.19476290524087417,9,-0.410141284378281,0,-0.410141284378281,BKW N AG,Servicios,Suiza
PUM.DE,,-0.27302998,154.314,-0.063,0.13335967039325514,0.3296192280569026,0.18396026280882372,61.78160636046046,0.23292165484761473,,-2.0493132923332884,0.04019366489003161,-0.4856727719326326,0.7258911009152627,0.9905171413736437,-0.019214707576168413,0.6644317984870997,1.2142189767915619,,-0.04019366489003161,8,0.12508307260443088,1,0.07508307260443088,PUMA,Consumo discrecional,Alemania
FNTN.DE,10.890908,0.16812,43.826,0.259,-0.040093885104450666,-0.12311277603982529,-0.060931147803729324,73.29191663586468,-0.06827407764025972,-0.6684351249053757,0.05767457567427485,-0.17198180993750162,0.5944081623579269,-0.6104216834099959,-0.7475243525542987,-0.5228482097138476,1.4965966043620553,-0.8631408980967729,0.6684351249053757,0.17198180993750162,9,0.02724012594024657,0,0.02724012594024657,FREENET AG,Comunicación,Alemania
SRP.L,16.757143,0.16969,104.087,0.012,-0.009943246625916613,-0.08400622084854559,0.321548296009339,63.20534351589957,0.03173836819445297,-0.3724461838718061,0.06517309341822194,-0.05625968365607755,-0.2341011257469432,-0.37813654207158715,-0.5973939995154499,0.26374312601907324,0.767364206495653,-0.17335077308283625,0.3724461838718061,0.05625968365607755,9,0.01577820589377947,0,0.01577820589377947,SERCO GROUP PLC,Industriales,Reino Unido
BC.MI,41.37688,0.26525,210.724,0.1,-0.024908302258451864,0.005416455583704183,-0.18941356328995795,47.03831533056277,-0.025347700156315156,0.869776448388066,0.5215796893491629,0.14852052875779234,0.06107627244426564,-0.493429625009631,-0.2540996869178005,-0.7870798081704118,-0.40146891350929576,-0.5670758329549669,-0.869776448388066,-0.14852052875779234,9,-0.3265327646571706,0,-0.3265327646571706,BRUNELLO CUCINELLI,Consumo discrecional,Italia
COTN.SW,,0.03864,29.569,-0.102,0.21470778918585687,0.3408106909551767,0.27179162697178105,42.524274807531846,0.3312240086924574,,-0.5607382125335343,-0.19936021976133894,-0.6164900279491909,1.3526094798579262,1.0334812497621455,0.16141562739668502,-0.7278220322072877,1.8922145240643713,,0.19936021976133894,8,0.34175385351905674,1,0.29175385351905675,COMET HOLDING AG,Tecnología de la Información,Suiza
UTG.L,27.3,0.020450002,28.106,0.226,0.009405781378535982,-0.17260248803451128,-0.3957429323083529,47.603368757898814,-0.10978025309541051,0.15950814098874863,-0.6476159340401336,-0.20216968974606744,0.4837166380362238,-0.2290686638581628,-0.9375157209377236,-1.2114082174546252,-0.36061705422685203,-1.1494107689823987,-0.15950814098874863,0.20216968974606744,9,-0.4454731303007059,0,-0.4454731303007059,UNITE GROUP PLC,Inmobiliario,Reino Unido
PNN.L,25.463158,0.0647,347.103,0.217,0.03732057416267942,-0.006253240401445481,0.08417774056464578,56.49454848303366,0.030657558168348364,0.06682775596735345,-0.4362723702359169,0.4104157488858077,0.453528040493941,-0.014008820534658559,-0.29889973564459876,-0.22442329780097484,0.2821915819379402,-0.1808051661516262,-0.06682775596735345,-0.4104157488858077,9,-0.09954814142100615,0,-0.09954814142100615,PENNON GROUP PLC,Servicios,Reino Unido
ADP.PA,27.538862,0.07804,196.356,0.083,0.010927895999097714,-0.009108508346010957,-0.018831760182057344,35.68075167819849,-0.03558851677041597,0.1715602511468246,-0.37255885004212497,0.12092896024065024,0.004053365975509384,-0.2173420594606419,-0.30986113028653106,-0.43626835796355723,-1.2225905449720285,-0.6377071840186121,-0.1715602511468246,-0.12092896024065024,9,-0.3871959969061624,0,-0.3871959969061624,AEROPORTS DE PARIS SA,Industriales,Francia
BOL.PA,32.350002,0.013250001,0.758,-0.133,0.05020283223380684,0.14706627244504866,0.020178717964671078,29.288735485415586,0.09006753679769797,0.4143129253517019,-0.6820040456674815,-0.25468738293974796,-0.720472975039276,0.08523807066932432,0.28969500195891185,-0.35604102912438423,-1.684716307609644,0.22894800250441646,-0.4143129253517019,0.25468738293974796,9,-0.33321986941334303,0,-0.33321986941334303,BOLLORE,Energía,Francia
SUNN.SW,,-0.03475,140.493,0.001,-0.013422200974642529,0.12519189501400607,0.00017061914509830522,76.72411454278328,0.007003524018418306,,-0.911258096118421,0.01365252705070665,-0.2709983005208443,-0.40493893974482414,0.2057191060978582,-0.39718885400894416,1.7447353805198549,-0.3439480533911767,,-0.01365252705070665,8,-0.048941285527150456,1,-0.09894128552715045,SUNRISE N CLASS A LTD,Comunicación,Suiza
MIL.WA,18.770641,0.14142999,,-0.021,0.10177702857880022,0.2521419151414297,0.42182061128070103,61.388889477576946,0.18046855384542582,-0.2708523778287119,-0.06980027373408398,,-0.3447926500686465,0.48257358633148234,0.6930811671844613,0.4699590042373063,0.63603941280946,0.8524476912711105,0.2708523778287119,,8,0.37379503948247517,1,0.3237950394824752,BANK MILLENNIUM SA,Financieros,Polonia
IFCN.SW,58.666668,0.2123,11.868,-0.005,0.36070978421357847,0.4080977689201404,0.5162194980458175,41.85392969471283,0.35624475835504654,1.7421564401229555,0.2686838202141344,-0.2333523101233888,-0.29112403221569944,2.477431233627729,1.291796837019116,0.6640958333751461,-0.776286200186345,2.064783706766125,-1.7421564401229555,0.2333523101233888,9,0.4656196742889599,0,0.4656196742889599,INFICON HOLDING AG,Tecnología de la Información,Suiza
RBREW.CO,14.709158,0.23813999,92.298,0.033,0.11705112398785311,-0.23593320565898013,-0.14198457695735012,39.183710128317486,-0.14401555391680265,-0.47578007884918677,0.39209886704114943,-0.0788986731639136,-0.16366106481495019,0.6002475590877865,-1.1806428117453869,-0.6895393251057642,-0.9693359698229725,-1.3855331059214016,0.47578007884918677,0.0788986731639136,9,-0.31574301102982655,0,-0.31574301102982655,ROYAL UNIBREW,Productos básicos de consumo,Dinamarca
WIE.VI,17.816666,0.04689,76.317,-0.068,-0.10615311731464383,-0.2224970593788369,-0.2627393990576794,39.1304380604011,-0.15407557469215705,-0.31898649622364483,-0.5213351734331758,-0.10958776395403388,-0.5024442150116786,-1.1193521361291368,-1.1290613473424744,-0.9378786760135001,-0.973187398585143,-1.4549175003371013,0.31898649622364483,0.10958776395403388,9,-0.6899557985193924,0,-0.6899557985193924,WIENERBERGER AG,Materials,Austria
BAMNB.AS,14.5875,0.22760999,39.83,,0.26513006555746577,0.3419540759300881,0.6774427558743445,42.77619822600306,0.2616443560000916,-0.4819185002708076,0.3418062607712373,-0.1796555228964729,,1.7410704274402524,1.0378707130913278,0.9956608881197201,-0.7096086393784752,1.4123206775683699,0.4819185002708076,0.1796555228964729,8,0.6850867938474642,1,0.6350867938474641,BAM GROEP KONINKLIJKE NV,Industriales,Holanda
TEP.PA,6.3476195,0.114870004,121.284,-0.021,0.057032651698453174,-0.08395046581984555,-0.3640308602632343,58.73191362244379,-0.023776649151582396,-0.8976729839282404,-0.19665411214171746,-0.023235448982546585,-0.3447926500686465,0.13785604692845674,-0.5971799555501482,-1.146190487424094,0.4439471282577581,-0.5562402268470144,0.8976729839282404,0.023235448982546585,9,-0.14870509154829098,0,-0.14870509154829098,TELEPERFORMANCE,Industriales,Francia
SOI.PA,,-0.15201999,46.727,-0.346,-0.10431515268630198,2.3513514961037933,1.3401962044696472,35.75178349565353,0.39442948648745313,,-1.47135433869644,-0.1664108786827529,-1.4349364502066335,-1.105192174847609,3.0,2.358652099346656,-1.2174551335739774,2.3281454131242145,,0.1664108786827529,8,0.32803378672862044,1,0.27803378672862045,SOITEC SA,Tecnología de la Información,Francia
SCYR.MC,39.716667,0.11304,415.893,0.054,0.025105112743320834,0.22342946399730024,0.36619809178366913,58.13954348004211,0.14674477043330136,0.7860081220663,-0.2053944417375735,0.5425165282771081,-0.09322100388295718,-0.10811860810448877,0.5828538560394472,0.3555680412307191,0.4011203431613411,0.6198533118252049,-0.7860081220663,-0.5425165282771081,9,0.024904094243142754,0,0.024904094243142754,SACYR SA,Industriales,España
AAF.L,23.94286,0.25962,183.83,0.325,-0.005630597731813403,-0.019433619086627663,0.8114143213707354,51.02223301650933,0.06755814117119074,-0.00988096693165313,0.4946901002418881,0.09687467382321417,0.8157912110013336,-0.3449112338041384,-0.3494993063690834,1.2711812444647792,-0.1134422653630885,0.07369973621506742,0.00988096693165313,-0.09687467382321417,9,0.19561286438835518,0,0.19561286438835518,AIRTEL AFRICA PLC,Comunicación,Reino Unido
QQ..L,,,,,-0.020399675382167137,-0.056157237890885,-0.022780832977446153,51.20993617380903,0.012698984704972771,,,,,-0.45869447232138627,-0.49048154908977865,-0.44438985702783,-0.09987182653745652,-0.3046662169537081,,,5,-0.3596207843860319,4,-0.5596207843860319,QINETIQ GROUP PLC,Industriales,Reino Unido
VATN.SW,16.68699,0.05617,,0.009,-0.07077587501417237,0.0772421148480471,0.3068995627884381,61.971824932033826,0.0822816979978549,-0.37598584980409955,-0.4770127246027119,,-0.2441639915943708,-0.8468004376376198,0.021639547332328302,0.23361714979365514,0.6781840950716159,0.17524873863521848,0.37598584980409955,,8,-0.01041272164972314,1,-0.06041272164972314,VALIANT HOLDING AG,Financieros,Suiza
RUI.PA,10.90604,0.10582,75.455,-0.014,0.004191478219482736,0.026294545431110095,0.2244152101937833,74.17584404165359,0.023359106292197618,-0.6676716190697383,-0.23987807110782672,-0.11124310443717533,-0.32131262975798214,-0.2692404548185539,-0.17394854641880825,0.06398325669427934,1.5605022038155896,-0.23114290152086628,0.6676716190697383,0.11124310443717533,9,0.1297641755991939,0,0.1297641755991939,RUBIS,Servicios,Francia
AKER.OL,3.2857442,0.45133,63.644,3.605,0.2312065564576382,0.5899283915684554,1.0846285639314832,57.54189944134078,0.325284171019971,-1.0521641060233906,1.4103212064151898,-0.13392434161395464,3.0,1.479718512403415,1.9898459348734938,1.833062306240612,0.35791226939542803,1.8512472090820116,1.0521641060233906,0.13392434161395464,9,1.4564662095608325,0,1.4564662095608325,AKER,Industriales,Noruega
GRF.MC,15.688523,0.061329998,123.219,-0.048,0.0791514739343151,-0.11309409754162614,-0.2062107307597778,73.15342188699077,-0.04437520161137076,-0.4263648731447884,-0.45236792424492134,-0.019519574464125812,-0.4353584426954947,0.30826284454749453,-0.7090625721044379,-0.8216241650249794,1.4865838025301508,-0.6983093259252008,0.4263648731447884,0.019519574464125812,9,-0.09733237058983052,0,-0.09733237058983052,GRIFOLS SA CLASS A,Cuidado de la Salud,España
NEXI.MI,,-0.37398997,95.862,0.035,0.1956677036150456,0.1823997142637701,-0.106513417716395,72.68042022635514,0.1942750481016,,-2.5315109206413866,-0.07205455079510135,-0.1569524875833318,1.2059217415183192,0.42534034500628776,-0.6165908125028897,1.4523870410455817,0.9476716738413389,,0.07205455079510135,8,0.09979014143487755,1,0.04979014143487755,NEXI,Financieros,Italia
FDJU.PA,24.021053,0.16254999,232.448,0.106,0.019719705719387193,0.09512153039186577,-0.17775414088354102,71.68138530769049,0.01254358510980036,-0.005935631760757732,0.031071506362833925,0.1902381814906985,0.08120200413912075,-0.1496086094724501,0.09027875512223693,-0.7631015243883946,1.380159474693234,-0.30573801462135286,0.005935631760757732,-0.1902381814906985,9,0.019995671345031923,0,0.019995671345031923,FDJ UNITED,Consumo discrecional,Francia
COV.PA,7.903469,0.09404001,87.271,-0.049,-0.03977372896604503,0.051516182155432855,0.004489595611713693,61.082271088094664,0.005031465688245973,-0.8191704612859307,-0.29614078705592767,-0.08855226551745433,-0.43871273131130384,-0.6079551514354622,-0.07712249750912259,-0.38830662642043506,0.6138717191108422,-0.3575494242080896,0.8191704612859307,0.08855226551745433,9,-0.07157697466956818,0,-0.07157697466956818,COVIVIO SA,Inmobiliario,Francia
TEG.DE,28.0,0.02657,126.632,0.011,-0.11555468302696248,-0.0341174993276957,-0.0583149922381887,39.93397927221086,-0.056406715350631464,0.19482760206105454,-0.6183860527688467,-0.01296542473215154,-0.23745541436275241,-1.191783239763744,-0.4058708306260524,-0.5174679328543428,-0.9150935070619003,-0.7812911918024475,-0.19482760206105454,0.01296542473215154,9,-0.5388011496187767,0,-0.5388011496187767,TAG IMMOBILIEN AG,Inmobiliario,Alemania
ACX.MC,,-0.025559999,100.14,-0.108,0.2680118841025336,0.25290528799143286,0.7001822354423779,69.91663616832246,0.26541682218457985,,-0.8673654938474713,-0.06383929953422064,-0.6366157596440462,1.7632723993331303,0.6960117611708322,1.0424259571884587,1.2525728076232514,1.4383395385140323,,0.06383929953422064,8,0.5940600637340511,1,0.544060063734051,ACERINOX SA,Materials,España
QLT.L,22.666666,0.08307,18.486,2.295,0.0038398076605816733,-0.054533609337383826,0.08967021476967041,43.17360561307044,-0.012186157225634875,-0.07427308736552517,-0.34853493650578515,-0.2206434431658132,3.0,-0.2719497787201704,-0.48424842712982036,-0.21312770351141494,-0.6808771427289996,-0.4763001073164366,0.07427308736552517,0.2206434431658132,9,0.0910976038465235,0,0.0910976038465235,QUILTER PLC,Financieros,Reino Unido
FR.PA,16.092592,0.0594,161.189,-0.013,0.20514222210779542,0.09727760404365471,0.3788897386612142,55.15463790828596,0.12212159261454758,-0.40597701697903754,-0.4615858377791775,0.05339606143480834,-0.317958341142173,1.278914884558014,0.09855593773107517,0.38166915498086845,0.18531961266467395,0.4500261991685578,0.40597701697903754,-0.05339606143480834,9,0.21861361841400756,0,0.21861361841400756,VALEO,Consumo discrecional,Francia
MOBN.SW,13.292822,0.09588,92.399,0.347,-0.08616187989556134,-0.06541766674179972,0.11708347395739738,57.74647887323944,-0.02427756145346438,-0.5472432563024805,-0.2873527630663193,-0.07870471795649216,0.8895855605491357,-0.9653365781260335,-0.5260324035661909,-0.15675073342827092,0.3727028179695825,-0.5596950404599844,0.5472432563024805,0.07870471795649216,9,-0.06743679620767867,0,-0.06743679620767867,MOBIMO HOLDING AG,Inmobiliario,Suiza
VZN.SW,27.080536,0.21068001,60.892,0.071,0.04398439537198784,0.016283190466134245,-0.07193983912176771,64.91226191591599,0.07541425816568936,0.14843478355335918,0.260946543933869,-0.13920914092904202,-0.03619809741420094,0.037330279715577744,-0.2123822117707544,-0.545488226971244,0.8907698649885706,0.1278837118046179,-0.14843478355335918,0.13920914092904202,9,0.057070691295790975,0,0.057070691295790975,VZ HOLDING AG,Financieros,Suiza
CMBN.SW,14.7545,0.13653,,-0.044,-0.08689254369645383,-0.044847573524680606,-0.08338398864079932,23.936166327266918,-0.019905335390158818,-0.4734922859864147,-0.09320324313546165,,-0.4219412882322579,-0.9709657240687306,-0.44706366439642753,-0.5690237894756223,-2.0716928154402843,-0.5295396099270581,0.4734922859864147,,8,-0.5787422310861785,1,-0.6287422310861785,CEMBRA MONEY BANK AG,Financieros,Suiza
ROR.L,34.657143,0.19765,7.649,0.043,-0.03775881281043203,-0.0886656069463112,-0.022037082108953943,51.87072926679546,-0.0514060523219485,0.5307228921200173,0.19871357502380071,-0.24145426081755797,-0.1301181786568583,-0.5924319284587803,-0.615281417018228,-0.4428602898875219,-0.05209824417594596,-0.7468014045872792,-0.5307228921200173,0.24145426081755797,9,-0.2966829465625858,0,-0.2966829465625858,ROTORK PLC,Industriales,Reino Unido
GBF.DE,17.674896,0.13651,26.655,0.036,-0.12958663369340917,-0.26999900086770845,-0.03957633856064635,61.61616940047156,-0.12466123016589947,-0.32613969621824607,-0.09329876565449291,-0.20495611554773593,-0.1535981989675226,-1.2998875389854574,-1.3114216501324596,-0.47893079611541134,0.6524711464803608,-1.2520455055705462,0.32613969621824607,0.20495611554773593,9,-0.3784017219088386,0,-0.3784017219088386,BILFINGER,Industriales,Alemania
HIK.L,11.240875,0.16521,61.55,0.085,0.016606498194945862,-0.09370220742378799,-0.29707245360578716,45.204876658067874,-0.06805421869320183,-0.6507770594295303,0.043776049155239305,-0.13794555155792013,0.010761943207127773,-0.1735932375374745,-0.6346169632994263,-1.008486609782579,-0.5340216510528342,-0.8616245215167306,0.6507770594295303,0.13794555155792013,9,-0.26323137553769194,0,-0.26323137553769194,HIKMA PHARMACEUTICALS PLC,Cuidado de la Salud,Reino Unido
ARCAD.AS,14.755365,0.18383,109.584,-0.025,0.12401916585969142,-0.06172972789518616,-0.1683312939595779,67.6471138221264,-0.007741283953857536,-0.4734486412238039,0.13270751437326067,-0.04570352746602116,-0.3582098045318833,0.6539304219632862,-0.5118743792063454,-0.743722888834978,1.0884923808178335,-0.44564362587334183,0.4734486412238039,0.04570352746602116,9,0.037203531933073006,0,0.037203531933073006,ARCADIS NV,Industriales,Holanda
HUH1V.HE,15.272727,0.09283,73.648,-0.055,-0.030846854137609014,-0.059409994032570634,-0.09741280978105982,61.421324465929835,-0.04548471525857345,-0.4473444311962463,-0.3019199472185731,-0.11471317433628975,-0.45883846300615905,-0.5391811391468057,-0.502968903844294,-0.5978748802674948,0.6383843761632207,-0.7059616890988146,0.4473444311962463,0.11471317433628975,9,-0.21181144898737608,0,-0.21181144898737608,HUHTAMAKI,Materials,Finlandia
IVG.MI,36.710526,0.03113,122.973,0.008,-0.0014316719671706446,0.05053977962963452,0.10322767007480604,50.0,0.036562817425277894,0.6343291505986387,-0.5966069184297395,-0.019991980216855266,-0.24751828021018,-0.31256206596134345,-0.0808709139878723,-0.18524600411525605,-0.18734699246329564,-0.1400763399832403,-0.6343291505986387,0.019991980216855266,9,-0.26272940950363455,0,-0.26272940950363455,IVECO GROUP NV,Industriales,Italia
BC8.DE,16.49198,0.1157,30.219,0.076,0.08169676029015815,-0.28280405542669607,-0.1916382748408728,41.21404942838923,-0.10210180589509266,-0.3858253470951144,-0.1926899467064276,-0.1981119931789237,-0.019426654335154975,0.32787212085965817,-1.3605803487756785,-0.7916550575302437,-0.8225478408257147,-1.096452189577456,0.3858253470951144,0.1981119931789237,9,-0.374615841846331,0,-0.374615841846331,BECHTLE AG,Tecnología de la Información,Alemania
VPK.AS,8.862069,,83.05,0.013,0.1343794845257349,0.19146220902870947,0.20815103724832662,63.414618544890985,0.11580325367443023,-0.7708029821660558,,-0.09665805690880018,-0.230746837131134,0.7337479053431564,0.46013132907067944,0.030535034237622216,0.7824942342454044,0.4064483447224538,0.7708029821660558,0.09665805690880018,8,0.3812588811953798,1,0.33125888119537983,KONINKLIJKE VOPAK NV,Energía,Holanda
SWEC B.ST,,,,,0.094703014180326,-0.06805230019043229,-0.09459323133967357,51.05824790131112,-0.02984769172513768,,,,,0.42807429486376103,-0.5361467807552962,-0.5920762523718276,-0.11083848502158632,-0.5981124676549092,,,5,-0.2818199381879717,4,-0.4818199381879717,SWECO CLASS B,Industriales,Suecia
ROCK B.CO,,,,,0.04976427608034073,-0.039743832524553824,-0.29032494776355366,45.306116220902446,-0.01992850730323914,,,,,0.08185936682644449,-0.4274703651549045,-0.9946099695626616,-0.5267023000416697,-0.529699427604619,,,5,-0.479324539107482,4,-0.679324539107482,ROCKWOOL CLASS B,Industriales,Dinamarca
SUN.SW,16.375292,0.23201,91.535,-0.011,-0.08706948946013238,-0.11194371874185027,-0.029694108061325664,72.45511444104345,-0.0466309360656707,-0.39171300034312184,0.36282126271935466,-0.08036389913681029,-0.3112497639105546,-0.9723289413602838,-0.7046462594301559,-0.4586074113839685,1.4360980322690722,-0.7138672231273282,0.39171300034312184,0.08036389913681029,9,-0.0988559338604369,0,-0.0988559338604369,SULZER AG LTD,Industriales,Suiza
TBCG.L,6.5956283,0.23967,,0.151,-0.021355237910614333,0.1782447739727322,-0.013952293682550132,52.010825918199096,0.100731575862399,-0.8851593594179699,0.39940638750829366,,0.23214499185053436,-0.46605627254117504,0.40938949866613367,-0.42623344985647665,-0.04196962905354034,0.3024983369472974,0.8851593594179699,,8,0.16179240286737961,1,0.11179240286737961,TBC BANK GROUP PLC,Financieros,Reino Unido
BWY.L,14.416667,0.044510003,5.393,0.063,-0.015345231967920814,-0.2838541766020032,-0.25142170374667794,49.726052205261446,-0.1786081489835072,-0.49053811383275797,-0.5327023388695075,-0.24578656723283307,-0.06303240634067445,-0.41975426534364396,-1.364611771692151,-0.914603173980377,-0.20715268909300485,-1.6241197165823782,0.49053811383275797,0.24578656723283307,9,-0.4877390756484606,0,-0.4877390756484606,BELLWAY PLC,Consumo discrecional,Reino Unido
ALLFG.AS,,0.00119,22.569,-0.049,0.00860914715461436,0.06593031895243118,0.23462801969362812,62.04375192300463,0.0969841756496932,,-0.7396041294194045,-0.21280265987965705,-0.43871273131130384,-0.23520605605403264,-0.02178652031811278,0.08498649646576095,0.6833842251329477,0.2766523570832352,,0.21280265987965705,8,-0.022185462317656585,1,-0.07218546231765659,ALLFUNDS GROUP PLC,Financieros,Holanda
NOD.OL,129.29688,0.041739997,24.484,0.241,-0.10249454729968255,0.25569041098586487,0.14137931034482754,24.406052498799568,0.04696475072812034,5.305900759069693,-0.5459322364120804,-0.20912519233300286,0.5340309672733615,-1.0911659518257169,0.7067038688332308,-0.106784925576706,-2.0377212955280584,-0.06833376021259394,-3,0.20912519233300286,9,-0.6000086823461734,0,-0.6000086823461734,NORDIC SEMICONDUCTOR,Tecnología de la Información,Noruega
SFSN.SW,24.96454,0.13858,23.141,0.018,0.14812783922299078,0.3187670362156583,0.2788754838850058,63.793143137514114,0.21241475119783138,0.04166930019456621,-0.0834121849347665,-0.21170422048713167,-0.21397539405208804,0.8396673377391343,0.9488554970686852,0.175983993256989,0.8098605551005615,1.0727819834836436,-0.04166930019456621,0.21170422048713167,9,0.41331074532830275,0,0.41331074532830275,SFS GROUP AG,Industriales,Suiza
SBNOR.OL,11.894354,0.18759,,0.604,-0.061332071101717345,0.10152680505882894,0.30285600279761127,83.82182080653428,0.07239401600857698,-0.617804879283717,0.15066574795112112,,1.7516377348120977,-0.7740439244334758,0.11486865168455052,0.22530133228829616,2.2578806575636032,0.10705297221276781,0.617804879283717,,8,0.5563960064203347,1,0.5063960064203347,SPAREBANKEN NORGE,Financieros,Noruega
ACP.WA,19.646936,0.11745,27.245,0.088,0.05022810513418241,-0.06485218758809863,-0.034628733663137456,75.18939098379275,0.02169550315564428,-0.22663771048534576,-0.18433172629120004,-0.20382310988062055,0.020824809054555308,0.08543277696849444,-0.5238615249355877,-0.46875575740950826,1.633778950851044,-0.24261684364836109,0.22663771048534576,0.20382310988062055,9,0.08343683388393368,0,0.08343683388393368,ASSECO POLAND SA,Tecnología de la Información,Polonia
DLG.MI,18.457943,0.15314999,23.006,0.03,0.2113688904310438,0.07541218971528085,0.4393240602671691,54.51389118844995,0.1421832037337567,-0.28662998474069473,-0.013824077581817,-0.21196346754655634,-0.17372393066237776,1.3268860919526064,0.014614451287097485,0.5059558703196778,0.13899532974184697,0.5883919908098336,0.28662998474069473,0.21196346754655634,9,0.3206543531282354,0,0.3206543531282354,DELONGHI,Consumo discrecional,Italia
ZEAL.CO,3.318787,0.56161,2.861,3.25,0.009144309867223699,-0.22788608052278558,-0.14899478158668034,50.59142000645057,-0.19651354441110624,-1.0504968861829334,1.937032376353074,-0.2506488898584876,3.0,-0.23108308046842405,-1.1497498391545902,-0.7039562207385682,-0.14458889966798918,-1.7476139961927335,1.0504968861829334,0.2506488898584876,9,0.2512429017969099,0,0.2512429017969099,ZEALAND PHARMA,Cuidado de la Salud,Dinamarca
JD..L,,,,,-0.011004364175369874,0.062107135285613735,-0.0347024560301612,29.20448549724202,0.03963509897904616,,,,,-0.38631155435621595,-0.03646375053755315,-0.4689073717670603,-1.6908073575792733,-0.11888668244247577,,,5,-0.5402753433365157,4,-0.7402753433365157,JD SPORTS FASHION PLC,Consumo discrecional,Reino Unido
TOM.OL,33.311687,0.14795,115.661,0.246,-0.15760004229543423,-0.18136676210700864,-0.25387433118823843,56.69565129703721,-0.11315553168271575,0.46283606238215963,-0.03865988476866235,-0.03403356909473271,0.5508024103524075,-1.5157071336890573,-0.9711618335701823,-0.9196471456931553,0.29673078028898486,-1.172690210048583,-0.46283606238215963,0.03403356909473271,9,-0.46657061226840835,0,-0.46657061226840835,TOMRA SYSTEMS,Industriales,Noruega
LATO B.ST,,,,,0.048553685951116865,-0.09547831897413905,-0.16444267918061195,50.85042298672123,-0.04515352354670721,,,,,0.07253279487109927,-0.6414354686059239,-0.73572572521582,-0.125863673358623,-0.7036774456686585,,,5,-0.42683390359558526,4,-0.6268339035955852,LATOUR INVESTMENT CLASS B,Industriales,Suecia
VIS.MC,15.74648,0.17038,37.748,-0.008,-0.022321638257171372,0.028217902752212698,0.005822491036117539,31.88408200814247,0.01785516694584155,-0.4234405731371203,0.06846862032479738,-0.1836536886573784,-0.301186898063127,-0.47350156897326584,-0.16656476351528682,-0.3855654490598381,-1.497079659805429,-0.2691038070672273,0.4234405731371203,0.1836536886573784,9,-0.26860436270720867,0,-0.26860436270720867,VISCOFAN SA,Productos básicos de consumo,España
FPE3.DE,16.338842,0.15708,6.418,0.011,0.08451964956530489,0.07367437106164165,-0.049402890133545374,61.02940609299015,0.06299989839778575,-0.3935521351375299,0.004946145169067789,-0.2438182099297936,-0.23745541436275241,0.34962009262241134,0.007942952692751146,-0.4991396738797096,0.6100497206298165,0.04226134046073027,0.3935521351375299,0.2438182099297936,9,0.1017328342666265,0,0.1017328342666265,FUCHS PREF,Materials,Alemania
SHC.L,7.7722216,0.094,26.562,0.073,-0.01997039207978546,-0.06676031104693814,-0.15420105958634212,32.80202601882253,-0.04945976114947548,-0.8257927290504185,-0.2963318798552495,-0.20513470796645075,-0.029489520182582555,-0.45538720794491405,-0.5311868249298239,-0.7146632358009316,-1.4307147503308384,-0.733377750961285,0.8257927290504185,0.20513470796645075,9,-0.351135970332084,0,-0.351135970332084,SHAFTESBURY CAPITAL PLC,Inmobiliario,Reino Unido
BPT.L,102.86667,0.034,53.426,0.454,-0.01908396946564883,-0.08979056714507905,-0.20849445562010105,40.34774331949756,-0.04636036108031405,3.97232822588702,-0.5828994369487663,-0.15354646348952244,1.2484944424407192,-0.44855807222505584,-0.6196001474962665,-0.8263207787054941,-0.8851794674009426,-0.7120010558576739,-3,0.15354646348952244,9,-0.6302797836337731,0,-0.6302797836337731,BRIDGEPOINT GROUP PLC,Financieros,Reino Unido
SESG.PA,,,255.711,0.664,0.07869335151662882,0.1745791398420451,0.2502967809788381,31.563428882648594,0.12000574582794443,,,0.2349112507010463,1.9528950517606494,0.30473339920529013,0.39531710227479866,0.11721022003569284,-1.5202620275735679,0.43543311320550304,,-0.2349112507010463,7,0.20720222974390287,2,0.10720222974390287,SES SA FDR,Comunicación,Francia
PHP.L,13.435715,0.060560003,129.561,0.89,0.006399982809223825,-0.0950628270523115,-0.008886071908926763,52.338372506664605,-0.02388060723557539,-0.5400333938010446,-0.45604551734699167,-0.007340723716929569,2.7109642789335266,-0.2522257968656297,-0.6398403920617576,-0.41581446861056887,-0.018288882254920084,-0.5569572302074987,0.5400333938010446,0.007340723716929569,9,0.10212956767823714,0,0.10212956767823714,PRIMARY HEALTH PROPERTIES REIT PLC,Inmobiliario,Reino Unido
TGS.OL,,-0.001,40.893,-0.422,0.005559024119718092,0.46734445241514133,0.9471542213011033,64.85623345847489,0.24543139168524997,,-0.7500638452533178,-0.17761419234707687,-1.689862385008132,-0.25870467153989823,1.519245290762463,1.55033828394914,0.8867191565980611,1.3004991678728288,,0.17761419234707687,8,0.3419731487160277,1,0.2919731487160277,TGS NOPEC GEOPHYSICAL,Energía,Noruega
FRA.DE,14.184549,0.08672,220.739,0.018,-0.06656811459420375,-0.12445059997938424,0.02314380931236637,29.936292113537064,-0.09155096705645704,-0.5022499462115887,-0.3311020767825962,0.16775281986992893,-0.21397539405208804,-0.8143832062557225,-0.7526602684990147,-0.3499431454302904,-1.6378996864378201,-1.0236826019450103,0.5022499462115887,-0.16775281986992893,9,-0.5321276947845425,0,-0.5321276947845425,FRAPORT FRANKFURT AIRPORT SERVICES,Industriales,Alemania
HOLM B.ST,,,,,0.027540963595030776,-0.08023720487876396,-0.14008313053389587,49.18207251799141,-0.054776547387649255,,,,,-0.08935243969410632,-0.5829247194833761,-0.6856288893784511,-0.24648097304242195,-0.7700478534999567,,,5,-0.4748869750196625,4,-0.6748869750196624,HOLMEN CLASS B,Materials,Suecia
DKSH.SW,20.512821,0.12630999,43.009,-0.009,0.06844738513653881,0.2015651299789254,0.12280701754385959,54.76190404106306,0.1111153253962387,-0.18294829398449777,-0.1420152981216502,-0.17355073473416815,-0.3045411866789362,0.22579690336815422,0.49891651691350225,-0.14497993144759966,0.15692599906448895,0.37411550248385567,0.18294829398449777,0.17355073473416815,9,0.1134130593667201,0,0.1134130593667201,DKSH HOLDING AG,Industriales,Suiza
TPE.WA,5.0850835,0.15546,58.945,-0.013,-0.051305948050291206,-0.02814309469213827,0.05550218491526948,57.78896519334625,-0.03430572049976088,-0.9613759712202188,-0.0027911788724572137,-0.1429480596305228,-0.317958341142173,-0.6968011353053156,-0.38293504728369404,-0.28339625435063587,0.3757744658642161,-0.6288596831649188,0.9613759712202188,0.1429480596305228,9,-0.092515904822693,0,-0.092515904822693,TAURON POLSKA ENERGIA SA,Servicios,Polonia
REY.MI,13.387553,0.1901,11.702,0.062,0.04435446362616613,-0.15736455001061622,-0.31002028454874886,41.91177955547576,-0.07110322634643085,-0.5424634736355652,0.16265382408953316,-0.23367108798905178,-0.06638669495648364,0.04018134228222499,-0.8790171647769501,-1.035114581039633,-0.7721038091821212,-0.8826536579680594,0.5424634736355652,0.23367108798905178,9,-0.2951451311029858,0,-0.2951451311029858,REPLY,Tecnología de la Información,Italia
DLN.L,14.069444,0.045029998,42.254,0.916,-0.01882487164860236,-0.09966552089500791,-0.11663182782124748,26.552893826798467,-0.03231869969759227,-0.5080577270211998,-0.5302187772553267,-0.1750005979183582,2.7981757829445657,-0.44656194291933776,-0.6575101675803088,-0.6373999144000345,-1.8825103799043441,-0.615155115537422,0.5080577270211998,0.1750005979183582,9,-0.14312468774584997,0,-0.14312468774584997,DERWENT LONDON REIT PLC,Inmobiliario,Reino Unido
SDF.DE,,-0.24172,15.411,0.1,-0.10309661135338699,0.039248151674994514,-0.06267948996233874,68.94976532650061,0.029627151581430367,,-1.899772884312507,-0.2265485150749315,0.06107627244426564,-1.0958043456000006,-0.12421955676455572,-0.5264437775701188,1.182670618443336,-0.18791192454027722,,0.2265485150749315,8,-0.2954821353531158,1,-0.3454821353531158,K+S N AG,Materials,Alemania
PUIG.MC,16.038095,0.16568,44.941,0.047,-0.06087399568464169,0.02917916031711587,0.060117694663876176,59.685857600362695,0.08262765807535333,-0.4087267379362625,0.04602082835247184,-0.16984062126151234,-0.11670102419362151,-0.7705148411911815,-0.16287448865281676,-0.2739041887325442,0.5129147395737432,0.17763484011604683,0.4087267379362625,0.16984062126151234,9,-0.0009840861700141307,0,-0.0009840861700141307,PUIG BRANDS SA CLASS B,Productos básicos de consumo,España
KMAR.OL,17.161716,,22.809,0.05,,,,50.0,,-0.35203289769408325,,-0.2123417762184576,-0.10663815834619393,,,,-0.18734699246329564,,0.35203289769408325,0.2123417762184576,4,0.0675973807757628,5,-0.1824026192242372,KONGSBERG MARITIME,Industriales,Noruega
LIGHT.AS,10.503226,0.06768,57.153,-0.12,-0.09046270905301623,-0.174505283009744,-0.12700662512433292,47.41382003535166,-0.1351836823609065,-0.6879961524874239,-0.4220395149002722,-0.14638932430081222,-0.6768672230337565,-0.9984708253302185,-0.9448205648441983,-0.6587362915585955,-0.3743209225091305,-1.3246193093053593,0.6879961524874239,0.14638932430081222,9,-0.5072765749659216,0,-0.5072765749659216,SIGNIFY NV,Industriales,Holanda
KTY.WA,22.10157,0.28051,60.972,0.015,0.18230563002680955,0.3034482758620689,0.5750188829778538,75.32467532467533,0.26291975018435476,-0.10278578189997635,0.5944633713699473,-0.1390555130419755,-0.22403825989951562,1.1029782780083373,0.8900466633897034,0.7850202058665713,1.6435596487275415,1.4211171259149973,0.10278578189997635,0.1390555130419755,9,0.7172209253688372,0,0.7172209253688372,GRUPA KETY SA,Materials,Polonia
THULE.ST,19.777983,0.1585,59.006,0.005,-0.11827199750299933,-0.012656637453747899,-0.213804832826601,59.795924595424104,-0.044566999631608595,-0.22002555417799943,0.011728244020281041,-0.14283091836663458,-0.2575811460576075,-1.212717847088113,-0.3234824240304184,-0.8372418798723008,0.5208722904465671,-0.6996321650903976,0.22002555417799943,0.14283091836663458,9,-0.27057760612526166,0,-0.27057760612526166,THULE GROUP,Consumo discrecional,Suecia
SOP.PA,9.861569,0.14723,55.215,-0.008,0.28311364049955423,0.03940812957793671,-0.18187102646702158,55.98886066178923,0.12031597818993345,-0.720371837392099,-0.04209869545378454,-0.150110959864998,-0.301186898063127,1.8796186459188413,-0.12360540041839709,-0.7715681402616186,0.24563169801383622,0.4375727991013308,0.720371837392099,0.150110959864998,9,0.24387186734379757,0,0.24387186734379757,SOPRA STERIA GROUP,Tecnología de la Información,Francia
CSG.AS,42.028572,0.41759998,145.256,0.127,-0.31084560733887356,,,60.793101843699034,,0.902658462995399,1.2492223825465987,0.022799147376927974,0.15164206507111377,-2.6963344613969897,,,0.5929655521726928,,-0.902658462995399,-0.022799147376927974,6,-0.27132701199648523,3,-0.42132701199648526,CSG CLASS A NV,Industriales,Holanda
HIAB.HE,25.600962,0.13576001,27.145,-0.07,0.17445963433594347,0.1311890404911209,0.01913183628350401,48.132776799041416,0.09363244972265017,0.07378084598679348,-0.09688081235690238,-0.20401514473945367,-0.5091527922432969,1.0425315243088784,0.22874219169823226,-0.3581940025018136,-0.32234226151970213,0.25353535972424246,-0.07378084598679348,0.20401514473945367,9,0.04094150065136649,0,0.04094150065136649,HIAB CORPORATION CLASS B,Industriales,Finlandia
AXFO.ST,20.758251,0.36256,224.449,0.009,-0.2746259170732348,-0.2317770661312728,-0.16531676222598446,32.93172296994345,-0.18513544168500173,-0.17056478636881758,0.9863445056953316,0.17487731313263755,-0.2441639915943708,-2.417292414623181,-1.1646873615268374,-0.7375233280970277,-1.4213380058669867,-1.6691387340755366,0.17056478636881758,-0.17487731313263755,9,-0.741345761872492,0,-0.741345761872492,AXFOOD,Productos básicos de consumo,Suecia
MTO.L,35.0,0.18802999,103.925,0.107,-0.021652474077748396,0.01717998798212772,0.21438482938640369,54.2619062522157,0.032375444869683356,0.548022212784114,0.1527671956085474,-0.056570780127387206,0.08455629275492994,-0.4683462255430917,-0.20893939951020313,0.04335519219353033,0.12077748934245561,-0.16895682795147837,-0.548022212784114,0.056570780127387206,9,-0.10402641286244853,0,-0.10402641286244853,MITIE GROUP PLC,Industriales,Reino Unido
AMV0.DE,,-0.0643,3.44,-0.083,-0.03360214984848375,-0.1666666371913358,,42.677822397865036,-0.06811929227853686,,-1.052392617986978,-0.24953700802584383,-0.5527585442488163,-0.5604083597274017,-0.914727945887913,,-0.716720949991005,-0.8620733368235529,,0.24953700802584383,7,-0.629934963805689,2,-0.729934963805689,AUMOVIO N,Consumo discrecional,Alemania
KEMIRA.HE,17.268042,0.09519,49.899,-0.001,-0.13212431802401048,-0.11832201127811437,-0.06392990184604141,58.181843402992115,-0.0969412036948839,-0.3466680733826917,-0.29064828997289477,-0.16031953296056645,-0.27770687775246267,-1.3194382481296656,-0.7291325713942409,-0.5290153227073229,0.40417851503750996,-1.0608592950419873,0.3466680733826917,0.16031953296056645,9,-0.36618160929086735,0,-0.36618160929086735,KEMIRA,Materials,Finlandia
BUCN.SW,13.931955,0.12797,1.297,-0.038,-0.04431314623338256,-0.04325219853158058,-0.17655985597553026,67.85714285714286,-0.050111747322510336,-0.5149949232831573,-0.13408688128080343,-0.2536523150506375,-0.40181555653740275,-0.6429275180169602,-0.44093900806267644,-0.7606454076578522,1.1036769211969102,-0.7378745275379556,0.5149949232831573,0.2536523150506375,9,-0.13844052661810505,0,-0.13844052661810505,BUCHER INDUSTRIES AG,Industriales,Suiza
BAKKA.OL,20.295887,0.07446,43.747,0.113,-0.0039096048343076895,-0.03298940117837579,0.12940931143189616,74.99999999999997,-0.03501772420768123,-0.19389399679629715,-0.38965738094870483,-0.17213351747597974,0.10468202444978511,-0.3316524406703172,-0.4015400535327625,-0.13140192810049653,1.62008648666099,-0.6337704032517811,0.19389399679629715,0.17213351747597974,9,0.02253042431988777,0,0.02253042431988777,BAKKAFROST,Productos básicos de consumo,Noruega
WIHL.ST,10.6821375,0.09268,148.751,0.068,-0.08533579524436852,-0.1185312901390333,-0.19453548304723922,53.64237942144931,-0.11076860845535752,-0.6789689271165126,-0.3026363661113069,0.02951076569314539,-0.04626096326162848,-0.9589722953233183,-0.7299359944807197,-0.7976133355757846,0.07598734793673803,-1.1562274982565008,0.6789689271165126,-0.02951076569314539,9,-0.36291121596101705,0,-0.36291121596101705,WIHLBORGS FASTIGHETER,Inmobiliario,Suecia
PAF.L,10.277778,0.43553,19.807,1.573,-0.04052760737096561,0.007827837772851343,1.5217955386947355,58.742197831896,0.14323785350646512,-0.6993714408586085,1.3348584163805635,-0.21810666268062773,3.0,-0.6137631462467039,-0.2448423729560486,2.7321217463746272,0.4446906492365681,0.595665955489837,0.6993714408586085,0.21810666268062773,9,0.9073565946464532,0,0.9073565946464532,PAN AFRICAN RESOURCES PLC,Materials,Reino Unido
HOC.L,14.859999,0.31628,39.748,0.191,-0.038132324109507176,-0.11965811371283985,1.2103500689593445,56.70195254262139,0.14065560304640323,-0.4681691890954615,0.7653053966571991,-0.17981299148071608,0.366316536482902,-0.5953095167711782,-0.7342618784692382,2.0916159309382842,0.2971863435781463,0.5778560634029349,0.4681691890954615,0.17981299148071608,9,0.37963233959946974,0,0.37963233959946974,HOCHSCHILD MINING PLC,Materials,Reino Unido
